Folio,GÃ©nero,Edad,Escuela,Grit1,Grit2,Grit3,Grit4,Grit5,Grit6,Grit7,Grit8,ThetaPE,ThetaCI
1,0,3,1,2,2,1,1,2,2,0,3,.25828463,-.56466365
2,0,2,1,1,2,1,1,3,2,1,3,.70286113,-.39136755
3,1,1,1,0,3,0,0,3,2,0,3,1.0983543,-1.9067848
4,1,3,1,0,2,0,0,3,3,0,3,1.0915484,-1.9067848
5,1,2,1,0,0,1,1,2,2,2,0,-.96105784,-.19130896
6,1,2,1,0,3,0,0,3,3,1,3,1.5962187,-1.3417779
7,0,2,1,2,1,1,2,1,1,1,1,-1.2106394,.11516648
8,0,2,1,2,2,1,0,2,2,2,3,.25828463,-.20130731
9,1,1,1,1,3,1,1,1,3,1,3,.65881711,-.39136755
10,0,2,1,1,1,2,2,1,1,2,2,-.9690001,.61830294
11,0,2,1,1,3,1,1,2,3,1,3,.9500668,-.39136755
12,1,2,1,1,2,0,1,2,3,1,3,.57535625,-.70078504
13,0,1,1,1,2,1,1,2,2,2,2,-.064017087,-.060038511
14,0,1,1,2,1,1,2,1,2,2,1,-.99113524,.47236976
15,1,2,1,2,2,1,2,2,1,1,2,-.31552058,.11516648
17,1,2,1,0,2,1,1,2,1,2,1,-.59841353,-.19130896
18,0,1,1,1,3,1,1,2,2,1,2,.22404699,-.39136755
19,1,2,1,2,2,1,1,2,2,1,2,-.064017087,-.23124489
20,0,2,1,1,3,1,0,2,1,0,3,.35560319,-1.1605165
21,0,2,1,2,3,1,1,3,3,0,3,1.5962187,-.56466365
22,0,1,1,1,2,1,1,2,3,1,2,.20908262,-.39136755
23,0,2,1,1,2,1,2,1,0,1,2,-.85682172,-.060567442
24,0,2,1,2,2,0,0,2,2,0,3,.25828463,-1.4586514
25,0,1,1,1,2,0,0,2,3,1,3,.57535625,-1.1218179
26,0,1,1,2,3,1,0,3,3,0,0,.86303353,-.99534655
27,0,2,1,0,2,1,1,2,2,1,2,-.064017087,-.53172952
28,0,3,1,2,1,2,2,1,2,2,1,-.99113524,.77397722
29,1,2,1,2,2,1,1,1,3,1,3,.21396805,-.23124489
30,0,1,1,0,3,0,0,2,3,0,3,.9500668,-1.9067848
31,1,1,1,3,2,1,2,1,2,2,2,-.43684897,.63483679
32,1,3,1,0,0,2,3,0,0,3,0,-2.4811723,1.2270675
33,0,2,1,2,3,1,0,2,3,1,2,.53782457,-.57591611
34,1,2,1,2,3,2,2,2,3,1,3,.9500668,.44643846
35,0,2,1,1,2,1,1,2,2,1,2,-.064017087,-.39136755
36,0,3,1,1,2,0,0,3,3,0,3,1.0915484,-1.6141624
37,0,1,1,0,2,1,1,2,3,1,3,.57535625,-.53172952
38,0,1,1,2,2,0,2,1,2,1,1,-.71693271,-.16074239
39,0,1,1,1,2,1,1,2,2,1,2,-.064017087,-.39136755
40,0,2,1,0,2,0,0,2,1,0,3,.0061774338,-1.9067848
41,0,1,1,2,2,2,1,1,2,1,2,-.43684897,.091056138
42,1,2,1,2,3,1,1,2,3,0,2,.53782457,-.56466365
43,0,3,1,2,2,2,1,1,2,1,2,-.43684897,.091056138
44,0,2,1,2,3,0,0,3,3,0,3,1.5962187,-1.4586514
45,0,2,1,0,3,0,0,3,3,2,3,1.5962187,-1.0559957
46,0,1,1,2,2,2,2,2,2,2,2,-.064017087,.77397722
47,0,1,1,1,2,1,1,2,2,1,2,-.064017087,-.39136755
48,1,2,1,2,2,1,1,2,3,0,3,.57535625,-.56466365
49,1,1,1,2,2,1,1,2,2,1,2,-.064017087,-.23124489
50,0,2,1,0,3,2,0,2,2,1,3,.58610678,-.59495485
51,0,2,1,1,3,0,1,3,2,0,3,1.0983543,-1.1110746
52,1,2,1,1,2,0,1,3,2,1,2,.3194226,-.70078504
53,0,1,1,2,2,2,2,2,3,3,3,.57535625,1.0766572
54,0,1,1,1,2,0,0,3,3,0,3,1.0915484,-1.6141624
55,0,1,1,3,2,0,1,2,2,1,2,-.064017087,-.4183504
56,0,2,1,1,2,0,1,3,2,1,2,.3194226,-.70078504
57,0,2,1,2,3,1,1,1,0,1,2,-.61180043,-.23124489
58,0,2,1,2,2,1,2,1,2,1,1,-.71693271,.11516648
59,1,3,1,2,1,2,2,1,2,2,1,-.99113524,.77397722
60,0,2,1,1,2,1,1,1,1,2,1,-.96225196,-.060038511
61,1,2,1,2,1,1,1,2,2,1,3,-.016713744,-.23124489
62,0,2,1,1,2,0,0,2,3,1,2,.20908262,-1.1218179
63,1,2,1,2,2,1,0,3,3,0,3,1.0915484,-.99534655
64,0,2,1,1,2,2,1,1,1,1,2,-.69655955,-.079788059
65,1,2,1,1,1,1,2,2,3,1,2,-.073147371,-.060567442
66,0,3,1,3,2,0,1,1,1,0,2,-.69655955,-.84651077
67,1,2,1,1,1,2,2,1,1,1,2,-.9690001,.27485308
68,0,1,1,2,3,1,0,3,2,0,3,1.0983543,-.99534655
69,0,1,1,1,2,1,1,3,3,1,3,1.0915484,-.39136755
70,0,3,1,0,3,1,0,2,3,1,2,.53782457,-.92272121
71,1,2,1,2,2,2,1,3,1,0,3,.4775022,-.20861302
72,0,1,1,1,3,1,0,3,3,0,3,1.5962187,-1.1605165
73,1,1,1,2,3,1,1,2,0,2,3,.29041275,.11393275
74,0,1,1,2,2,1,2,1,3,1,2,-.18341932,.11516648
75,0,2,1,0,3,1,0,3,3,0,3,1.5962187,-1.3841718
76,0,2,1,2,2,1,1,1,2,2,2,-.43684897,.11393275
77,1,2,1,2,2,2,1,2,2,1,3,.25828463,.091056138
78,0,2,1,1,2,1,1,2,2,1,2,-.064017087,-.39136755
79,0,2,1,1,2,1,1,2,1,1,2,-.31552058,-.39136755
80,1,2,1,2,3,1,2,2,2,2,3,.58610678,.47236976
81,0,2,1,1,2,1,1,1,2,2,3,-.12513666,-.060038511
82,1,2,1,2,2,1,1,2,1,2,2,-.31552058,.11393275
83,0,2,1,3,2,3,1,1,2,3,3,-.12513666,1.3423948
84,0,2,1,0,3,0,0,3,3,2,3,1.5962187,-1.0559957
85,1,3,1,1,1,0,1,2,0,0,3,-.45458588,-1.1110746
86,0,2,1,1,3,0,0,3,3,0,3,1.5962187,-1.6141624
87,1,1,1,2,2,2,2,1,3,2,1,-.50224477,.77397722
88,0,1,1,1,3,1,2,2,3,2,1,.30845836,.30004558
89,0,2,1,2,1,0,0,1,3,1,2,-.51082033,-.95542222
90,1,2,1,1,2,1,1,2,3,1,2,.20908262,-.39136755
91,0,1,1,2,2,1,0,2,3,0,3,.57535625,-.99534655
92,1,2,1,2,2,1,2,2,3,2,2,.20908262,.47236976
93,0,1,1,2,2,1,1,1,2,1,3,-.12513666,-.23124489
94,0,2,1,2,2,1,2,1,1,1,1,-.96225196,.11516648
95,0,2,1,1,3,0,0,2,2,1,3,.58610678,-1.1218179
96,1,2,1,0,2,0,1,2,3,0,2,.20908262,-1.3306642
98,0,2,1,2,2,2,1,2,2,2,2,-.064017087,.44280446
99,0,1,1,3,2,3,3,1,1,3,2,-.69655955,2.1848817
100,0,2,1,0,3,1,1,3,3,1,3,1.5962187,-.53172952
101,0,2,1,1,2,1,1,2,2,1,2,-.064017087,-.39136755
102,1,2,1,1,2,1,1,2,2,1,3,.25828463,-.39136755
103,0,2,1,2,2,1,1,2,2,1,2,-.064017087,-.23124489
104,0,1,1,3,3,2,2,1,1,1,2,-.45704064,.60748893
105,0,1,1,1,2,3,3,0,2,3,2,-.64542234,1.7275686
106,0,2,1,3,3,1,2,3,3,1,3,1.5962187,.26213661
107,0,2,1,3,3,3,0,3,3,2,3,1.5962187,.70053995
108,0,2,1,0,3,0,0,3,3,1,3,1.5962187,-1.3417779
109,0,2,1,2,2,0,0,3,1,1,3,.4775022,-.95542222
110,0,2,1,1,2,3,0,3,3,2,3,1.0915484,.21750815
112,0,2,1,2,3,2,3,2,3,2,2,.53782457,1.0795684
113,1,1,1,1,3,0,1,2,3,0,3,.9500668,-1.1110746
114,1,2,1,2,1,2,2,1,1,2,1,-1.2106394,.77397722
115,1,2,1,1,3,2,2,3,2,2,3,1.0983543,.61830294
117,0,1,1,1,2,1,1,2,2,2,2,-.064017087,-.060038511
118,0,1,1,2,2,1,2,2,2,1,2,-.064017087,.11516648
119,0,2,1,1,2,0,0,2,3,1,3,.57535625,-1.1218179
120,1,1,1,0,3,0,0,3,3,0,3,1.5962187,-1.9067848
122,0,1,1,1,2,1,1,1,2,2,2,-.43684897,-.060038511
123,1,1,1,0,2,0,0,3,2,1,3,.70286113,-1.3417779
124,0,1,1,2,1,2,1,2,2,2,2,-.33721483,.44280446
125,0,2,1,2,2,2,2,1,2,1,1,-.71693271,.44643846
126,1,1,2,1,2,2,1,2,3,1,2,.20908262,-.079788059
127,0,0,2,0,3,3,0,3,3,0,3,1.5962187,-1.0158285
128,1,1,2,2,1,2,0,1,3,2,0,-1.0194263,.19893241
129,1,0,2,1,1,1,3,2,3,1,2,-.073147371,.12943149
130,1,0,2,3,2,2,0,1,3,2,2,-.18341932,.37953538
131,0,0,2,1,2,1,2,1,2,3,1,-.71693271,.55955189
132,1,1,2,,,,,,,,,,
133,0,1,2,,,,,,,,,,
134,1,2,2,0,1,2,2,0,1,3,1,-1.5189282,.83153886
135,1,1,2,1,3,2,1,2,3,1,3,.9500668,-.079788059
136,0,1,2,0,1,2,2,1,0,0,2,-1.1563197,-.16318105
137,0,1,2,1,2,1,1,2,1,1,2,-.31552058,-.39136755
138,1,2,2,0,1,2,1,0,1,3,1,-1.5189282,.41164044
139,1,1,2,0,3,0,0,3,3,1,3,1.5962187,-1.3417779
140,1,1,2,0,1,2,2,1,2,1,3,-.45296574,.16501163
141,0,1,2,2,3,2,3,1,2,2,3,.23318544,1.0795684
142,1,0,2,1,3,2,2,1,2,2,2,-.16052555,.61830294
143,0,0,2,2,2,1,1,1,1,1,2,-.69655955,-.23124489
144,0,0,2,2,1,3,1,0,2,1,2,-.99413818,.29057699
145,0,0,2,2,1,1,0,0,1,0,2,-1.2707134,-.99534655
146,0,1,2,1,2,1,1,2,1,1,2,-.31552058,-.39136755
147,,,2,1,2,1,3,2,2,1,2,-.064017087,.12943149
148,0,0,2,1,2,1,2,2,1,1,2,-.31552058,-.060567442
149,0,0,2,3,3,1,1,1,1,1,1,-.77136987,-.1127855
150,0,1,2,2,2,1,1,2,2,2,2,-.064017087,.11393275
151,0,1,2,0,2,1,0,0,0,0,0,-1.8288949,-1.3841718
152,1,1,2,,,,,,,,,,
153,1,1,2,0,3,0,0,3,3,0,3,1.5962187,-1.9067848
154,1,0,2,3,1,1,1,2,2,1,2,-.33721483,-.1127855
155,1,0,2,1,2,1,1,2,2,2,2,-.064017087,-.060038511
156,0,1,2,1,3,1,0,2,1,1,3,.35560319,-.74469846
157,1,0,2,3,3,3,2,,3,3,3,1.4268126,1.6562328
158,1,1,2,1,1,1,2,1,1,2,1,-1.2106394,.30004558
159,1,1,2,1,,1,2,1,1,2,1,-1.1049603,.30004558
160,0,0,2,2,3,2,0,1,1,1,2,-.45704064,-.22073169
161,1,3,2,0,3,0,0,3,3,0,3,1.5962187,-1.9067848
162,1,1,2,2,0,3,1,0,2,1,3,-.93864554,.29057699
163,0,2,2,0,1,1,1,2,2,1,0,-.77164465,-.53172952
164,1,2,2,1,2,0,1,1,2,2,1,-.71693271,-.35810053
165,1,1,2,2,2,0,1,2,1,0,3,.0061774338,-.94374251
166,1,0,2,1,2,1,1,2,1,0,3,.0061774338,-.73411167
167,1,1,2,2,2,2,2,1,1,1,1,-.96225196,.44643846
168,1,2,2,1,2,1,2,3,1,2,3,.4775022,.30004558
169,0,1,2,3,2,2,2,1,2,2,2,-.43684897,.93756354
170,1,2,2,2,2,2,2,2,2,0,2,-.064017087,.21204953
171,0,1,2,0,2,1,1,1,2,1,1,-.71693271,-.53172952
172,1,0,2,2,2,2,1,2,1,0,3,.0061774338,-.20861302
173,0,1,2,1,1,2,2,1,1,1,1,-1.2106394,.27485308
174,1,1,2,1,2,1,3,1,0,1,2,-.85682172,.12943149
175,0,1,2,2,2,2,2,2,2,2,2,-.064017087,.77397722
176,1,2,2,1,2,1,2,2,2,2,2,-.064017087,.30004558
177,1,2,2,0,1,2,3,1,2,2,1,-.99113524,.83305186
178,0,1,2,1,3,0,0,3,3,2,3,1.5962187,-.81147075
179,1,1,2,1,2,1,1,1,1,1,1,-.96225196,-.39136755
180,1,1,2,1,1,1,1,2,1,2,2,-.60401618,-.060038511
181,1,1,2,1,3,1,0,3,2,0,3,1.0983543,-1.1605165
182,1,0,2,3,2,2,1,0,1,2,3,-.67297322,.60290915
183,1,1,2,2,2,2,2,2,2,2,2,-.064017087,.77397722
184,1,1,2,2,2,1,1,2,2,1,2,-.064017087,-.23124489
185,1,1,2,1,1,0,1,2,2,0,0,-.77164465,-1.1110746
186,1,1,2,3,0,1,3,0,1,3,0,-2.0827305,1.4253426
187,1,1,2,0,2,0,0,3,2,0,3,.70286113,-1.9067848
188,1,1,2,0,2,1,1,1,0,0,2,-.85682172,-.91184765
189,1,1,2,2,1,0,1,2,2,2,2,-.33721483,-.15862329
191,0,1,2,3,2,1,2,1,1,2,2,-.69655955,.63483679
192,1,1,2,1,2,2,2,2,1,1,2,-.31552058,.27485308
193,0,0,2,1,2,2,2,2,2,1,2,-.064017087,.27485308
195,0,1,2,1,1,1,1,0,0,0,1,-1.7705168,-.73411167
196,1,1,2,1,2,1,1,2,2,1,2,-.064017087,-.39136755
197,0,1,2,1,3,0,0,2,2,0,2,.22404699,-1.6141624
198,1,1,2,0,1,0,2,2,2,0,0,-.77164465,-1.0572901
199,1,0,2,0,3,1,0,0,3,0,3,.59864229,-1.3841718
200,0,1,2,0,3,0,0,3,3,0,3,1.5962187,-1.9067848
201,1,1,2,1,2,0,1,3,3,1,2,.6538915,-.70078504
202,0,1,2,0,2,,1,3,3,0,3,1.0915484,-1.0223658
203,0,1,2,3,0,0,1,1,3,2,1,-1.0000048,-.0057832943
204,0,0,2,0,2,2,2,2,2,3,2,-.064017087,.83153886
205,0,0,2,1,2,1,1,2,2,1,2,-.064017087,-.39136755
206,1,2,2,2,2,1,1,2,2,1,2,-.064017087,-.23124489
207,0,0,2,1,2,3,0,2,1,0,0,-.73889905,-.75422382
208,0,1,2,2,2,2,2,2,2,2,2,-.064017087,.77397722
209,0,1,2,1,2,1,2,1,2,2,2,-.43684897,.30004558
210,1,2,2,0,2,1,0,3,2,0,3,.70286113,-1.3841718
211,1,1,2,1,1,0,1,1,0,1,0,-1.6527984,-.70078504
212,0,0,2,3,2,2,2,2,2,2,2,-.064017087,.93756354
213,1,0,2,2,2,0,0,3,3,0,3,1.0915484,-1.4586514
214,1,1,2,3,2,1,2,1,2,0,3,-.12513666,-.035198513
215,0,2,2,2,1,1,2,1,1,2,1,-1.2106394,.47236976
216,0,1,2,3,3,1,1,3,3,1,3,1.5962187,-.1127855
217,0,0,2,2,2,2,1,1,1,1,2,-.69655955,.091056138
218,0,1,2,1,2,1,2,2,2,2,2,-.064017087,.30004558
219,0,2,2,1,1,1,1,1,1,1,3,-.75504327,-.39136755
220,0,1,2,2,3,1,2,1,0,1,2,-.61180043,.11516648
221,1,1,2,1,2,2,1,0,2,2,1,-.98311651,.27232775
222,0,1,2,2,1,2,1,2,2,1,2,-.33721483,.091056138
223,1,1,2,2,1,1,0,2,2,1,2,-.33721483,-.57591611
224,0,1,2,2,2,1,0,2,2,2,2,-.064017087,-.20130731
225,1,1,2,3,2,1,0,2,3,0,3,.57535625,-.90122563
226,0,0,2,1,2,2,2,2,2,2,3,.25828463,.61830294
227,0,1,2,2,2,1,0,3,3,0,3,1.0915484,-.99534655
228,0,1,2,2,2,0,0,3,3,1,2,.6538915,-.95542222
229,1,1,2,0,1,1,1,1,1,1,2,-.9690001,-.53172952
230,1,1,2,3,3,3,3,3,3,3,3,1.5962187,2.1848817
231,0,1,2,3,1,1,0,2,2,1,2,-.33721483,-.46411964
232,0,1,2,2,2,1,2,1,1,1,1,-.96225196,.11516648
233,0,1,2,3,2,3,3,2,0,3,0,-.94959563,2.1848817
234,1,1,2,3,3,3,3,3,3,3,3,1.5962187,2.1848817
235,1,2,2,3,2,3,2,3,2,1,2,.3194226,.90383095
236,0,0,2,2,1,1,1,2,1,1,1,-.88684392,-.23124489
237,0,1,2,0,2,0,0,2,0,0,2,-.43342707,-1.9067848
238,0,1,2,2,2,2,2,2,2,2,2,-.064017087,.77397722
239,1,1,2,3,2,0,3,3,0,2,3,.41775244,.8022697
240,0,1,2,2,1,1,1,2,1,3,1,-.88684392,.34032068
241,1,1,2,0,2,1,1,3,2,0,2,.3194226,-.91184765
242,0,2,2,1,0,1,1,1,0,0,0,-1.9322553,-.73411167
243,1,1,2,2,2,1,0,2,2,1,2,-.064017087,-.57591611
244,1,0,2,1,3,0,0,2,2,0,2,.22404699,-1.6141624
245,0,1,2,1,2,1,1,2,2,1,3,.25828463,-.39136755
246,0,0,2,0,1,2,1,2,1,1,2,-.60401618,-.20908786
247,1,1,2,1,1,2,1,1,0,2,1,-1.4068148,.27232775
248,1,1,2,2,1,1,2,0,0,1,3,-1.3638792,.11516648
249,1,2,2,2,2,2,1,1,2,3,3,-.12513666,.72206837
250,1,1,2,2,1,2,2,1,2,2,1,-.99113524,.77397722
251,0,1,2,2,1,1,1,1,2,1,1,-.99113524,-.23124489
252,1,1,2,2,2,2,1,2,2,2,1,-.3280234,.44280446
253,1,0,2,2,2,2,1,2,2,2,1,-.3280234,.44280446
254,1,1,2,0,1,1,1,0,1,1,2,-1.2707134,-.53172952
255,1,1,2,2,2,2,2,2,2,2,2,-.064017087,.77397722
256,1,0,2,2,2,1,2,2,2,1,2,-.064017087,.11516648
257,1,0,2,1,2,1,1,2,1,0,1,-.59841353,-.73411167
258,1,1,2,0,1,1,1,2,2,2,2,-.33721483,-.19130896
259,1,1,2,1,1,1,1,1,2,2,2,-.72197121,-.060038511
260,1,0,2,3,2,0,0,2,2,1,2,-.064017087,-.85925108
261,1,0,2,3,3,1,1,3,3,1,0,.86303353,-.1127855
262,1,0,2,2,1,2,2,3,2,2,1,-.29803103,.77397722
263,1,0,2,2,3,1,1,3,2,2,1,.44960594,.11393275
264,1,0,2,3,3,2,0,2,2,3,3,.58610678,.73628974
265,1,0,2,2,2,1,1,2,2,1,2,-.064017087,-.23124489
266,1,0,2,2,2,2,2,2,2,2,2,-.064017087,.77397722
267,1,1,2,1,2,1,1,2,2,1,2,-.064017087,-.39136755
268,1,0,2,1,1,2,0,3,2,0,3,.45190403,-.85362756
269,1,0,2,1,1,1,0,2,0,0,2,-.76226717,-1.1605165
270,1,2,2,1,2,1,1,2,2,1,3,.25828463,-.39136755
271,0,0,2,3,3,3,3,1,3,3,1,-.16723306,2.1848817
272,1,0,2,1,2,1,2,2,1,2,1,-.59841353,.30004558
273,1,0,2,2,1,2,2,1,1,1,2,-.9690001,.44643846
274,0,0,2,2,1,3,0,2,1,3,2,-.60401618,.88752729
275,1,1,2,3,2,3,2,3,2,2,3,.70286113,1.2419208
276,1,1,2,3,2,3,0,1,1,0,3,-.42610797,-.30915633
277,0,1,2,0,2,2,1,3,1,3,2,.057511143,.41164044
278,1,1,2,2,2,1,1,2,1,2,2,-.31552058,.11393275
279,0,0,2,1,1,1,1,2,1,1,2,-.60401618,-.39136755
280,0,3,2,3,3,1,2,2,1,2,1,-.33259287,.63483679
281,0,1,2,2,3,3,3,3,3,2,3,1.5962187,1.4253008
282,1,1,2,2,2,0,1,3,3,1,3,1.0915484,-.53172666
283,0,1,2,1,2,1,1,2,2,1,2,-.064017087,-.39136755
284,0,1,2,1,1,1,1,1,1,1,1,-1.2106394,-.39136755
285,1,0,2,2,0,1,3,1,3,1,2,-.64627576,.34226528
286,1,0,2,1,3,3,1,2,2,2,3,.58610678,.50003147
287,1,0,2,2,1,1,1,2,2,1,2,-.33721483,-.23124489
288,0,3,2,3,3,3,3,3,2,3,3,1.0983543,2.1848817
289,1,1,2,1,1,1,1,0,0,1,0,-2.09743,-.39136755
290,1,0,2,2,1,1,2,2,2,0,2,-.33721483,-.19147244
291,0,1,2,3,3,3,3,3,3,3,3,1.5962187,2.1848817
292,0,1,2,2,3,1,2,3,3,3,3,1.5962187,.75722933
293,0,1,2,3,1,1,2,0,1,2,0,-1.7839738,.63483679
294,1,2,2,2,1,1,2,0,1,2,0,-1.7839738,.47236976
295,1,2,2,2,3,2,1,2,1,1,2,-.029526439,.091056138
296,1,0,2,,,,,,,,,,
297,1,0,2,1,1,2,1,2,1,2,,-.69203508,.27232775
298,0,1,2,0,3,3,3,2,2,3,3,.58610678,1.6768662
299,1,1,2,1,3,1,1,2,1,1,2,-.029526439,-.39136755
300,1,2,2,0,3,0,0,3,3,0,3,1.5962187,-1.9067848
301,1,0,2,2,1,2,3,1,1,2,1,-1.2106394,1.0795684
302,1,1,2,3,3,2,2,3,3,3,3,1.5962187,1.2753807
303,1,2,2,3,2,3,2,1,0,3,3,-.58077872,1.6562328
304,1,0,2,1,2,0,0,2,1,0,2,-.31552058,-1.6141624
305,1,1,2,1,1,2,1,1,0,2,0,-1.6527984,.27232775
306,1,0,2,0,1,0,0,2,2,0,1,-.62370199,-1.9067848
307,1,2,2,1,2,1,0,2,3,1,2,.20908262,-.74469846
308,0,1,2,0,3,1,2,0,1,1,2,-.70451689,-.19357902
309,0,1,2,0,1,0,2,3,3,2,2,.39187685,-.10607889
310,0,2,2,2,3,3,3,3,3,3,3,1.5962187,1.888316
311,0,0,2,0,1,1,2,2,2,2,2,-.33721483,.19042993
312,1,0,2,2,1,3,3,1,3,3,2,-.51082033,1.888316
313,0,1,2,2,1,2,2,2,1,1,2,-.60401618,.44643846
314,,,2,0,2,0,0,2,3,0,0,-.13768901,-1.9067848
315,1,2,2,3,3,2,2,3,3,2,3,1.5962187,.93756354
316,0,0,2,1,2,2,1,2,2,2,2,-.064017087,.27232775
317,1,0,2,2,1,1,2,1,1,1,2,-.9690001,.11516648
318,1,1,2,1,2,2,2,1,1,2,2,-.69655955,.61830294
319,1,1,2,0,2,0,0,3,3,0,3,1.0915484,-1.9067848
320,1,1,2,2,1,1,1,2,2,2,2,-.33721483,.11393275
321,1,1,2,2,2,2,1,2,2,1,3,.25828463,.091056138
322,1,0,2,,,,,,,,,,
323,1,1,3,1,2,1,1,2,2,1,2,-.064017087,-.39136755
324,0,0,3,1,2,2,3,3,2,1,3,.70286113,.52825481
325,0,0,3,2,2,1,2,2,2,2,2,-.064017087,.47236976
326,1,1,3,2,2,1,1,2,1,1,2,-.31552058,-.23124489
328,0,0,3,2,2,1,2,2,2,1,2,-.064017087,.11516648
329,1,0,3,1,2,2,2,1,1,2,1,-.96225196,.61830294
330,1,0,3,3,3,3,3,3,3,2,2,1.047439,1.6627078
332,0,0,3,1,1,1,2,1,1,2,1,-1.2106394,.30004558
333,1,1,3,1,2,2,2,2,1,1,2,-.31552058,.27485308
334,0,0,3,1,2,1,1,2,3,1,3,.57535625,-.39136755
335,0,0,3,2,3,2,3,2,3,3,2,.53782457,1.4625223
336,1,1,3,2,2,3,3,2,3,1,3,.57535625,1.0849557
337,1,1,3,0,2,1,1,2,2,1,1,-.3280234,-.53172952
340,0,0,3,1,2,1,1,2,2,1,0,-.4312712,-.39136755
343,0,1,3,3,2,2,2,2,2,2,3,.25828463,.93756354
344,1,0,3,3,2,2,2,3,2,1,2,.3194226,.60748893
346,1,1,3,2,1,2,2,1,2,1,3,-.45296574,.44643846
347,0,0,3,2,2,2,2,2,1,2,1,-.59841353,.77397722
348,1,1,3,2,1,1,1,2,3,1,2,-.073147371,-.23124489
349,1,0,3,2,1,0,1,2,1,3,2,-.60401618,.05228664
351,1,0,3,2,1,2,3,1,2,1,1,-.99113524,.72839004
352,1,0,3,0,2,0,0,2,2,0,2,-.064017087,-1.9067848
353,,0,3,2,1,2,0,2,3,3,3,.3149814,.49279231
354,0,0,3,0,2,2,1,3,1,0,0,-.40008405,-.58217269
356,0,0,3,2,3,1,1,3,2,1,2,.66415358,-.23124489
357,0,1,3,2,2,2,2,2,2,2,2,-.064017087,.77397722
358,0,0,3,1,1,1,1,1,1,1,1,-1.2106394,-.39136755
359,0,0,3,1,3,1,0,3,1,2,3,.91586554,-.40391853
360,1,1,3,1,2,2,2,3,0,2,2,-.039799824,.61830294
361,0,1,3,0,3,3,3,2,0,2,3,.29041275,1.1879904
362,1,2,3,2,2,1,1,3,3,1,2,.6538915,-.23124489
363,0,0,3,2,2,2,2,1,2,2,2,-.43684897,.77397722
364,0,0,3,2,1,1,1,2,2,1,1,-.62370199,-.23124489
365,0,0,3,0,3,0,0,3,3,1,3,1.5962187,-1.3417779
367,0,3,3,1,3,2,3,1,1,2,2,-.45704064,.91137826
368,0,0,3,1,1,1,1,1,1,1,1,-1.2106394,-.39136755
369,0,3,3,2,3,1,1,1,2,0,1,-.47471175,-.56466365
370,1,1,3,1,1,1,2,2,2,2,2,-.33721483,.30004558
371,1,0,3,1,2,1,1,2,2,2,1,-.3280234,-.060038511
373,1,1,3,1,1,2,2,1,2,2,2,-.72197121,.61830294
374,0,1,3,2,2,3,3,1,1,3,2,-.69655955,1.888316
375,0,0,3,2,3,1,1,3,3,1,3,1.5962187,-.23124489
376,1,0,3,0,1,0,0,3,3,0,0,-.027379906,-1.9067848
377,0,2,3,2,2,1,1,2,2,1,2,-.064017087,-.23124489
378,0,0,3,2,1,2,2,2,2,2,2,-.33721483,.77397722
379,1,0,3,1,3,1,2,0,2,0,0,-.97336721,-.39683262
380,0,0,3,1,2,0,0,2,2,1,2,-.064017087,-1.1218179
381,1,1,3,0,0,0,0,0,0,0,0,-2.4811723,-1.9067848
382,0,0,3,3,3,3,3,3,3,3,3,1.5962187,2.1848817
383,0,0,3,2,2,1,2,2,1,1,2,-.31552058,.11516648
384,0,0,3,3,3,2,1,3,3,1,2,1.047439,.23338215
385,1,1,3,2,2,1,3,2,3,3,3,.57535625,1.1546477
386,1,1,3,2,2,2,2,1,0,2,2,-.85682172,.77397722
387,1,0,3,0,1,0,0,2,1,1,1,-.88684392,-1.3417779
390,0,0,3,1,2,2,2,1,0,2,2,-.85682172,.61830294
391,0,2,3,2,2,2,3,3,2,1,2,.3194226,.72839004
393,0,0,3,3,2,2,2,2,2,2,2,-.064017087,.93756354
394,1,1,3,3,0,3,2,1,2,0,1,-1.1557347,.71657252
395,1,0,3,3,1,2,2,1,1,2,1,-1.2106394,.93756354
396,0,1,3,3,0,0,1,0,0,0,1,-2.0589819,-.84651077
397,0,0,3,1,2,1,1,2,2,2,2,-.064017087,-.060038511
398,1,1,3,2,2,2,0,2,2,0,2,-.064017087,-.64313632
399,1,2,3,2,2,2,2,1,3,1,1,-.50224477,.44643846
400,1,2,3,3,3,1,1,3,2,0,3,1.0983543,-.45198154
402,0,0,3,2,2,2,2,2,3,3,2,.20908262,1.0766572
403,0,0,3,1,2,2,2,1,1,1,2,-.69655955,.27485308
404,1,0,3,3,2,2,0,0,2,2,3,-.29358345,.37953538
406,,0,3,3,2,2,3,3,2,2,3,.70286113,1.2795445
407,0,0,3,0,3,1,0,3,3,0,0,.86303353,-1.3841718
408,0,1,3,0,2,3,1,3,1,1,3,.4775022,-.049906753
409,0,0,3,1,2,2,2,2,2,1,2,-.064017087,.27485308
410,0,0,3,2,1,2,0,1,1,2,0,-1.4087995,.19893241
411,0,0,3,2,2,2,2,0,3,2,1,-.76796329,.77397722
412,0,0,3,3,3,2,1,1,,2,2,-.18715057,.60290915
414,,0,3,3,3,2,3,1,3,3,3,.65881711,1.7032012
415,0,0,3,2,3,2,3,2,2,3,2,.22404699,1.4625223
417,0,1,1,3,2,2,2,1,2,1,2,-.43684897,.60748893
418,0,2,1,0,2,1,2,1,2,1,2,-.43684897,-.19357902
419,1,3,1,0,2,1,1,2,2,0,2,-.064017087,-.91184765
420,0,1,1,1,3,0,0,2,0,1,3,.29041275,-1.1218179
421,1,1,1,1,2,1,0,3,3,2,3,1.0915484,-.40391853
422,1,1,1,3,2,2,2,2,2,1,2,-.064017087,.60748893
423,0,1,1,0,3,0,0,3,3,0,3,1.5962187,-1.9067848
424,0,2,1,1,3,2,1,1,0,0,2,-.61180043,-.40504989
425,0,1,1,0,2,1,1,2,3,1,2,.20908262,-.53172952
426,1,1,3,3,3,2,3,2,2,3,2,.22404699,1.7032012
427,1,0,3,0,2,2,2,2,2,1,0,-.4312712,.16501163
428,0,0,3,1,2,1,1,2,3,1,2,.20908262,-.39136755
429,0,0,3,1,1,1,1,1,1,1,1,-1.2106394,-.39136755
430,0,0,3,1,2,1,1,3,2,1,2,.3194226,-.39136755
431,1,1,3,1,1,1,1,1,2,1,1,-.99113524,-.39136755
432,1,1,3,0,3,0,0,3,3,0,3,1.5962187,-1.9067848
433,0,1,1,2,3,0,0,3,3,1,3,1.5962187,-.95542222
434,0,1,1,0,1,0,0,2,3,0,2,-.073147371,-1.9067848
435,0,1,1,1,2,0,0,3,3,2,3,1.0915484,-.81147075
436,0,1,1,1,2,1,1,2,2,1,2,-.064017087,-.39136755
437,0,1,1,2,2,1,0,2,3,1,2,.20908262,-.57591611
438,0,1,1,1,3,1,0,3,1,0,3,.91586554,-1.1605165
439,0,1,1,0,2,2,2,2,3,2,2,.20908262,.53535259
440,0,1,1,2,2,2,1,2,2,2,2,-.064017087,.44280446
441,1,1,1,1,1,2,2,1,2,1,1,-.99113524,.27485308
442,0,1,1,2,1,1,1,1,2,2,2,-.72197121,.11393275
443,1,1,1,3,2,2,2,1,2,1,2,-.43684897,.60748893
444,0,1,1,1,3,0,0,2,3,0,2,.53782457,-1.6141624
445,1,2,1,1,2,1,1,2,2,1,3,.25828463,-.39136755
446,1,2,1,0,3,1,1,2,3,1,3,.9500668,-.53172952
447,0,1,1,1,3,1,0,3,3,1,3,1.5962187,-.74469846
448,0,1,1,0,2,1,1,2,2,1,2,-.064017087,-.53172952
449,0,1,1,2,3,0,0,3,3,0,3,1.5962187,-1.4586514
450,1,1,1,0,3,1,0,3,3,2,3,1.5962187,-.58761358
451,0,1,1,0,3,0,0,3,3,0,3,1.5962187,-1.9067848
452,0,1,1,1,2,1,1,2,3,1,3,.57535625,-.39136755
453,0,1,1,2,3,1,1,2,3,0,3,.9500668,-.56466365
454,0,1,1,1,2,1,1,2,2,1,2,-.064017087,-.39136755
455,1,1,1,2,2,2,2,3,1,2,2,.057511143,.77397722
456,1,1,1,1,2,0,1,3,3,0,3,1.0915484,-1.1110746
457,1,1,1,1,1,1,1,2,3,1,2,-.073147371,-.39136755
458,1,1,1,0,0,1,3,1,2,1,0,-1.3948994,-.015864471
459,0,1,1,3,2,1,1,3,1,2,2,.057511143,.25954804
460,0,1,1,2,3,2,2,1,3,2,3,.65881711,.77397722
461,0,2,1,0,2,2,2,3,2,3,2,.3194226,.83153886
462,0,2,1,1,2,1,2,1,2,1,3,-.12513666,-.060567442
463,0,1,1,1,3,1,1,2,3,1,3,.9500668,-.39136755
464,0,1,1,1,3,1,1,2,3,1,3,.9500668,-.39136755
465,1,3,1,2,0,2,2,0,0,3,0,-2.4811723,1.0766572
466,0,1,1,1,2,0,0,2,3,1,3,.57535625,-1.1218179
467,0,1,1,2,3,1,1,3,3,1,3,1.5962187,-.23124489
468,0,1,1,0,2,2,0,2,2,0,2,-.064017087,-1.0938256
469,1,2,4,2,1,1,1,2,2,1,3,-.016713744,-.23124489
470,0,1,4,0,3,1,0,3,3,1,3,1.5962187,-.92272121
471,0,1,4,3,0,0,0,0,0,1,1,-2.0589819,-.85925108
472,1,3,4,0,1,0,1,0,1,2,2,-1.2707134,-.53549308
473,0,1,4,0,0,0,0,0,0,0,0,-2.4811723,-1.9067848
474,0,1,4,1,1,1,1,1,1,1,1,-1.2106394,-.39136755
475,0,2,4,2,2,2,2,2,2,1,2,-.064017087,.44643846
476,1,2,4,3,3,3,0,3,3,2,3,1.5962187,.70053995
477,0,1,4,0,2,1,1,3,3,1,3,1.0915484,-.53172952
478,0,3,4,0,0,1,0,2,0,1,1,-1.2924507,-.92272121
479,0,1,4,0,2,0,0,2,2,0,3,.25828463,-1.9067848
480,0,3,4,0,0,3,3,0,0,3,0,-2.4811723,1.6768662
481,1,2,4,1,3,2,1,3,2,1,2,.66415358,-.079788059
482,1,3,4,0,,2,2,1,3,3,3,.30228424,.83153886
483,1,2,4,3,2,3,2,3,0,0,3,.41775244,.71657252
484,1,1,4,2,2,1,2,1,3,2,1,-.50224477,.47236976
485,1,1,4,2,2,1,1,2,2,2,2,-.064017087,.11393275
486,1,1,4,3,2,1,1,0,2,2,3,-.29358345,.25954804
487,0,2,4,0,3,1,0,1,1,1,3,-.088975035,-.92272121
488,0,1,4,1,1,0,0,1,1,1,1,-1.2106394,-1.1218179
489,0,1,4,0,3,1,1,3,3,2,3,1.5962187,-.19130896
490,0,1,4,,,,,,,,,,
491,0,1,4,,,,,,,,,,
492,1,1,4,2,2,1,1,2,2,1,2,-.064017087,-.23124489
493,0,1,4,2,2,,3,2,2,3,2,-.064017087,1.6235512
494,0,1,4,0,2,1,2,2,2,1,2,-.064017087,-.19357902
495,0,1,4,1,2,2,1,2,2,1,2,-.064017087,-.079788059
496,1,1,4,1,1,0,1,1,1,1,1,-1.2106394,-.70078504
497,0,3,4,2,2,2,2,2,2,2,2,-.064017087,.77397722
498,1,2,4,2,1,2,2,1,1,1,1,-1.2106394,.44643846
499,1,1,4,1,2,0,1,0,2,2,2,-.64542234,-.35810053
500,1,2,4,1,3,1,1,2,2,2,2,.22404699,-.060038511
501,1,1,4,2,2,2,2,2,2,2,2,-.064017087,.77397722
502,1,1,4,1,2,3,0,2,3,1,3,.57535625,-.27332258
503,1,1,4,2,2,0,1,2,3,1,2,.20908262,-.53172666
504,0,1,4,1,2,1,1,2,1,2,2,-.31552058,-.060038511
505,0,1,4,2,2,1,1,2,2,1,2,-.064017087,-.23124489
506,,,4,3,2,1,1,1,0,1,2,-.85682172,-.1127855
507,0,1,4,2,1,0,1,2,3,3,3,.3149814,.05228664
508,0,1,4,2,1,2,2,1,2,2,2,-.72197121,.77397722
509,0,1,4,2,1,2,1,1,2,2,2,-.72197121,.44280446
510,0,1,4,2,2,0,0,3,3,0,3,1.0915484,-1.4586514
511,1,1,4,2,2,1,1,2,2,1,2,-.064017087,-.23124489
512,0,2,4,2,2,2,1,2,2,1,2,-.064017087,.091056138
513,1,1,5,2,2,1,1,3,3,1,2,.6538915,-.23124489
514,0,1,5,1,3,1,3,3,2,3,3,1.0983543,.93533403
515,0,1,5,0,3,1,1,2,2,0,2,.22404699,-.91184765
516,0,1,5,0,3,0,1,3,3,0,3,1.5962187,-1.3306642
517,1,2,5,0,0,2,0,2,1,3,0,-1.2913103,.064878687
518,1,1,5,2,3,1,2,2,3,2,3,.9500668,.47236976
519,0,1,5,3,2,2,1,2,2,2,3,.25828463,.60290915
520,0,1,5,0,3,1,0,3,2,0,3,1.0983543,-1.3841718
521,1,3,5,1,0,0,1,0,1,0,0,-2.0827305,-1.1110746
522,1,2,5,2,2,0,0,3,3,0,3,1.0915484,-1.4586514
523,0,1,5,2,2,1,1,1,1,1,2,-.69655955,-.23124489
524,0,1,5,1,0,2,2,1,3,2,2,-.64627576,.61830294
525,0,1,5,2,2,2,2,2,2,1,2,-.064017087,.44643846
526,0,0,5,2,2,1,2,2,1,3,2,-.31552058,.75722933
527,0,1,5,2,2,2,2,2,1,2,1,-.59841353,.77397722
528,0,1,5,2,1,0,1,2,3,3,3,.3149814,.05228664
529,0,1,5,2,2,2,0,2,2,3,2,-.064017087,.49279231
530,1,1,5,2,1,2,2,1,2,1,2,-.72197121,.44643846
531,0,1,5,3,2,2,1,1,3,1,2,-.18341932,.23338215
532,1,2,5,1,2,0,3,2,1,3,2,-.31552058,.71862441
538,0,1,5,1,3,1,1,2,2,2,3,.58610678,-.060038511
539,0,1,5,0,2,0,0,3,3,1,3,1.0915484,-1.3417779
540,0,1,5,1,2,1,1,2,2,1,2,-.064017087,-.39136755
541,1,1,5,2,1,2,2,2,2,2,2,-.33721483,.77397722
542,1,1,5,1,2,1,1,1,2,0,2,-.43684897,-.73411167
543,1,1,5,0,1,2,2,2,1,2,3,-.31091756,.53535259
544,0,2,5,3,3,3,2,2,2,2,3,.58610678,1.2419208
545,0,2,5,2,0,1,1,2,3,1,3,.26219893,-.23124489
546,0,1,5,2,0,0,1,1,0,0,0,-1.9322553,-.94374251
547,0,0,5,0,2,1,0,3,2,0,2,.3194226,-1.3841718
548,0,1,5,0,2,1,0,1,3,0,3,.21396805,-1.3841718
549,0,0,5,2,1,2,1,3,1,3,3,.1490307,.72206837
550,0,0,5,2,1,1,1,1,0,0,0,-1.6527984,-.56466365
551,0,0,5,0,2,1,0,3,3,0,2,.6538915,-1.3841718
552,0,0,5,2,2,1,1,3,2,1,1,.057443667,-.23124489
553,0,1,5,2,2,1,2,2,3,1,2,.20908262,.11516648
554,0,1,5,2,1,1,2,1,1,1,2,-.9690001,.11516648
555,0,0,5,3,2,0,2,2,0,3,1,-.75485653,.80063319
556,1,1,5,0,3,0,2,3,3,0,0,.86303353,-1.0572901
557,0,1,5,2,2,1,1,2,2,3,0,-.4312712,.34032068
558,0,0,5,2,2,2,3,2,2,2,2,-.064017087,1.0795684
563,0,0,5,2,1,2,2,1,2,2,2,-.72197121,.77397722
564,1,0,5,3,3,2,0,3,3,1,3,1.5962187,-.072242811
565,0,0,5,2,2,1,1,2,2,1,3,.25828463,-.23124489
566,0,0,5,3,1,3,3,0,1,3,0,-1.7839738,2.1848817
567,1,0,5,0,1,0,1,2,2,0,0,-.77164465,-1.3306642
568,0,1,5,1,2,1,0,2,2,0,2,-.064017087,-1.1605165
569,1,0,5,3,2,1,1,2,3,2,2,.20908262,.25954804
570,1,0,5,,,,,,,,,,
571,0,0,5,0,3,2,0,3,1,0,2,.43358421,-1.0938256
572,1,0,5,1,2,0,3,1,0,2,3,-.58077872,.31279254
573,1,0,5,2,2,2,2,2,2,2,2,-.064017087,.77397722
574,1,0,5,1,2,3,3,2,1,0,0,-.73889905,.61599094
575,1,0,5,0,2,2,0,2,0,1,2,-.43342707,-.59495485
576,1,0,5,1,1,1,0,1,3,2,3,-.14562246,-.40391853
577,0,0,5,0,2,0,1,0,0,1,2,-1.1962701,-.87532932
578,0,0,5,1,1,1,1,1,1,1,1,-1.2106394,-.39136755
579,0,0,5,0,1,1,1,1,1,1,1,-1.2106394,-.53172952
580,1,0,5,1,2,1,1,2,3,1,3,.57535625,-.39136755
581,0,0,5,3,3,3,3,3,3,3,3,1.5962187,2.1848817
582,1,0,5,2,3,1,1,3,0,2,1,.015412439,.11393275
583,1,0,5,2,3,1,1,3,2,1,3,1.0983543,-.23124489
584,1,0,5,0,0,1,0,0,0,1,0,-2.4811723,-.92272121
585,1,0,5,2,2,1,1,2,3,2,3,.57535625,.11393275
586,1,0,5,3,2,2,1,3,3,0,2,.6538915,-.059613187
588,0,0,5,2,2,1,2,3,3,2,3,1.0915484,.47236976
589,0,1,5,2,2,1,1,1,1,2,3,-.42610797,.11393275
590,1,1,5,0,0,0,0,0,0,1,0,-2.4811723,-1.3417779
591,1,1,5,2,2,2,1,1,3,2,2,-.18341932,.44280446
592,0,0,5,2,2,2,1,2,2,2,2,-.064017087,.44280446
593,1,1,5,1,2,1,1,2,1,2,2,-.31552058,-.060038511
594,0,0,5,0,2,0,0,3,3,0,3,1.0915484,-1.9067848
595,0,0,5,2,3,1,2,2,3,1,3,.9500668,.11516648
597,1,1,5,2,2,2,1,3,2,1,2,.3194226,.091056138
598,1,1,5,1,2,1,1,2,2,2,2,-.064017087,-.060038511
599,0,0,5,3,2,2,0,2,2,1,2,-.064017087,-.072242811
600,0,0,5,2,2,2,0,3,2,2,1,.057443667,.19893241
601,1,1,5,2,2,2,2,2,3,2,3,.57535625,.77397722
602,1,0,5,3,2,0,1,1,2,2,2,-.43684897,-.0057832943
603,1,0,5,2,2,1,1,2,2,1,2,-.064017087,-.23124489
604,0,0,5,1,1,3,2,1,1,2,3,-.75504327,.88043451
605,1,1,5,3,1,1,2,1,2,0,1,-.99113524,-.035198513
606,0,0,5,0,3,1,0,3,3,1,3,1.5962187,-.92272121
607,1,0,5,0,3,0,0,1,0,2,3,-.22277844,-1.0559957
613,0,1,5,3,2,1,0,2,3,0,2,.20908262,-.90122563
614,0,2,5,3,2,3,1,2,1,1,2,-.31552058,.47804466
615,1,1,5,0,1,2,2,1,2,2,1,-.99113524,.53535259
616,1,1,5,1,0,2,1,1,2,1,1,-1.1557347,-.079788059
617,0,2,5,3,2,3,2,2,2,3,3,.25828463,1.6562328
618,0,2,5,0,1,0,3,1,2,0,1,-.99113524,-.97396302
619,1,1,5,1,2,3,0,1,2,3,2,-.43684897,.59645504
620,1,1,5,2,2,1,1,2,3,1,1,-.054042414,-.23124489
621,0,1,5,1,2,3,1,1,2,1,3,-.12513666,.089002319
622,1,1,5,1,2,1,3,0,0,3,1,-1.5021077,.93533403
623,0,1,5,1,2,1,1,2,2,1,2,-.064017087,-.39136755
624,1,1,5,0,2,1,1,3,2,2,3,.70286113,-.19130896
625,1,2,5,2,2,2,1,2,0,2,2,-.43342707,.44280446
626,1,1,5,1,2,1,0,2,1,0,2,-.31552058,-1.1605165
627,0,1,5,2,2,3,2,2,2,0,2,-.064017087,.48064148
628,1,1,5,3,2,2,1,2,2,2,1,-.3280234,.60290915
629,1,2,5,2,2,2,2,1,1,2,3,-.42610797,.77397722
630,1,1,5,3,3,2,0,3,,0,3,1.4533336,-.50215054
631,1,1,5,1,1,0,0,2,2,2,2,-.33721483,-.81147075
632,1,1,5,1,2,2,1,3,3,1,2,.6538915,-.079788059
633,0,1,5,0,1,1,1,2,2,2,3,-.016713744,-.19130896
634,0,2,5,3,3,2,3,2,3,3,3,.9500668,1.7032012
635,0,1,5,0,0,0,3,0,0,2,0,-2.4811723,.14502187
638,1,0,5,0,0,1,0,2,1,0,0,-1.2913103,-1.3841718
641,1,1,5,1,3,1,0,3,3,1,3,1.5962187,-.74469846
642,0,0,5,2,3,3,1,0,3,1,2,.044298418,.29057699
643,1,0,5,,,,,,,,,,
644,0,0,5,0,1,2,2,2,2,1,1,-.62370199,.16501163
645,0,0,5,1,2,0,0,3,2,2,3,.70286113,-.81147075
646,1,0,5,2,2,1,1,2,2,1,3,.25828463,-.23124489
647,1,0,5,2,3,2,0,3,2,0,3,1.0983543,-.64313632
648,0,0,5,2,2,1,1,3,1,3,3,.4775022,.34032068
655,1,1,5,3,2,2,1,2,2,2,2,-.064017087,.60290915
658,1,0,5,2,2,2,,1,2,1,1,-.71693271,.25252354
660,1,0,5,,,,,,,,,,
663,1,0,5,2,2,3,2,3,3,1,1,.4335171,.69956917
664,1,0,5,1,2,2,1,2,2,1,2,-.064017087,-.079788059
665,1,1,5,3,3,2,3,3,2,3,3,1.0983543,1.7032012
666,1,0,5,3,2,3,1,3,3,2,1,.4335171,.89787233
667,1,0,5,0,3,3,0,3,3,0,3,1.5962187,-1.0158285
668,1,0,5,2,0,1,2,1,1,0,2,-1.1311822,-.19147244
669,1,0,5,2,1,0,0,3,,2,2,.052878715,-.59265137
670,1,0,5,1,3,3,1,3,3,3,3,1.5962187,.8539986
671,1,1,5,0,2,0,0,3,3,1,3,1.0915484,-1.3417779
672,0,0,5,2,2,3,1,1,3,1,2,-.18341932,.29057699
673,0,0,5,1,2,1,1,2,2,1,2,-.064017087,-.39136755
674,0,0,5,0,1,2,3,2,2,0,2,-.33721483,.077154383
675,1,0,5,1,3,3,3,2,3,,,.77450663,1.3700597
676,0,0,5,2,1,3,1,0,2,1,3,-.71278501,.29057699
677,1,1,5,1,2,0,1,3,2,0,3,.70286113,-1.1110746
678,0,0,5,1,2,2,2,2,2,2,2,-.064017087,.61830294
679,0,0,5,3,2,2,2,2,1,2,2,-.31552058,.93756354
680,0,0,5,2,2,2,0,2,1,0,2,-.31552058,-.64313632
681,1,0,5,0,1,1,2,2,2,1,2,-.33721483,-.19357902
682,1,0,5,0,1,0,0,1,3,2,0,-1.0194263,-1.0559957
683,1,0,5,1,1,2,0,0,3,1,0,-1.4411533,-.41705051
684,1,0,5,2,2,1,1,2,3,1,3,.57535625,-.23124489
685,1,0,5,1,2,1,1,2,2,1,2,-.064017087,-.39136755
688,1,0,5,2,2,2,2,2,2,2,2,-.064017087,.77397722
689,0,0,5,3,3,3,3,0,0,0,3,-.52360338,1.2220354
690,0,0,5,1,3,0,0,3,3,0,3,1.5962187,-1.6141624
691,1,0,5,2,2,1,2,2,2,2,3,.25828463,.47236976
692,1,2,5,2,1,2,1,1,2,1,3,-.45296574,.091056138
693,1,0,5,1,2,1,1,2,2,1,2,-.064017087,-.39136755
694,1,0,5,2,1,0,0,0,0,0,0,-2.09743,-1.4586514
695,1,0,5,0,0,1,2,2,2,1,2,-.43421566,-.19357902
696,0,1,5,3,2,1,2,2,3,0,0,-.13768901,-.035198513
697,0,0,5,2,3,2,1,2,3,1,2,.53782457,.091056138
698,0,0,5,3,2,3,2,3,3,1,3,1.0915484,.90383095
699,1,1,5,2,3,1,2,3,3,2,3,1.5962187,.47236976
700,1,0,5,2,2,1,2,3,2,1,2,.3194226,.11516648
701,0,0,5,2,2,2,2,1,2,2,2,-.43684897,.77397722
702,0,0,5,2,2,2,2,2,2,2,2,-.064017087,.77397722
703,0,1,5,0,0,2,2,0,0,0,0,-2.4811723,-.16318105
704,0,0,5,2,1,0,1,1,0,3,0,-1.6527984,.05228664
705,0,0,5,2,2,1,1,2,1,1,2,-.31552058,-.23124489
706,0,0,5,2,2,3,2,2,3,1,2,.20908262,.69956917
707,0,0,5,2,1,2,1,1,1,2,2,-.9690001,.44280446
708,0,0,5,1,2,1,2,3,3,1,3,1.0915484,-.060567442
712,1,0,5,2,1,2,1,1,2,1,2,-.72197121,.091056138
713,1,1,5,0,2,1,1,2,2,1,1,-.3280234,-.53172952
714,1,1,5,1,2,1,2,3,2,1,1,.057443667,-.060567442
715,1,3,5,3,2,3,2,3,2,3,1,.057443667,1.6562328
716,0,0,5,0,1,0,0,2,2,0,1,-.62370199,-1.9067848
717,0,1,5,3,3,1,1,3,3,1,2,1.047439,-.1127855
718,0,1,5,2,2,1,2,2,1,1,2,-.31552058,.11516648
719,0,0,5,1,1,1,2,2,1,1,2,-.60401618,-.060567442
720,1,1,5,2,2,2,2,2,2,2,2,-.064017087,.77397722
721,0,1,5,2,2,1,2,1,1,1,3,-.42610797,.11516648
722,1,2,5,0,0,,0,0,0,0,3,-1.7057054,-1.6771964
723,0,1,5,2,2,2,1,0,2,2,0,-1.2220553,.44280446
724,0,1,5,0,1,0,0,2,2,0,1,-.62370199,-1.9067848
725,1,1,5,0,2,1,3,0,2,1,3,-.29358345,-.015864471
726,0,1,5,0,2,2,1,1,1,1,0,-1.1379988,-.20908786
727,0,0,5,0,3,0,3,3,3,0,3,1.5962187,-.97396302
728,0,0,5,1,2,2,2,3,2,1,1,.057443667,.27485308
729,0,1,5,2,3,1,0,3,3,2,3,1.5962187,-.20130731
730,0,1,5,3,3,3,3,3,3,3,3,1.5962187,2.1848817
731,1,0,5,0,2,0,1,0,3,0,2,-.36500585,-1.3306642
738,1,0,5,2,2,2,2,1,3,1,2,-.18341932,.44643846
739,1,0,5,0,0,1,2,3,2,1,2,-.044412978,-.19357902
740,1,0,5,1,2,1,2,1,1,2,3,-.42610797,.30004558
741,0,0,5,1,2,1,1,2,2,3,2,-.064017087,.13053037
742,0,0,5,1,2,0,2,2,2,2,0,-.4312712,.052246977
745,0,1,5,1,2,1,1,1,2,2,2,-.43684897,-.060038511
746,0,0,5,,,,,,,,,,
747,1,1,5,1,2,1,2,1,2,1,2,-.43684897,-.060567442
748,1,0,5,2,3,1,1,1,1,2,2,-.45704064,.11393275
751,1,1,5,1,2,1,1,2,3,1,2,.20908262,-.39136755
752,0,0,5,2,2,1,2,2,2,1,2,-.064017087,.11516648
753,1,0,5,3,3,3,3,3,3,3,3,1.5962187,2.1848817
754,0,1,5,1,1,1,1,1,1,1,1,-1.2106394,-.39136755
755,0,0,5,0,3,1,2,3,3,0,3,1.5962187,-.58281988
756,0,0,5,0,1,1,3,2,0,2,2,-.76226717,.44700518
757,0,1,5,1,2,1,2,1,3,2,2,-.18341932,.30004558
758,0,0,5,2,1,1,1,0,1,2,3,-1.0728019,.11393275
759,0,0,5,0,3,0,0,3,3,0,3,1.5962187,-1.9067848
760,0,0,7,3,2,3,1,3,2,0,3,.70286113,.17801592
596,0,1,7,1,2,1,1,2,1,1,2,-.31552058,-.39136755
608,0,1,7,1,3,2,2,1,3,1,3,.65881711,.27485308
609,1,1,7,3,1,1,3,2,1,1,3,-.31091756,.54322469
610,0,1,7,2,1,3,2,2,2,2,3,-.016713744,1.0465374
611,1,1,7,2,2,1,1,2,2,1,2,-.064017087,-.23124489
612,1,1,7,1,2,1,1,2,2,2,2,-.064017087,-.060038511
636,0,1,7,3,3,3,3,3,3,3,3,1.5962187,2.1848817
637,1,1,7,0,0,0,0,0,0,0,0,-2.4811723,-1.9067848
651,1,1,7,2,2,1,2,2,1,1,2,-.31552058,.11516648
652,0,1,7,2,2,1,2,2,1,1,2,-.31552058,.11516648
661,0,1,7,0,0,2,1,2,0,3,3,-.61775452,.41164044
662,1,1,7,2,1,0,1,2,3,2,1,-.3861253,-.15862329
686,1,1,7,2,3,3,0,3,3,2,3,1.5962187,.46489948
687,1,1,7,3,0,0,0,0,0,3,1,-2.0589819,-.21799618
709,1,1,7,2,2,2,2,3,2,2,0,-.021675404,.77397722
710,1,1,7,2,2,2,2,1,3,2,2,-.18341932,.77397722
711,1,1,7,3,3,1,1,3,2,0,2,.66415358,-.45198154
732,1,1,7,1,3,1,1,3,3,1,3,1.5962187,-.39136755
733,0,1,7,2,1,1,2,0,1,2,0,-1.7839738,.47236976
734,1,2,7,2,2,1,1,2,1,1,2,-.31552058,-.23124489
735,0,1,7,3,2,1,1,3,2,2,3,.70286113,.25954804
736,1,1,7,3,3,0,3,3,3,3,3,1.5962187,1.3093935
761,1,1,7,1,3,1,1,3,2,1,2,.66415358,-.39136755
763,1,1,7,2,2,1,1,2,2,1,2,-.064017087,-.23124489
764,1,1,7,1,1,0,0,3,3,1,2,.39187685,-1.1218179
765,1,1,7,1,2,1,1,2,2,1,2,-.064017087,-.39136755
767,1,1,7,,,,,,,,,,
768,1,1,7,1,3,2,1,2,2,1,2,.22404699,-.079788059
770,0,1,7,,,,,,,,,,
771,1,1,7,3,3,3,3,3,3,3,3,1.5962187,2.1848817
772,0,1,7,2,3,2,2,3,3,3,3,1.5962187,1.0766572
773,0,2,7,0,2,2,1,2,2,2,0,-.4312712,.16341542
774,0,1,7,1,3,1,1,2,3,1,3,.9500668,-.39136755
775,1,1,7,1,1,1,1,2,1,1,1,-.88684392,-.39136755
776,0,1,7,2,2,0,0,3,3,1,3,1.0915484,-.95542222
777,1,1,7,0,2,1,1,2,1,1,2,-.31552058,-.53172952
778,1,1,7,2,2,2,1,2,2,3,1,-.3280234,.72206837
779,1,1,7,3,2,3,3,1,2,3,3,-.12513666,2.1848817
780,1,1,7,1,2,1,2,1,2,0,2,-.43684897,-.39683262
781,1,1,7,1,3,3,1,1,3,1,2,.16988426,.089002319
782,1,1,7,1,1,0,1,0,0,0,0,-2.09743,-1.1110746
784,1,1,7,2,3,1,2,2,0,2,3,.29041275,.47236976
785,1,1,7,1,2,2,2,3,2,1,2,.3194226,.27485308
786,1,1,7,0,2,1,3,1,2,1,0,-.86836565,-.015864471
787,0,1,7,1,2,0,0,3,3,0,3,1.0915484,-1.6141624
788,1,1,7,1,2,1,2,2,2,1,2,-.064017087,-.060567442
789,1,1,7,0,0,0,0,1,1,1,2,-1.1311822,-1.3417779
790,0,1,7,0,2,2,2,3,2,1,2,.3194226,.16501163
791,1,1,7,0,0,0,0,0,0,0,0,-2.4811723,-1.9067848
792,1,1,7,3,3,0,1,2,2,1,3,.58610678,-.4183504
793,1,2,7,0,2,2,1,2,2,2,0,-.4312712,.16341542
794,0,1,7,2,2,2,1,2,2,1,2,-.064017087,.091056138
795,1,1,7,0,3,2,2,3,3,0,3,1.5962187,-.16318105
796,0,2,7,1,2,1,2,2,1,2,1,-.59841353,.30004558
797,0,1,7,0,2,1,1,3,3,1,2,.6538915,-.53172952
798,0,1,7,1,2,1,1,2,2,1,3,.25828463,-.39136755
800,1,0,7,0,3,0,0,3,3,0,2,1.047439,-1.9067848
801,1,1,7,3,0,3,3,0,0,3,0,-2.4811723,2.1848817
802,1,1,7,3,2,1,3,1,2,0,0,-.86836565,.23842108
803,0,0,7,0,3,3,2,2,1,0,1,-.33259287,.061246987
804,1,0,7,1,0,2,1,0,2,0,1,-1.5317538,-.40504989
805,1,0,7,0,2,1,3,0,2,1,3,-.29358345,-.015864471
806,0,1,7,0,2,0,0,3,3,0,2,.6538915,-1.9067848
807,1,1,7,,,,,,,,,,
808,1,1,7,2,2,2,2,2,2,2,2,-.064017087,.77397722
809,1,1,7,1,3,1,1,2,2,1,2,.22404699,-.39136755
810,0,1,7,1,3,1,0,3,3,1,3,1.5962187,-.74469846
811,1,1,7,2,2,1,2,1,2,2,2,-.43684897,.47236976
812,0,1,7,2,2,1,1,2,2,1,2,-.064017087,-.23124489
813,0,1,7,2,3,1,0,3,3,0,3,1.5962187,-.99534655
814,0,1,7,2,2,1,1,2,2,1,2,-.064017087,-.23124489
815,1,2,7,3,2,3,3,2,2,3,3,.25828463,2.1848817
817,1,1,7,1,2,0,0,2,2,0,0,-.4312712,-1.6141624
818,1,1,7,1,2,1,1,2,2,1,2,-.064017087,-.39136755
819,0,1,7,2,1,2,2,1,2,2,1,-.99113524,.77397722
820,1,1,7,2,2,1,1,3,2,1,2,.3194226,-.23124489
821,1,1,7,0,1,0,0,0,0,1,1,-1.7705168,-1.3417779
822,1,1,7,2,2,1,2,2,2,2,2,-.064017087,.47236976
823,1,1,7,1,2,2,1,2,1,0,2,-.31552058,-.40504989
824,1,1,7,1,3,1,2,3,3,1,3,1.5962187,-.060567442
825,1,0,7,2,2,2,1,2,2,1,2,-.064017087,.091056138
826,1,0,7,1,2,0,3,2,1,3,0,-.73889905,.71862441
828,1,0,7,0,1,2,1,2,1,0,3,-.31091756,-.58217269
829,0,0,7,2,2,0,0,3,3,0,3,1.0915484,-1.4586514
830,0,0,7,3,2,3,1,1,2,3,1,-.71693271,1.3423948
831,0,0,7,1,2,0,2,0,2,0,3,-.29358345,-.80972368
832,0,0,7,0,3,3,2,2,2,1,2,.22404699,.39257726
833,0,0,7,3,3,2,1,2,3,3,3,.9500668,.9313938
834,0,0,7,2,2,2,3,1,2,2,2,-.43684897,1.0795684
835,0,0,7,2,1,1,1,1,1,3,3,-.75504327,.34032068
836,1,0,7,3,3,0,0,3,3,3,3,1.5962187,-.21799618
838,1,1,7,2,3,3,3,3,3,3,3,1.5962187,1.888316
839,1,0,7,0,1,0,2,,3,1,2,-.12158412,-.54330409
840,0,1,7,2,1,,2,2,1,3,3,-.31091756,1.0982903
841,0,0,7,2,2,2,2,2,2,2,2,-.064017087,.77397722
842,1,0,7,1,3,3,0,3,3,1,3,1.5962187,-.27332258
843,0,0,7,1,2,2,1,2,1,2,3,.0061774338,.27232775
844,1,0,7,0,2,1,1,3,1,1,1,-.26844677,-.53172952
845,0,0,7,1,3,3,1,2,2,1,2,.22404699,.089002319
846,0,0,7,1,3,3,1,2,2,1,2,.22404699,.089002319
847,1,0,7,2,3,2,1,2,1,2,1,-.33259287,.44280446
848,1,1,7,1,3,1,1,2,2,1,2,.22404699,-.39136755
849,1,0,7,1,3,3,1,2,2,1,2,.22404699,.089002319
850,0,0,7,0,3,3,1,2,2,1,2,.22404699,-.049906753
851,1,0,7,0,2,1,0,2,1,1,3,.0061774338,-.92272121
852,1,0,7,0,0,1,2,2,,2,0,-1.2493057,.19042993
853,1,0,7,1,2,1,2,1,2,1,0,-.86836565,-.060567442
854,1,0,7,1,2,1,2,1,2,1,3,-.12513666,-.060567442
855,0,0,7,3,2,3,3,3,3,3,3,1.0915484,2.1848817
856,0,0,7,2,2,1,1,2,2,1,2,-.064017087,-.23124489
857,1,0,7,0,1,2,0,2,1,0,2,-.60401618,-1.0938256
858,0,0,7,3,2,3,3,3,2,3,3,.70286113,2.1848817
859,1,0,7,3,3,3,3,3,3,3,3,1.5962187,2.1848817
860,1,1,7,1,2,1,3,2,1,2,1,-.59841353,.55930436
861,1,0,7,0,3,3,3,3,2,2,3,1.0983543,1.1879904
862,0,0,7,3,3,3,3,3,3,3,3,1.5962187,2.1848817
863,0,0,7,2,3,2,3,2,3,3,2,.53782457,1.4625223
864,0,1,7,3,3,3,3,3,3,3,3,1.5962187,2.1848817
865,0,0,7,3,3,3,3,3,3,3,3,1.5962187,2.1848817
866,0,0,7,2,2,1,1,0,1,2,3,-.67297322,.11393275
867,1,0,7,1,2,1,1,2,2,2,2,-.064017087,-.060038511
868,0,0,7,3,1,0,0,3,0,0,2,-.4400169,-1.3850847
869,0,1,7,3,3,3,3,3,3,3,3,1.5962187,2.1848817
870,0,0,7,2,1,2,3,1,1,2,1,-1.2106394,1.0795684
871,1,0,7,3,2,1,0,2,1,1,2,-.31552058,-.46411964
872,1,0,7,3,2,1,3,2,2,1,3,.25828463,.54322469
873,0,0,7,2,1,1,1,2,1,0,1,-.88684392,-.56466365
874,0,0,7,3,2,2,3,2,3,2,2,.20908262,1.2795445
875,0,0,7,1,2,2,1,2,2,1,3,.25828463,-.079788059
876,0,0,7,1,2,1,1,1,1,1,1,-.96225196,-.39136755
877,0,0,7,1,2,1,1,3,2,0,3,.70286113,-.73411167
878,1,0,7,1,2,1,1,2,1,1,2,-.31552058,-.39136755
879,0,0,7,2,2,3,2,2,2,2,2,-.064017087,1.0465374
880,0,0,7,2,2,1,1,3,2,2,2,.3194226,.11393275
881,1,0,7,1,2,1,1,2,1,1,2,-.31552058,-.39136755
882,0,0,7,2,2,2,2,2,2,2,2,-.064017087,.77397722
883,0,0,7,2,2,1,3,2,0,2,2,-.43342707,.75831765
884,1,0,7,0,2,1,1,2,2,2,2,-.064017087,-.19130896
885,1,0,7,2,1,3,0,0,1,2,0,-1.7839738,.46489948
886,1,1,7,3,2,2,1,1,0,0,0,-1.3708514,-.059613187
887,1,0,7,0,1,2,1,2,2,1,3,-.016713744,-.20908786
888,1,0,7,2,2,1,0,2,2,0,2,-.064017087,-.99534655
889,0,0,7,3,2,1,1,2,2,2,2,-.064017087,.25954804
890,1,1,7,0,0,0,0,0,0,0,0,-2.4811723,-1.9067848
891,1,1,7,2,2,2,2,1,1,2,2,-.69655955,.77397722
892,1,0,7,3,1,1,2,3,3,3,2,.39187685,.96674854
893,1,0,7,2,2,2,1,2,1,1,2,-.31552058,.091056138
894,1,1,7,3,2,2,1,2,2,1,2,-.064017087,.23338215
895,1,1,7,3,3,2,2,2,1,1,0,-.45576537,.60748893
896,1,0,7,,,,,,,,,,
897,0,0,7,2,2,2,1,2,2,2,2,-.064017087,.44280446
898,1,0,7,0,1,1,1,0,0,3,2,-1.5321373,-.012288463
899,0,0,7,0,3,2,1,2,1,1,0,-.45576537,-.20908786
900,0,0,7,0,3,2,1,2,1,1,0,-.45576537,-.20908786
901,1,0,7,1,1,3,1,3,2,0,1,-.29803103,-.25953251
902,0,0,7,3,3,2,2,2,2,2,2,.22404699,.93756354
903,1,0,7,0,3,0,3,0,3,0,3,.59864229,-.97396302
904,1,1,7,1,3,3,0,0,0,2,2,-.95260525,.21750815
905,0,0,7,3,2,3,2,3,3,2,3,1.0915484,1.2419208
906,1,0,7,3,1,3,3,1,2,1,3,-.45296574,1.3545667
907,1,0,7,3,2,2,2,1,2,2,2,-.43684897,.93756354
908,1,0,7,,,,,,,,,,
909,1,0,7,3,2,0,2,0,1,3,0,-1.5077989,.80063319
910,1,0,7,2,2,1,0,3,3,2,2,.6538915,-.20130731
911,1,0,7,3,2,2,2,1,2,2,2,-.43684897,.93756354
912,1,0,7,2,1,3,0,1,2,2,3,-.45296574,.46489948
913,0,0,7,,,,,,,,,,
914,1,0,7,2,1,2,3,0,1,2,3,-1.0728019,1.0795684
915,1,1,7,1,3,2,2,2,2,2,1,-.032787878,.61830294
916,1,0,7,0,1,0,2,0,2,0,0,-1.5634509,-1.0572901
917,1,0,7,0,3,1,3,2,2,2,3,.58610678,.44700518
918,1,1,7,1,3,0,1,3,1,1,2,.43358421,-.70078504
919,1,1,7,2,2,0,3,3,2,1,3,.70286113,.049412023
921,1,1,7,2,2,2,2,2,2,1,2,-.064017087,.44643846
922,0,1,7,1,3,1,1,3,3,1,3,1.5962187,-.39136755
923,0,1,7,0,3,0,3,3,3,3,3,1.5962187,.55313432
924,1,0,7,1,3,3,0,2,2,0,0,-.11227557,-.75422382
925,1,0,7,0,0,1,2,1,2,2,1,-1.1557347,.19042993
926,1,2,7,2,2,1,1,2,2,0,3,.25828463,-.56466365
927,1,1,7,2,2,2,2,2,2,1,1,-.3280234,.44643846
928,0,1,7,0,3,3,3,3,3,3,3,1.5962187,1.6768662
929,0,1,7,2,1,1,3,3,3,3,3,.87950295,1.1546477
930,1,0,7,2,2,2,2,2,2,1,2,-.064017087,.44643846
931,0,1,7,2,2,2,1,1,2,1,2,-.43684897,.091056138
932,1,0,7,1,2,1,1,1,2,1,2,-.43684897,-.39136755
933,1,0,7,0,2,3,3,3,2,1,0,-.021675404,.75273597
934,0,0,7,2,2,2,3,1,1,3,3,-.42610797,1.4625223
935,0,0,7,2,2,1,1,3,3,1,2,.6538915,-.23124489
936,0,0,7,1,2,1,2,2,2,1,2,-.064017087,-.060567442
937,0,0,7,0,1,3,0,2,1,3,1,-.88684392,.4186855
938,0,0,7,0,3,0,0,3,2,0,3,1.0983543,-1.9067848
939,0,0,7,1,0,1,1,1,3,2,3,-.25982276,-.060038511
940,0,0,7,2,2,1,2,1,1,2,2,-.69655955,.47236976
942,1,0,7,2,1,1,,3,3,3,3,.87950295,.64601421
943,1,1,7,2,2,2,2,2,2,2,2,-.064017087,.77397722
944,1,1,7,0,2,2,1,2,2,1,2,-.064017087,-.20908786
945,1,1,7,2,2,1,2,3,3,2,3,1.0915484,.47236976
946,0,1,7,1,2,1,2,0,2,0,3,-.29358345,-.39683262
947,0,0,7,2,1,1,2,1,1,1,1,-1.2106394,.11516648
948,0,0,7,2,1,1,1,1,2,1,1,-.99113524,-.23124489
949,0,1,7,1,3,2,1,2,2,1,2,.22404699,-.079788059
950,1,0,7,1,2,1,0,1,2,0,2,-.43684897,-1.1605165
951,1,0,7,2,0,0,1,0,2,1,0,-1.8784721,-.53172666
952,1,1,8,0,1,1,1,2,1,1,2,-.60401618,-.53172952
953,1,1,8,0,3,1,1,3,3,0,3,1.5962187,-.91184765
954,0,1,8,1,3,1,0,2,1,0,2,-.029526439,-1.1605165
955,0,1,8,2,2,1,1,2,2,1,3,.25828463,-.23124489
956,0,1,8,2,2,3,2,1,1,1,2,-.69655955,.69956917
957,0,1,8,1,2,1,1,3,3,1,2,.6538915,-.39136755
958,1,1,8,1,2,2,2,2,3,2,1,-.054042414,.61830294
959,1,1,8,1,2,3,2,3,3,1,3,1.0915484,.50445598
960,1,1,8,0,2,1,1,3,3,0,3,1.0915484,-.91184765
962,1,0,6,2,2,1,1,2,1,1,2,-.31552058,-.23124489
963,1,0,6,2,1,2,2,2,2,2,2,-.33721483,.77397722
964,1,1,6,0,1,0,2,2,1,2,2,-.60401618,-.10607889
965,0,1,6,2,3,0,0,3,3,0,3,1.5962187,-1.4586514
966,1,1,6,3,3,3,3,2,3,3,3,.9500668,2.1848817
967,1,1,6,2,3,0,0,3,3,3,3,1.5962187,-.43027934
968,1,0,6,1,3,2,2,3,2,0,2,.66415358,-.00018236542
969,1,1,6,2,1,2,1,1,3,1,2,-.51082033,.091056138
970,1,1,6,2,3,1,1,2,2,1,3,.58610678,-.23124489
971,1,1,6,0,1,3,3,0,0,3,0,-2.09743,1.6768662
972,1,0,6,2,2,1,2,1,1,1,2,-.69655955,.11516648
973,1,1,6,0,3,2,3,1,2,3,3,.23318544,1.2270675
974,1,0,6,0,1,0,0,3,3,0,3,.87950295,-1.9067848
975,1,1,6,2,1,2,2,3,2,3,3,.45190403,1.0766572
976,1,1,6,1,3,1,1,2,2,1,2,.22404699,-.39136755
977,1,1,6,3,3,1,0,3,3,1,3,1.5962187,-.46411964
978,1,0,6,0,3,0,2,3,0,2,1,.015412439,-.10607889
979,1,0,6,3,2,3,3,1,1,2,1,-.96225196,1.6627078
980,1,0,6,1,3,1,2,2,2,1,3,.58610678,-.060567442
981,1,1,6,2,2,2,1,1,2,2,2,-.43684897,.44280446
982,1,0,6,3,3,0,1,3,3,0,3,1.5962187,-.84651077
983,1,1,6,2,2,3,0,2,1,2,3,.0061774338,.46489948
984,1,0,6,2,0,3,0,2,2,2,3,-.091177925,.46489948
985,1,1,6,2,3,2,2,2,2,2,2,.22404699,.77397722
986,1,1,6,1,3,2,2,3,3,1,3,1.5962187,.27485308
987,1,0,6,0,3,2,0,1,3,2,1,-.16723306,-.17409736
988,1,0,6,0,2,3,1,3,2,1,3,.70286113,-.049906753
989,1,0,6,2,3,1,2,3,2,1,2,.66415358,.11516648
990,1,1,6,2,2,1,2,2,1,0,2,-.31552058,-.19147244
991,1,1,6,1,2,1,1,2,1,1,2,-.31552058,-.39136755
992,1,0,6,3,2,2,1,1,3,2,3,.21396805,.60290915
993,1,1,6,1,2,1,1,2,3,1,2,.20908262,-.39136755
994,1,1,8,2,2,3,1,2,2,1,2,-.064017087,.29057699
995,0,1,8,2,2,1,0,3,3,1,3,1.0915484,-.57591611
996,0,1,8,1,2,0,1,0,2,2,2,-.64542234,-.35810053
997,1,2,8,2,3,1,2,1,2,0,1,-.47471175,-.19147244
998,0,1,8,2,2,2,1,2,2,1,2,-.064017087,.091056138
999,0,1,8,1,2,2,1,2,1,2,2,-.31552058,.27232775
1000,0,1,8,1,3,1,1,2,2,1,2,.22404699,-.39136755
1001,0,1,6,1,3,1,2,3,1,1,2,.43358421,-.060567442
1002,0,0,6,3,2,1,2,2,2,2,2,-.064017087,.63483679
1003,1,0,6,2,1,2,0,2,1,2,3,-.31091756,.19893241
1004,0,1,6,1,2,2,2,3,3,3,2,.6538915,.90940875
1005,0,0,6,1,3,1,1,2,3,1,2,.53782457,-.39136755
1006,0,0,6,1,3,1,0,1,0,2,3,-.22277844,-.40391853
1007,0,0,6,2,1,0,2,1,2,1,3,-.45296574,-.16074239
1008,0,0,6,2,1,3,1,2,2,1,1,-.62370199,.29057699
1009,0,0,6,2,2,1,2,2,1,1,2,-.31552058,.11516648
1010,0,0,6,2,2,1,1,2,2,1,2,-.064017087,-.23124489
1011,0,0,6,1,1,2,2,2,3,3,1,-.3861253,.90940875
1012,0,0,6,3,2,2,2,2,2,2,2,-.064017087,.93756354
1013,0,1,6,2,2,2,2,3,2,2,2,.3194226,.77397722
1014,0,0,6,2,2,2,1,2,2,1,2,-.064017087,.091056138
1015,1,0,6,3,2,2,2,1,1,2,1,-.96225196,.93756354
1016,1,0,6,2,3,2,2,2,2,1,2,.22404699,.44643846
1017,0,0,6,3,2,2,3,3,3,2,3,1.0915484,1.2795445
1018,0,0,6,0,3,3,0,3,0,0,3,.88258147,-1.0158285
1019,0,0,6,2,1,1,2,1,2,1,1,-.99113524,.11516648
1020,0,0,6,1,1,1,1,1,0,1,0,-1.6527984,-.39136755
1021,0,0,6,1,2,1,0,2,3,1,3,.57535625,-.74469846
1022,0,0,6,1,2,0,0,2,3,0,3,.57535625,-1.6141624
1023,0,0,6,0,2,1,2,3,3,0,2,.6538915,-.58281988
1024,0,0,6,3,3,3,3,3,3,3,3,1.5962187,2.1848817
1025,0,0,6,2,1,0,2,1,0,1,1,-1.4068148,-.16074239
1026,0,0,6,2,2,2,2,1,2,2,2,-.43684897,.77397722
1027,0,1,6,3,3,2,1,2,2,0,2,.22404699,-.059613187
1028,0,0,6,1,2,2,3,,2,2,2,-.10092714,.91137826
1029,0,0,6,2,2,2,1,3,2,0,3,.70286113,-.20861302
1030,0,0,6,0,0,0,3,0,0,1,1,-2.0589819,-.40112308
1031,1,1,6,3,0,1,2,2,1,3,0,-1.2913103,.96674854
1032,0,0,6,2,2,1,1,2,0,2,2,-.43342707,.11393275
1033,0,0,6,1,2,1,2,2,2,1,2,-.064017087,-.060567442
1034,1,1,6,2,3,3,0,2,2,3,2,.22404699,.88752729
1035,1,0,6,2,2,1,1,2,3,1,2,.20908262,-.23124489
1036,0,0,6,3,3,3,1,3,3,3,3,1.5962187,1.3423948
1037,0,0,6,1,3,1,1,3,3,2,3,1.5962187,-.060038511
1038,0,0,6,2,3,1,1,2,2,0,2,.22404699,-.56466365
1039,1,0,6,2,3,2,2,2,3,2,2,.53782457,.77397722
1040,0,1,6,3,3,0,0,2,2,1,2,.22404699,-.85925108
1042,1,0,6,0,3,1,0,2,2,1,3,.58610678,-.92272121
1043,1,0,6,2,2,1,1,2,2,2,2,-.064017087,.11393275
1044,1,1,6,2,3,0,1,3,2,2,3,1.0983543,-.15862329
1045,1,1,6,2,2,2,2,2,1,2,2,-.31552058,.77397722
1046,1,0,6,2,2,1,1,2,2,1,2,-.064017087,-.23124489
1047,1,2,6,1,2,1,1,2,2,1,2,-.064017087,-.39136755
1048,1,1,6,2,2,1,1,2,3,1,2,.20908262,-.23124489
1049,0,1,6,0,0,3,3,0,3,0,3,-.58413327,.43845534
1050,1,1,6,2,2,1,2,1,1,2,2,-.69655955,.47236976
1051,1,1,6,1,2,1,1,2,0,2,2,-.43342707,-.060038511
1052,1,0,6,1,2,2,1,2,2,1,2,-.064017087,-.079788059
1053,1,0,6,,,,,,,,,,
1054,1,0,6,2,2,2,1,1,1,0,2,-.69655955,-.20861302
1055,0,1,6,2,2,1,1,1,2,1,1,-.71693271,-.23124489
1056,1,0,6,2,1,1,1,1,0,1,1,-1.4068148,-.23124489
1057,1,1,6,3,3,3,1,2,0,2,3,.29041275,.89787233
1058,1,1,6,2,2,1,1,2,2,2,2,-.064017087,.11393275
1059,1,0,6,0,2,1,1,2,2,1,3,.25828463,-.53172952
1060,0,0,6,2,2,2,2,1,3,1,1,-.50224477,.44643846
1061,1,0,6,3,2,2,2,2,2,3,2,-.064017087,1.2753807
1062,1,0,6,0,2,1,1,2,3,0,2,.20908262,-.91184765
1063,1,0,6,1,2,1,1,2,3,1,2,.20908262,-.39136755
1064,1,0,6,2,3,1,2,3,2,2,2,.66415358,.47236976
1065,0,1,6,2,2,1,1,2,2,1,2,-.064017087,-.23124489
1066,0,0,6,2,3,2,2,1,1,1,1,-.77136987,.44643846
1067,0,1,6,3,,1,2,1,2,1,3,-.13176498,.26213661
1068,1,1,6,1,2,2,2,2,2,2,2,-.064017087,.61830294
1069,1,1,6,1,3,2,1,2,2,1,2,.22404699,-.079788059
1070,1,1,6,2,3,1,0,3,2,0,3,1.0983543,-.99534655
1071,0,0,6,1,2,1,1,3,2,1,1,.057443667,-.39136755
1072,0,0,6,2,2,1,2,1,2,1,2,-.43684897,.11516648
1073,1,1,6,0,3,3,2,3,0,0,3,.88258147,.061246987
1074,0,0,6,0,3,1,1,1,1,1,1,-.77136987,-.53172952
1075,0,1,6,2,2,2,2,2,2,2,2,-.064017087,.77397722
1076,0,1,6,2,2,3,2,2,1,2,2,-.31552058,1.0465374
1077,1,0,6,2,3,2,1,3,2,0,2,.66415358,-.20861302
1078,1,0,6,3,3,2,2,3,2,,2,.66415358,.91999418
1079,0,0,6,3,3,3,3,3,3,3,3,1.5962187,2.1848817
1080,0,1,6,0,3,0,3,3,2,0,3,1.0983543,-.97396302
1081,0,1,6,2,2,2,2,1,1,2,2,-.69655955,.77397722
1082,1,0,6,2,1,2,2,1,1,2,1,-1.2106394,.77397722
1083,0,0,6,2,2,3,1,3,3,3,2,.6538915,1.0746788
1084,1,0,6,2,3,2,0,3,3,1,3,1.5962187,-.22073169
1085,1,0,6,2,3,2,1,2,2,2,2,.22404699,.44280446
1086,1,0,6,1,1,2,2,1,2,2,1,-.99113524,.61830294
1087,1,0,6,2,3,1,2,3,3,1,3,1.5962187,.11516648
1089,1,0,6,2,2,2,2,2,2,2,2,-.064017087,.77397722
1090,1,0,6,1,3,3,1,2,2,2,3,.58610678,.50003147
1091,1,0,6,0,3,0,3,3,3,0,3,1.5962187,-.97396302
1092,1,0,6,2,2,3,2,1,0,3,1,-1.143747,1.4201837
1093,1,0,6,0,3,2,3,3,3,1,3,1.5962187,.41443545
1094,1,0,6,2,3,2,2,3,2,0,3,1.0983543,.21204953
1095,1,0,6,0,3,2,2,1,2,1,1,-.47471175,.16501163
1096,1,1,6,1,2,3,1,1,1,2,3,-.42610797,.50003147
1097,1,0,6,2,1,1,1,2,2,2,2,-.33721483,.11393275
1098,1,0,6,2,3,3,1,3,3,2,3,1.5962187,.69432241
1099,1,0,6,3,0,1,1,0,1,0,1,-1.7526664,-.45198154
1100,1,0,6,3,2,3,3,3,3,3,3,1.0915484,2.1848817
1101,1,0,6,3,3,3,3,3,3,3,3,1.5962187,2.1848817
1102,1,0,6,1,1,2,2,1,1,2,0,-1.4087995,.61830294
1103,1,0,6,0,2,1,0,2,3,0,3,.57535625,-1.3841718
1104,1,0,6,2,1,2,2,2,2,2,2,-.33721483,.77397722
1105,1,0,6,2,2,1,2,1,0,2,1,-1.143747,.47236976
1106,1,0,6,0,3,3,0,3,3,1,3,1.5962187,-.46854097
1107,1,0,6,2,1,2,2,2,2,2,2,-.33721483,.77397722
1108,1,0,6,2,3,2,2,3,1,2,1,.13492732,.77397722
1109,1,0,6,1,1,0,1,1,1,1,1,-1.2106394,-.70078504
1110,1,0,6,2,2,2,1,2,2,0,2,-.064017087,-.20861302
1111,1,0,6,2,2,2,1,1,0,0,3,-.58077872,-.20861302
1112,1,0,6,3,2,3,2,2,2,3,3,.25828463,1.6562328
1113,1,0,6,2,2,0,0,3,3,0,3,1.0915484,-1.4586514
1114,1,0,6,0,3,2,3,3,,2,3,1.4533336,.83305186
1115,1,0,6,3,3,3,3,3,3,1,3,1.5962187,1.3545667
1116,1,0,6,3,1,2,3,3,3,1,1,.077326484,.93998671
1117,1,0,6,2,2,1,1,2,2,2,2,-.064017087,.11393275
1118,1,1,6,0,2,1,1,2,2,0,3,.25828463,-.91184765
1119,1,0,6,1,2,2,2,2,2,2,2,-.064017087,.61830294
1120,1,0,6,1,3,0,0,0,0,1,0,-1.7047733,-1.1218179
1121,0,1,8,2,2,1,1,2,2,1,2,-.064017087,-.23124489
1122,0,2,8,1,3,1,1,3,3,1,3,1.5962187,-.39136755
1123,1,1,8,1,3,3,2,1,1,3,1,-.77136987,1.2509776
1124,1,0,6,2,2,2,2,2,3,3,3,.57535625,1.0766572
1125,1,0,6,1,1,0,1,2,2,2,3,-.016713744,-.35810053
1126,1,0,6,0,2,2,2,3,2,0,2,.3194226,-.16318105
1127,1,0,6,2,1,0,1,1,2,1,0,-1.1759139,-.53172666
1128,1,0,6,3,2,2,3,2,3,3,3,.57535625,1.7032012
1129,0,0,6,3,3,3,3,3,1,3,3,.91586554,2.1848817
1130,1,1,6,2,3,2,3,3,3,2,3,1.5962187,1.0795684
1131,0,0,6,3,3,3,2,3,2,2,3,1.0983543,1.2419208
1132,1,0,6,2,0,1,3,3,3,2,1,-.02442003,.75831765
1133,0,0,6,3,2,3,3,1,2,3,3,-.12513666,2.1848817
1134,1,0,6,0,3,2,2,3,2,2,3,1.0983543,.53535259
1135,0,0,6,1,2,1,1,2,2,1,1,-.3280234,-.39136755
1136,0,0,6,2,2,1,1,2,1,0,2,-.31552058,-.56466365
1137,1,0,6,0,2,2,2,1,2,2,2,-.43684897,.53535259
1138,1,0,6,1,2,2,1,1,2,1,1,-.71693271,-.079788059
1139,1,0,6,3,3,2,3,3,3,2,3,1.5962187,1.2795445
1140,0,0,6,1,2,2,2,2,2,2,2,-.064017087,.61830294
1141,1,0,6,1,1,2,2,3,3,1,2,.39187685,.27485308
1142,1,0,6,0,0,0,1,2,1,0,0,-1.2913103,-1.3306642
1143,1,0,6,2,3,2,1,1,3,2,3,.65881711,.44280446
1144,1,0,6,0,1,2,3,2,1,0,1,-.88684392,.077154383
1145,1,0,6,2,3,3,3,3,3,1,1,.88696146,1.0849557
1146,1,0,6,2,3,3,3,3,3,2,3,1.5962187,1.4253008
1147,0,0,6,1,2,1,1,2,2,2,1,-.3280234,-.060038511
1148,1,0,6,2,2,1,2,3,3,1,3,1.0915484,.11516648
1149,1,0,6,2,2,3,2,3,3,3,3,1.0915484,1.4201837
1150,0,0,6,2,3,2,0,3,3,2,2,1.047439,.19893241
1151,1,0,6,2,2,2,2,2,2,2,2,-.064017087,.77397722
1153,0,0,6,0,2,2,2,2,2,3,3,.25828463,.83153886
1154,0,0,6,3,3,3,3,3,3,3,3,1.5962187,2.1848817
1155,0,0,6,2,3,1,1,2,1,1,1,-.33259287,-.23124489
1156,1,0,6,0,0,0,0,0,0,0,0,-2.4811723,-1.9067848
1160,1,0,6,1,1,1,1,0,1,2,0,-1.7839738,-.060038511
1162,1,0,6,,,,,,,,,,
1163,1,0,6,2,0,3,2,1,2,0,3,-.58334625,.48064148
1165,1,0,6,0,2,0,3,1,1,2,2,-.69655955,.14502187
1170,0,1,8,3,3,1,2,3,2,1,2,.66415358,.26213661
1171,1,1,8,1,3,0,1,3,3,2,3,1.5962187,-.35810053
1172,0,1,8,3,3,1,0,2,3,2,3,.9500668,-.047396783
1176,1,0,6,1,2,1,2,2,2,1,2,-.064017087,-.060567442
1179,1,0,6,,,,,,,,,,
1183,1,1,6,2,2,1,2,1,2,1,2,-.43684897,.11516648
1185,1,0,6,1,0,2,0,3,3,0,2,.34032083,-.85362756
1190,0,1,8,2,2,1,1,2,2,1,2,-.064017087,-.23124489
1191,0,1,8,1,2,1,1,1,2,1,2,-.43684897,-.39136755
1192,1,1,8,2,1,2,1,2,1,2,2,-.60401618,.44280446
1193,1,0,6,0,2,2,2,2,2,2,2,-.064017087,.53535259
1195,1,0,6,1,3,1,1,3,3,1,3,1.5962187,-.39136755
1196,1,1,6,3,3,1,0,3,2,1,2,.66415358,-.46411964
1200,1,0,6,0,2,1,1,2,1,1,1,-.59841353,-.53172952
1205,1,2,6,2,2,2,2,1,1,2,2,-.69655955,.77397722
1206,1,1,6,2,2,2,2,2,2,2,2,-.064017087,.77397722
1207,0,0,6,1,2,0,0,3,3,0,3,1.0915484,-1.6141624
1208,0,0,6,2,2,2,2,2,2,2,2,-.064017087,.77397722
1209,0,0,6,2,2,2,2,2,2,2,2,-.064017087,.77397722
1210,0,0,6,3,2,3,2,3,3,2,3,1.0915484,1.2419208
1211,1,0,6,2,2,2,2,2,2,2,1,-.3280234,.77397722
1213,0,0,6,1,3,3,2,2,2,1,1,-.032787878,.50445598
1214,0,0,6,2,3,1,0,2,0,2,3,.29041275,-.20130731
1215,0,0,6,3,3,3,3,3,3,3,3,1.5962187,2.1848817
1216,0,0,6,3,2,3,3,2,2,2,3,.25828463,1.6627078
1217,1,0,6,0,0,0,0,0,0,0,0,-2.4811723,-1.9067848
1218,1,0,6,3,2,2,1,2,3,0,3,.57535625,-.059613187
1219,1,0,6,1,2,1,2,2,2,1,3,.25828463,-.060567442
1220,1,0,6,0,0,0,0,0,1,0,0,-2.0827305,-1.9067848
1221,1,0,6,3,2,2,1,2,3,1,3,.57535625,.23338215
1223,1,0,6,0,3,3,2,3,1,3,2,.43358421,1.1838276
1224,1,0,6,1,2,2,2,3,2,2,1,.057443667,.61830294
1225,1,0,6,3,2,1,3,3,3,3,3,1.0915484,1.4253426
1226,1,0,6,1,3,2,2,3,0,3,3,.88258147,.90940875
1227,0,0,6,1,2,3,1,3,0,0,2,-.039799824,-.25953251
1228,0,0,6,2,3,0,1,3,3,1,3,1.5962187,-.53172666
1229,1,0,6,3,3,3,3,3,3,3,3,1.5962187,2.1848817
1230,1,0,6,1,3,3,3,0,3,3,3,.59864229,1.7275686
1231,1,0,6,0,2,1,1,2,2,1,3,.25828463,-.53172952
1232,1,0,6,2,1,0,2,2,2,3,1,-.62370199,.56164259
1233,1,0,6,0,1,0,0,0,1,2,3,-1.0728019,-1.0559957
1234,1,0,6,0,2,2,3,2,1,2,3,.0061774338,.83305186
1235,1,0,6,2,1,2,1,2,3,1,3,.3149814,.091056138
1236,1,0,6,3,3,3,3,3,3,3,3,1.5962187,2.1848817
1237,1,0,6,0,2,2,,0,1,1,2,-.95628208,-.14504521
1238,1,0,6,1,1,2,2,1,1,1,3,-.75504327,.27485308
1239,1,0,6,3,2,0,0,2,0,1,0,-.94959563,-.85925108
1241,0,0,6,1,2,0,1,3,2,1,2,.3194226,-.70078504
1242,0,0,6,1,3,1,1,3,2,2,2,.66415358,-.060038511
1243,0,1,6,0,3,0,0,3,3,0,1,.88696146,-1.9067848
1244,1,1,6,3,2,1,2,1,2,2,1,-.71693271,.63483679
1245,1,1,6,2,2,2,2,3,3,2,2,.6538915,.77397722
1247,0,0,6,2,2,2,1,1,1,2,1,-.96225196,.44280446
1248,0,1,6,2,2,1,2,2,3,1,3,.57535625,.11516648
1249,0,3,6,1,1,1,3,2,2,2,3,-.016713744,.55930436
1250,1,0,6,2,2,2,2,2,2,1,2,-.064017087,.44643846
1251,1,0,6,2,2,1,0,2,2,1,3,.25828463,-.57591611
1252,0,1,6,2,2,1,1,2,2,1,2,-.064017087,-.23124489
1253,0,1,6,3,2,2,0,3,2,2,3,.70286113,.37953538
1254,0,1,6,0,1,1,1,1,1,1,1,-1.2106394,-.53172952
1255,0,1,6,0,3,1,3,2,2,1,3,.58610678,-.015864471
1258,0,1,6,2,2,2,0,3,2,2,2,.3194226,.19893241
1259,0,1,6,0,1,2,0,1,0,2,0,-1.6527984,-.17409736
1260,0,1,6,2,2,2,2,2,2,2,3,.25828463,.77397722
1261,1,1,6,1,2,2,1,2,2,2,2,-.064017087,.27232775
1271,1,1,8,1,2,1,1,2,2,1,2,-.064017087,-.39136755
1272,0,1,8,1,3,0,1,3,3,0,3,1.5962187,-1.1110746
1273,0,1,8,1,2,1,0,2,2,0,2,-.064017087,-1.1605165
1274,1,1,8,2,2,1,2,2,1,2,2,-.31552058,.47236976
1275,0,2,8,0,2,1,2,2,2,2,2,-.064017087,.19042993
1276,0,1,8,0,2,2,1,0,1,2,2,-.95628208,.16341542
1277,1,1,8,2,3,2,2,2,2,1,2,.22404699,.44643846
1278,1,1,8,3,3,1,2,2,3,2,3,.9500668,.63483679
1279,0,1,8,0,2,2,0,0,2,0,2,-.64542234,-1.0938256
1280,1,3,8,,,,,,,,,,
1281,0,1,8,2,3,2,2,2,2,1,2,.22404699,.44643846
1282,0,1,8,2,2,1,1,2,3,1,2,.20908262,-.23124489
1303,1,2,8,1,0,2,1,2,2,1,1,-.75847566,-.079788059
1304,1,1,8,0,0,0,0,0,0,0,0,-2.4811723,-1.9067848
1305,1,2,8,2,3,2,1,2,3,1,3,.9500668,.091056138
1306,1,1,8,0,2,1,0,2,2,0,3,.25828463,-1.3841718
1307,0,1,8,3,3,0,0,2,3,3,3,.9500668,-.21799618
1308,1,1,8,3,2,1,1,2,2,3,2,-.064017087,.53830409
1309,1,1,8,1,2,1,1,2,2,1,2,-.064017087,-.39136755
1310,1,3,8,0,3,2,1,1,2,2,2,-.16052555,.16341542
1311,1,1,8,0,2,0,0,2,3,1,2,.20908262,-1.3417779
1312,1,1,8,0,3,2,2,2,1,1,1,-.33259287,.16501163
1313,1,1,8,0,1,0,2,2,1,3,2,-.60401618,.14820412
1314,1,1,8,0,1,2,1,1,2,2,1,-.99113524,.16341542
1315,0,1,8,2,3,2,2,2,3,2,3,.9500668,.77397722
1316,0,1,8,0,3,2,2,3,2,2,3,1.0983543,.53535259
1317,0,2,8,0,3,1,1,2,1,0,2,-.029526439,-.91184765
1318,1,1,8,2,2,1,1,2,1,2,2,-.31552058,.11393275
1319,1,1,8,1,2,1,1,2,2,1,2,-.064017087,-.39136755
1320,1,1,8,3,1,2,3,1,3,2,1,-.82963341,1.2795445
1321,1,1,8,0,1,2,3,3,3,3,3,.87950295,1.2270675
1322,1,1,8,2,0,1,1,2,2,2,3,-.091177925,.11393275
1324,0,1,8,1,3,0,0,3,3,1,3,1.5962187,-1.1218179
1326,0,1,8,2,3,1,0,2,3,0,3,.9500668,-.99534655
1327,0,1,8,2,2,2,3,2,2,2,2,-.064017087,1.0795684
1328,0,1,8,1,2,0,0,3,3,2,2,.6538915,-.81147075
1329,0,1,8,1,2,1,0,2,3,1,3,.57535625,-.74469846
1330,0,3,8,1,2,1,1,1,2,1,2,-.43684897,-.39136755
1331,1,3,8,1,2,1,0,2,2,1,2,-.064017087,-.74469846
1332,0,3,8,1,2,1,1,2,2,1,2,-.064017087,-.39136755
1333,0,1,8,2,2,1,1,1,2,1,2,-.43684897,-.23124489
1334,1,1,8,1,3,1,1,3,2,1,2,.66415358,-.39136755
1335,0,1,8,2,2,1,1,2,2,1,2,-.064017087,-.23124489
1336,0,1,8,1,2,0,0,3,3,0,2,.6538915,-1.6141624
1337,1,1,8,2,2,1,1,2,1,1,2,-.31552058,-.23124489
1338,0,1,8,3,3,2,0,2,2,0,2,.22404699,-.50215054
1340,0,1,8,2,1,1,1,2,0,1,2,-.76226717,-.23124489
1341,0,1,8,0,2,0,0,3,3,1,2,.6538915,-1.3417779
1342,0,1,8,2,2,1,1,1,0,1,3,-.58077872,-.23124489
1343,0,1,8,1,1,1,1,2,2,1,2,-.33721483,-.39136755
1345,0,1,8,1,3,2,1,3,3,1,3,1.5962187,-.079788059
1346,1,1,8,0,0,0,0,0,0,0,0,-2.4811723,-1.9067848
1347,0,1,8,0,2,0,0,2,3,0,2,.20908262,-1.9067848
1348,0,2,8,2,3,2,1,2,2,1,2,.22404699,.091056138
1349,0,1,8,1,2,1,2,2,0,1,1,-.75485653,-.060567442
1350,1,1,8,0,1,2,2,2,3,3,3,.3149814,.83153886
1351,0,1,8,1,2,1,1,3,3,2,3,1.0915484,-.060038511
1352,0,1,8,1,2,1,2,2,3,1,1,-.054042414,-.060567442
1353,0,1,8,1,2,1,1,2,3,1,3,.57535625,-.39136755
1354,0,1,8,2,2,2,2,2,2,2,2,-.064017087,.77397722
1355,1,1,8,1,2,1,1,3,2,1,3,.70286113,-.39136755
1363,1,1,8,0,2,1,1,2,2,1,2,-.064017087,-.53172952
1364,0,1,8,3,3,1,0,3,3,1,3,1.5962187,-.46411964
1365,0,1,8,3,2,1,1,1,0,1,1,-1.143747,-.1127855
1366,0,1,8,2,2,2,1,1,1,1,2,-.69655955,.091056138
1367,0,1,8,2,2,1,2,1,2,2,2,-.43684897,.47236976
1368,0,2,8,0,3,1,0,3,3,1,2,1.047439,-.92272121
1369,1,1,8,2,2,2,1,1,2,1,2,-.43684897,.091056138
1370,1,1,8,2,2,1,1,3,3,1,3,1.0915484,-.23124489
1371,0,1,8,0,2,1,0,2,2,2,3,.25828463,-.58761358
1372,0,1,8,2,2,2,1,2,1,2,1,-.59841353,.44280446
1373,1,1,8,2,1,2,0,2,0,0,2,-.76226717,-.64313632
1374,0,1,8,2,3,1,1,2,2,1,2,.22404699,-.23124489
1375,0,1,8,3,1,2,2,1,0,2,2,-1.1563197,.93756354
1376,0,1,8,3,2,1,1,3,3,1,3,1.0915484,-.1127855
1377,0,1,8,0,2,0,1,2,3,1,2,.20908262,-.87532932
1378,0,1,8,0,3,0,0,3,0,0,3,.88258147,-1.9067848
1379,0,1,8,3,1,3,1,1,2,2,0,-1.1759139,.89787233
1380,0,1,8,1,3,1,0,2,3,0,3,.9500668,-1.1605165
1381,0,1,8,2,2,1,1,2,2,1,2,-.064017087,-.23124489
1382,0,1,8,2,2,1,1,2,2,1,2,-.064017087,-.23124489
1383,0,1,8,3,1,1,2,2,2,2,2,-.33721483,.63483679
1384,1,1,8,1,2,2,1,2,2,2,2,-.064017087,.27232775
1385,0,1,8,2,1,2,1,2,1,1,2,-.60401618,.091056138
1386,1,1,8,1,3,3,2,2,2,2,2,.22404699,.88043451
1387,0,1,8,2,2,2,2,1,2,1,2,-.43684897,.44643846
1388,1,1,8,2,2,1,1,2,2,1,2,-.064017087,-.23124489
1389,0,1,8,1,2,1,2,2,2,1,2,-.064017087,-.060567442
1511,1,1,8,2,2,2,1,1,3,1,1,-.50224477,.091056138
1512,0,1,8,0,3,1,0,3,2,2,3,1.0983543,-.58761358
1522,1,1,8,2,1,2,2,1,3,1,2,-.51082033,.44643846
1523,1,2,8,2,2,2,2,1,1,1,1,-.96225196,.44643846
1524,0,2,8,3,3,3,3,3,3,3,3,1.5962187,2.1848817
1525,0,1,8,2,1,1,0,0,0,0,0,-2.09743,-.99534655
1526,1,1,8,0,3,1,0,3,2,2,3,1.0983543,-.58761358
1527,1,1,8,3,2,3,2,2,2,2,3,.25828463,1.2419208
1528,0,1,8,0,2,0,0,2,2,1,3,.25828463,-1.3417779
1529,1,1,8,2,0,1,2,0,0,2,0,-2.4811723,.47236976
1530,0,1,8,0,2,1,1,2,2,0,3,.25828463,-.91184765
1531,1,1,8,1,2,1,0,3,2,0,3,.70286113,-1.1605165
1532,0,1,8,3,2,2,0,2,3,1,3,.57535625,-.072242811
1535,0,1,8,2,3,0,0,3,3,1,3,1.5962187,-.95542222
1536,0,1,8,0,3,1,0,3,2,2,3,1.0983543,-.58761358
1537,1,1,8,0,2,1,2,0,0,0,2,-1.1962701,-.58281988
1538,1,1,8,0,3,1,1,3,2,1,3,1.0983543,-.53172952
1539,0,1,8,1,0,1,0,3,3,1,3,.8534646,-.74469846
1540,0,1,8,0,3,1,1,3,3,2,3,1.5962187,-.19130896
1541,0,1,8,1,2,0,1,2,1,1,2,-.31552058,-.70078504
1542,1,2,8,3,3,3,0,2,3,0,3,.9500668,-.30915633
1543,0,1,8,0,1,1,0,0,0,0,0,-2.09743,-1.3841718
1544,0,1,8,2,2,1,1,2,2,1,2,-.064017087,-.23124489
1546,1,1,8,2,2,0,1,3,3,0,3,1.0915484,-.94374251
1547,0,1,8,2,2,2,1,1,2,2,2,-.43684897,.44280446
1548,0,1,8,1,2,1,2,1,2,1,2,-.43684897,-.060567442
1549,0,1,8,2,3,1,1,2,3,2,2,.53782457,.11393275
1550,0,1,8,2,1,2,1,2,2,0,3,-.016713744,-.20861302
1551,1,1,8,2,2,1,1,1,2,1,2,-.43684897,-.23124489
1552,0,1,8,3,2,2,2,1,2,3,1,-.71693271,1.2753807
1553,0,1,8,1,1,1,0,1,2,1,2,-.72197121,-.74469846
1554,0,1,8,1,2,1,1,2,2,1,2,-.064017087,-.39136755
1555,0,1,8,1,2,0,2,1,1,2,1,-.96225196,.052246977
1556,0,1,8,1,2,2,2,1,2,0,2,-.43684897,-.00018236542
