Folio,GÃ©nero,Edad,Escuela,Max1,Max2,Max3,Max4,Max5,Max6,Max7,Max8,Max9,Max10,Max11,Max12,Max13,Max14,Max15,ThetaBA,ThetaCon,ThetaDD
1,0,3,1,3,1,2,2,2,3,1,2,3,2,2,1,1,3,2,.30029538,-.88750303,.62952048
2,0,2,1,2,3,1,1,2,1,3,0,1,1,2,0,2,0,0,-.5276829,-.18181866,-.94838494
3,1,1,1,3,3,3,0,0,3,3,1,3,0,3,2,2,1,1,-1.588267,.696024,-.23441891
4,1,3,1,3,3,1,1,0,3,3,1,3,0,3,2,0,1,0,-2.0075986,.38346308,-.19963144
5,1,2,1,2,3,2,2,2,3,3,2,3,1,3,3,3,1,2,-.065269858,.89192474,.93773198
6,1,2,1,3,1,1,1,2,2,3,3,2,2,2,0,2,0,3,.51666284,-.059622526,-.017283903
7,0,2,1,1,2,0,0,3,1,3,1,1,3,3,1,2,0,3,1.5584854,.36349842,-1.2284092
8,0,2,1,3,2,3,3,3,3,3,3,3,3,3,3,3,3,2,1.1242504,1.1779282,2.1203892
9,1,1,1,3,3,1,0,1,1,3,3,1,0,3,0,2,0,1,-1.1166126,.696024,-.58101863
10,0,2,1,1,1,3,3,1,3,3,3,3,2,3,3,3,3,2,-.010361644,.74519873,2.1203892
11,0,2,1,3,3,3,3,3,3,3,3,3,3,3,3,3,3,3,1.5584854,1.1779282,2.1203892
12,1,2,1,2,1,3,3,3,3,3,3,3,3,3,3,2,3,1,.90817451,.48924264,2.1203892
13,0,1,1,2,2,2,1,3,3,3,2,3,2,3,2,3,3,3,.93433887,.89192474,.41724724
14,0,1,1,1,2,2,2,2,3,3,2,1,2,3,2,2,2,1,.083516158,.36349842,.78642613
15,1,2,1,2,2,0,0,2,2,3,1,1,2,2,2,2,0,3,.51666284,-.18181866,-1.0235567
17,1,2,1,1,3,2,2,1,3,3,2,3,0,3,1,2,3,2,-.84011424,.36349842,.62952048
18,0,1,1,3,3,0,1,2,3,3,1,3,1,3,2,2,2,2,-.065269858,.696024,-.50473809
19,1,2,1,3,3,1,1,3,2,3,2,0,1,3,1,1,3,2,.261067,.45528537,-.052051567
20,0,2,1,2,1,0,1,1,2,3,0,1,2,3,2,3,1,2,-.010361644,.89192474,-.89186072
21,0,2,1,2,2,0,1,3,2,3,1,3,2,3,1,3,1,3,.93433887,.89192474,-.71527869
22,0,1,1,2,2,2,1,3,2,3,1,3,3,1,2,2,1,3,1.5584854,-.53562415,.079921693
23,0,2,1,2,3,3,2,3,3,3,3,3,3,3,3,3,3,2,1.1242504,.89192474,1.5370858
24,0,2,1,2,1,0,1,2,2,2,2,2,2,2,2,2,1,2,.30029538,-.55206549,-.12222527
25,0,1,1,3,0,1,1,2,2,3,1,2,1,3,2,2,1,1,-.31357718,.696024,-.19963144
26,0,1,1,2,1,0,0,1,2,3,1,1,0,3,0,3,1,1,-1.1166126,.89192474,-1.4781533
27,0,2,1,2,1,1,1,2,1,3,1,2,1,3,1,2,1,1,-.31357718,.48924264,-.39816651
28,0,3,1,2,3,3,3,3,3,3,3,3,3,3,2,2,2,2,1.1242504,.48924264,1.814014
29,1,2,1,2,1,0,1,3,3,3,1,3,3,3,2,2,2,3,1.5584854,.48924264,-.50473809
30,0,1,1,3,0,1,1,3,3,2,2,2,3,2,1,0,0,3,1.5584854,-.7305733,-.052051567
31,1,1,1,3,1,1,1,1,2,3,1,1,1,2,1,3,3,2,-.42456412,.18607888,-.39816651
32,1,3,1,2,2,1,2,3,3,3,2,3,2,3,3,3,1,3,.93433887,.89192474,.69382793
33,0,2,1,2,2,1,1,3,2,3,1,2,1,3,1,2,1,1,-.029486129,.48924264,-.39816651
34,1,2,1,2,3,1,1,2,3,3,2,3,2,3,1,2,3,3,.51666284,.48924264,-.052051567
35,0,2,1,2,1,0,1,0,2,1,1,3,0,2,1,1,0,0,-2.0075986,-.9803279,-.71527869
36,0,3,1,2,1,0,0,2,1,3,0,2,1,2,0,2,0,1,-.31357718,-.18181866,-2.0206969
37,0,1,1,3,3,1,0,0,3,3,2,2,1,3,0,1,1,0,-1.3619994,.45528537,-.71067828
38,0,1,1,2,3,2,2,1,3,3,2,2,1,3,1,1,1,1,-.67925137,.25805777,.62952048
39,0,1,1,2,1,1,1,1,2,3,1,2,1,3,0,2,1,2,-.42456412,.48924264,-.56970984
40,0,2,1,2,0,0,0,1,2,2,0,1,1,3,1,2,0,1,-.67925137,-.077705279,-1.6966447
41,0,1,1,1,2,1,2,2,2,3,2,3,2,3,2,2,1,1,.083516158,.36349842,.54576206
42,1,2,1,2,1,0,1,2,2,3,1,2,1,3,1,2,0,0,-.5276829,.48924264,-.71527869
43,0,3,1,1,2,1,1,1,3,3,2,2,1,3,2,2,2,1,-.67925137,.36349842,.143538
44,0,2,1,2,2,0,1,2,3,3,1,3,2,3,1,3,1,1,.083516158,.89192474,-.71527869
45,0,2,1,3,1,2,3,1,3,3,3,3,2,3,1,3,2,1,-.27041367,1.1779282,1.2985462
46,0,1,1,2,3,2,2,2,3,3,2,3,2,3,2,2,3,1,.083516158,.48924264,.78642613
47,0,1,1,2,2,0,1,1,1,2,1,2,1,2,1,2,1,1,-.67925137,-.55206549,-.71527869
48,1,2,1,3,0,1,1,0,2,3,1,3,0,3,0,1,1,3,-1.2128097,.45528537,-.56970984
49,1,1,1,3,3,0,1,2,2,3,0,2,1,3,1,1,1,2,-.065269858,.45528537,-1.108456
50,0,2,1,2,2,3,2,1,3,3,3,3,2,3,2,3,2,2,-.010361644,.89192474,1.3165559
51,0,2,1,3,1,1,1,1,1,3,1,0,1,3,0,2,0,0,-.92631775,.696024,-.56970984
52,1,2,1,3,3,1,0,0,2,3,2,2,0,3,0,2,1,0,-2.0075986,.696024,-.71067828
53,0,1,1,2,2,2,2,3,3,2,2,1,3,3,3,3,3,2,1.1242504,.16463797,.93773198
54,0,1,1,2,3,2,2,2,2,3,2,2,2,3,1,2,2,2,.30029538,.48924264,.62952048
55,0,1,1,1,1,0,1,0,1,3,1,0,0,3,1,,1,1,-1.588267,.47555479,-.71527869
56,0,2,1,2,1,0,1,3,2,3,0,3,2,3,0,1,1,2,.64446807,.25805777,-1.3550699
57,0,2,1,2,2,0,1,3,2,3,1,2,1,3,1,2,3,3,.56374979,.48924264,-.71527869
58,0,2,1,2,3,1,1,0,1,3,1,1,0,3,2,2,1,0,-2.0075986,.48924264,-.19963144
59,1,3,1,2,1,3,3,2,2,2,2,2,2,3,2,2,1,2,.30029538,-.077705279,1.3780514
60,0,2,1,1,3,1,2,1,2,3,1,2,1,3,1,3,3,1,-.67925137,.74519873,.034030739
61,1,2,1,2,1,1,1,2,1,3,1,3,1,3,1,2,1,2,-.065269858,.48924264,-.39816651
62,0,2,1,3,2,0,1,3,1,3,1,3,3,3,1,2,0,2,1.1242504,.696024,-.71527869
63,1,2,1,2,1,0,1,1,2,3,1,2,1,2,0,1,0,1,-.67925137,-.37750062,-.91924
64,0,2,1,3,3,1,1,2,2,3,2,3,2,3,1,2,3,1,.083516158,.696024,-.052051567
65,1,2,1,2,2,0,1,1,2,3,1,2,1,1,1,2,1,2,-.42456412,-.53562415,-.71527869
66,0,3,1,2,2,0,1,2,2,3,1,1,2,3,1,2,1,2,.30029538,.48924264,-.71527869
67,1,2,1,3,3,1,1,1,2,3,1,3,1,3,2,2,2,1,-.67925137,.696024,-.19963144
68,0,1,1,3,3,2,2,2,2,3,2,3,1,3,2,3,2,2,-.065269858,1.1779282,.78642613
69,0,1,1,2,2,0,1,2,2,3,1,2,3,3,1,2,2,3,.95408219,.48924264,-.71527869
70,0,3,1,3,1,3,3,3,3,3,3,3,2,1,1,2,3,1,.42178065,-.39397252,1.6543667
71,1,2,1,3,1,2,2,1,0,3,2,2,0,2,1,3,2,1,-1.1166126,.18607888,.62952048
72,0,1,1,3,3,1,2,2,2,2,1,2,2,3,1,3,2,2,.30029538,.33166075,.034030739
73,1,1,1,2,3,3,3,1,3,3,3,3,1,3,2,2,3,1,-.67925137,.48924264,1.814014
74,0,1,1,1,2,2,1,0,2,3,2,3,0,2,1,1,1,0,-2.0075986,-.4808217,.2281201
75,0,2,1,2,3,2,1,1,3,3,1,2,0,3,1,2,2,0,-1.4391522,.48924264,-.12857406
76,0,2,1,1,2,1,2,1,3,3,2,2,1,3,1,1,1,1,-.67925137,.12768142,.37111124
77,1,2,1,2,1,1,1,2,2,3,2,1,1,1,0,2,1,3,.13534772,-.53562415,-.20324881
78,0,2,1,3,1,1,1,2,2,3,1,2,1,3,1,1,1,2,-.065269858,.45528537,-.39816651
79,0,2,1,2,3,0,0,2,1,3,1,2,1,3,1,2,0,2,-.065269858,.48924264,-1.2284092
80,1,2,1,3,1,1,1,3,3,3,1,3,2,2,1,1,2,1,.42178065,-.26127809,-.39816651
81,0,2,1,3,2,0,1,2,1,3,2,1,1,3,0,2,0,2,-.065269858,.696024,-.5460732
82,1,2,1,2,2,2,1,1,2,2,1,2,2,3,1,1,1,2,-.010361644,-.28296947,-.12857406
83,0,2,1,3,2,1,3,1,3,3,2,0,0,3,2,3,0,0,-1.4391522,1.1779282,.83640635
84,0,2,1,3,3,3,2,3,2,3,2,3,1,3,3,3,2,3,.56374979,1.1779282,1.1650928
85,1,3,1,1,2,0,3,0,1,3,1,0,1,2,1,3,0,0,-1.3619994,-.075038873,-.10481983
86,0,2,1,3,0,2,2,3,3,3,3,3,3,3,1,1,3,3,1.5584854,.45528537,.90143162
87,1,1,1,2,2,1,1,0,2,3,2,2,3,3,0,3,1,1,-.32082492,.89192474,-.20324881
88,0,1,1,3,1,2,1,3,3,3,2,2,3,3,2,3,3,3,1.5584854,1.1779282,.41724724
89,0,2,1,1,1,1,0,2,3,3,1,2,2,3,0,2,1,2,.30029538,.36349842,-1.0729505
90,1,2,1,2,1,2,1,2,2,2,1,2,2,2,1,1,2,2,.30029538,-.72431529,-.12857406
91,0,1,1,2,1,1,1,3,2,3,1,2,3,2,1,2,1,3,1.5584854,-.18181866,-.39816651
92,1,2,1,2,2,1,1,3,2,2,1,3,2,2,1,1,2,3,.93433887,-.72431529,-.39816651
93,0,1,1,3,0,1,1,2,3,1,1,3,3,3,2,1,2,3,.95408219,-.39385816,-.19963144
94,0,2,1,1,2,2,2,2,2,2,1,2,2,2,1,2,2,2,.30029538,-.6404233,.32229173
95,0,2,1,2,2,1,1,0,2,3,1,3,0,3,1,2,1,0,-2.0075986,.48924264,-.39816651
96,1,2,1,2,2,0,1,1,2,3,1,2,1,1,1,1,1,1,-.67925137,-.78263736,-.71527869
98,0,2,1,2,2,2,3,3,3,2,3,3,3,3,2,3,2,2,1.1242504,.16463797,1.4620366
99,0,1,1,2,2,3,2,3,3,3,3,3,3,2,2,3,3,2,1.1242504,.035898861,1.3165559
100,0,2,1,3,2,2,2,2,2,3,2,3,2,3,2,3,3,3,.51666284,1.1779282,.78642613
101,0,2,1,2,1,1,1,3,3,3,2,3,2,2,2,2,3,2,.64446807,-.18181866,.143538
102,1,2,1,3,3,1,2,1,3,3,1,1,3,3,0,2,0,0,-.23715805,.696024,-.11740933
103,0,2,1,2,2,1,1,1,1,2,1,2,1,2,1,2,1,1,-.67925137,-.55206549,-.39816651
104,0,1,1,2,2,3,3,0,3,2,3,3,1,0,,0,3,1,-1.0367966,-1.6170015,1.9630286
105,0,1,1,1,2,3,2,1,3,3,3,3,2,3,3,3,3,1,-.27041367,.74519873,1.5370858
106,0,2,1,3,3,3,3,3,3,3,3,3,3,3,3,3,2,3,1.5584854,1.1779282,2.1203892
107,0,2,1,1,1,0,0,0,1,2,1,1,2,2,2,1,1,2,-.24741247,-.81520921,-1.0235567
108,0,2,1,3,1,1,0,1,3,3,0,2,1,3,0,3,0,0,-.92631775,1.1779282,-1.5268316
109,0,2,1,3,1,1,0,0,3,3,0,2,0,3,3,2,0,0,-2.0075986,.696024,-.97973675
110,0,2,1,3,2,1,1,2,3,3,0,3,3,3,3,3,3,2,.64843237,1.1779282,-.40407664
112,0,2,1,3,2,2,2,2,3,3,3,3,1,3,2,2,2,3,.13534772,.696024,1.0622228
113,1,1,1,2,2,1,2,3,1,3,2,3,3,3,1,2,0,3,1.5584854,.48924264,.37111124
114,1,2,1,2,3,3,2,2,3,3,3,3,2,3,2,2,2,2,.30029538,.48924264,1.3165559
115,1,2,1,2,2,1,1,2,2,3,1,2,2,3,2,1,2,2,.30029538,.25805777,-.19963144
117,0,1,1,2,1,2,2,1,3,3,2,3,1,2,2,2,2,1,-.67925137,-.18181866,.78642613
118,0,1,1,1,2,1,1,1,1,3,2,1,1,3,1,1,2,1,-.67925137,.12768142,-.052051567
119,0,2,1,2,1,0,1,3,3,3,1,2,3,3,1,2,2,3,1.5584854,.48924264,-.71527869
120,1,1,1,3,2,0,1,1,2,3,1,2,0,3,0,1,0,2,-.84011424,.45528537,-.91924
122,0,1,1,2,2,1,1,2,2,3,1,2,2,3,2,3,1,1,.083516158,.89192474,-.19963144
123,1,1,1,3,1,1,0,1,3,3,0,2,1,3,0,2,1,1,-.67925137,.696024,-1.5268316
124,0,1,1,1,1,1,2,2,1,3,1,3,2,3,3,3,1,1,.083516158,.74519873,.37792701
125,0,2,1,2,2,2,2,3,2,2,2,2,3,3,3,2,3,3,1.5584854,-.077705279,.93773198
126,1,1,2,1,2,,3,3,,1,3,3,2,3,1,3,3,2,.64446807,-.15962124,1.3519881
127,0,0,2,3,3,0,,3,0,0,2,2,2,2,2,2,1,0,.28196093,-.81674951,-.0094021186
128,1,1,2,2,2,1,1,2,2,2,1,3,3,3,1,1,2,2,.64843237,-.28296947,-.39816651
129,1,0,2,1,1,1,2,2,3,3,3,,2,,2,2,3,3,.51666284,.079621449,.81136698
130,1,0,2,0,1,0,3,0,1,2,0,1,0,0,3,1,2,0,-2.0075986,-1.6275365,.025685914
131,0,0,2,0,3,3,2,1,3,2,1,3,1,,2,1,3,,-.61100996,-.97450501,.70074713
132,1,1,2,,,,,,,,,,,,,,,,,,
133,0,1,2,,,,,,,,,,,,,,,,,,
134,1,2,2,3,2,1,0,2,1,3,0,2,2,3,3,3,2,2,.30029538,1.1779282,-.97973675
135,1,1,2,2,1,1,2,0,2,1,3,1,2,0,2,1,0,2,-.24741247,-1.7513142,.81136698
136,0,1,2,3,1,2,0,3,1,2,0,3,1,2,0,3,1,0,-.25596568,-.29590672,-1.3481917
137,0,1,2,2,1,1,1,1,1,2,1,1,1,2,1,2,1,1,-.67925137,-.55206549,-.39816651
138,1,2,2,2,3,1,2,0,2,1,3,1,2,3,1,2,0,2,-.24741247,-.28411275,.62367553
139,1,1,2,3,2,0,0,2,0,3,0,0,0,3,0,1,0,0,-1.0421256,.45528537,-2.0206969
140,1,1,2,3,,3,1,0,3,3,3,3,1,3,2,3,2,3,-.58844459,1.1779282,.94033718
141,0,1,2,2,2,1,2,2,1,2,2,1,2,1,2,1,1,2,.30029538,-1.104319,.54576206
142,1,0,2,2,1,2,0,0,2,2,1,2,0,2,2,3,3,0,-2.0075986,-.40132707,-.35467103
143,0,0,2,3,1,2,2,2,2,3,3,3,3,3,3,3,2,2,.64843237,1.1779282,1.2442187
144,0,0,2,2,1,1,1,2,3,3,3,2,2,3,0,1,2,2,.30029538,.25805777,-.017283903
145,0,0,2,1,2,1,1,1,2,3,1,2,1,3,1,1,2,1,-.67925137,.12768142,-.39816651
146,0,1,2,2,2,1,1,3,2,2,2,2,3,2,2,2,2,3,1.5584854,-.55206549,.143538
147,,,2,3,1,2,1,3,3,3,1,3,2,3,2,2,2,3,.93433887,.696024,.079921693
148,0,0,2,2,1,3,2,1,3,3,3,2,0,2,3,2,2,1,-1.1166126,-.18181866,1.5370858
149,0,0,2,3,3,1,3,2,2,1,0,1,2,3,3,2,2,3,.51666284,-.13180929,.45843753
150,0,1,2,3,2,1,0,1,2,3,3,2,2,1,1,0,0,1,-.27041367,-.7954008,-.33426473
151,0,1,2,2,0,1,0,2,1,3,1,1,2,3,1,1,0,2,.30029538,.25805777,-.85825688
152,1,1,2,3,3,3,2,1,3,1,2,2,0,0,2,3,1,0,-1.4391522,-1.2930839,.98506302
153,1,1,2,3,0,0,0,1,1,3,0,0,1,3,0,1,0,1,-.67925137,.45528537,-2.0206969
154,1,0,2,2,3,1,1,3,2,2,1,3,2,3,0,2,2,2,.64446807,-.077705279,-.56970984
155,1,0,2,2,1,2,1,3,2,2,2,3,2,2,1,2,2,2,.64446807,-.55206549,.2281201
156,0,1,2,0,0,0,0,0,0,1,0,2,0,1,0,1,2,0,-2.0075986,-1.5378561,-2.0206969
157,1,0,2,0,0,0,0,0,0,0,2,0,1,3,1,2,0,0,-1.3619994,-.61240995,-.89149916
158,1,1,2,0,0,0,0,0,0,0,0,0,0,0,0,0,0,0,-2.0075986,-2.6780877,-2.0206969
159,1,1,2,0,0,0,0,0,0,0,0,0,0,0,0,0,0,0,-2.0075986,-2.6780877,-2.0206969
160,0,0,2,3,2,1,1,3,2,1,1,2,3,2,3,3,3,3,1.5584854,-.517268,-.083798051
161,1,3,2,3,2,0,2,1,1,3,2,3,3,3,0,3,0,3,.66262567,1.1779282,-.021787915
162,1,1,2,2,0,1,,3,0,,,,0,0,1,2,3,2,-.046195563,-1.354117,-.28057325
163,0,2,2,3,2,1,1,1,1,2,2,1,3,2,1,2,3,0,-.23715805,-.45984948,-.052051567
164,1,2,2,3,2,1,1,3,3,2,1,1,2,3,3,2,2,2,.64446807,.055918932,-.083798051
165,1,1,2,1,1,2,0,1,2,1,1,2,1,1,2,3,1,3,-.25713354,-1.1909908,-.35467103
166,1,0,2,2,1,0,2,1,2,0,1,2,1,1,2,0,1,2,-.42456412,-1.8183026,-.029109702
167,1,1,2,1,1,1,2,0,3,2,2,2,1,2,1,2,2,1,-1.0367966,-.6404233,.37111124
168,1,2,2,2,1,2,1,3,0,0,2,1,3,3,0,2,1,3,1.5584854,-.38338292,.096678063
169,0,1,2,3,3,3,3,3,2,3,3,3,1,3,2,3,3,2,.261067,1.1779282,1.814014
170,1,2,2,2,2,1,2,2,2,2,0,2,1,3,3,2,1,2,-.065269858,-.077705279,.14428405
171,0,1,2,2,2,1,2,3,3,3,3,3,2,2,2,1,3,2,.64446807,-.37750062,.81136698
172,1,0,2,3,2,2,2,2,1,3,2,2,2,3,1,2,2,2,.30029538,.696024,.62952048
173,0,1,2,2,1,0,1,1,2,3,2,3,1,1,1,1,2,1,-.67925137,-.78263736,-.34818912
174,1,1,2,3,2,2,1,1,0,0,1,1,2,3,2,2,2,3,.20567979,-.2121148,.079921693
175,0,1,2,1,1,1,1,1,1,1,1,1,1,1,1,1,1,1,-.67925137,-1.4829439,-.39816651
176,1,2,2,2,2,1,2,2,2,2,2,1,2,2,2,2,2,1,.083516158,-.55206549,.54576206
177,1,2,2,2,2,1,2,1,1,2,1,1,1,3,1,1,1,1,-.67925137,-.28296947,.034030739
178,0,1,2,3,0,0,0,1,0,3,0,0,1,1,1,2,2,2,-.42456412,-.39397252,-1.6966447
179,1,1,2,2,2,1,1,2,2,2,1,2,1,2,1,2,2,1,-.31357718,-.55206549,-.39816651
180,1,1,2,1,2,1,1,1,2,1,2,2,1,2,1,2,1,1,-.67925137,-.88770175,-.052051567
181,1,1,2,1,3,3,0,3,1,3,1,3,1,3,1,3,3,3,.56374979,.74519873,-.51951265
182,1,0,2,1,1,1,1,2,1,2,0,3,3,2,0,2,1,1,.41311869,-.6404233,-.94838494
183,1,1,2,1,1,1,1,1,1,1,1,1,1,1,1,1,1,1,-.67925137,-1.4829439,-.39816651
184,1,1,2,2,2,0,0,2,1,3,0,2,2,3,1,2,1,2,.30029538,.48924264,-1.6966447
185,1,1,2,2,2,0,0,1,2,2,1,1,1,3,2,0,3,1,-.67925137,-.37583113,-1.0235567
186,1,1,2,2,2,2,1,3,2,3,2,1,2,2,2,1,1,1,.42178065,-.37750062,.41724724
187,1,1,2,2,3,0,1,0,2,3,1,1,0,3,1,2,1,3,-1.2128097,.48924264,-.71527869
188,1,1,2,2,3,3,3,1,3,3,2,3,2,3,1,1,1,1,-.27041367,.25805777,1.2053976
189,1,1,2,2,2,2,2,1,3,2,0,2,2,2,2,2,2,2,-.010361644,-.55206549,.32453209
191,0,1,2,1,1,3,2,2,2,3,1,2,1,2,3,2,2,1,-.31357718,-.28212789,.89224261
192,1,1,2,2,1,0,1,2,1,3,2,2,2,2,1,2,1,2,.30029538,-.18181866,-.34818912
193,0,0,2,1,0,0,1,2,2,2,1,2,2,2,2,2,0,2,.30029538,-.6404233,-.50473809
195,0,1,2,2,3,2,2,3,3,3,2,2,3,3,1,3,2,2,1.1242504,.89192474,.62952048
196,1,1,2,2,1,0,1,0,2,2,1,1,0,1,0,2,2,0,-2.0075986,-.91379362,-.91924
197,0,1,2,2,1,2,1,2,1,2,1,2,1,2,1,2,1,2,-.065269858,-.55206549,-.12857406
198,1,1,2,3,3,3,3,3,2,2,0,3,,3,3,3,0,1,.38171518,.33166075,1.2756078
199,1,0,2,3,0,0,0,0,0,0,0,0,0,3,0,3,0,2,-1.3192432,.11697734,-2.0206969
200,0,1,2,3,3,3,1,0,3,3,3,3,0,3,3,3,3,0,-2.0075986,1.1779282,1.192274
201,1,1,2,3,2,0,2,3,1,3,1,1,2,3,3,3,1,2,.64446807,1.1779282,.12071341
202,0,1,2,3,0,2,0,3,2,3,1,3,0,3,2,3,2,3,.30511898,1.1779282,-.35467103
203,0,1,2,1,3,0,2,1,0,2,3,3,3,1,1,2,0,3,.66262567,-1.0151136,.39804569
204,0,0,2,1,1,2,1,3,3,2,2,3,3,3,2,2,2,2,1.1242504,-.18310425,.41724724
205,0,0,2,1,1,1,2,1,2,1,1,2,1,2,1,1,1,1,-.67925137,-1.0828118,.034030739
206,1,2,2,2,2,1,1,1,2,3,1,2,2,3,1,3,2,1,-.27041367,.89192474,-.39816651
207,0,0,2,2,1,2,3,1,2,0,2,3,1,2,3,0,2,1,-.67925137,-1.3464633,1.2983682
208,0,1,2,3,2,2,2,3,3,2,2,3,3,2,2,2,2,3,1.5584854,-.45984948,.78642613
209,0,1,2,2,2,1,1,2,2,3,2,1,1,2,1,2,2,1,-.31357718,-.18181866,-.052051567
210,1,2,2,2,2,0,1,3,2,3,1,3,3,3,1,2,0,2,1.1242504,.48924264,-.71527869
211,1,1,2,2,1,1,1,3,3,2,2,1,3,3,3,3,3,3,1.5584854,.16463797,.27903733
212,0,0,2,2,0,1,1,1,2,3,1,1,1,3,1,3,3,1,-.67925137,.89192474,-.39816651
213,1,0,2,2,2,2,1,2,2,1,2,2,2,2,2,1,2,2,.30029538,-.9803279,.41724724
214,1,1,2,2,2,2,2,2,2,2,2,2,2,2,2,2,2,2,.30029538,-.55206549,.78642613
215,0,2,2,1,2,1,1,1,2,1,1,2,1,2,1,2,2,1,-.67925137,-.88770175,-.39816651
216,0,1,2,3,3,3,3,2,3,3,1,3,3,3,3,3,3,3,.95408219,1.1779282,1.3751917
217,0,0,2,1,2,1,2,1,2,3,1,3,1,3,2,2,2,1,-.67925137,.36349842,.23377024
218,0,1,2,3,0,0,1,3,2,3,1,3,3,3,2,3,1,3,1.5584854,1.1779282,-.50473809
219,0,2,2,3,2,0,0,0,0,3,1,1,0,3,0,2,1,0,-2.0075986,.696024,-1.4781533
220,0,1,2,3,2,2,1,2,1,2,1,2,2,2,1,2,2,1,.083516158,-.45984948,-.12857406
221,1,1,2,2,2,1,1,1,2,3,1,2,2,3,2,1,1,1,-.27041367,.25805777,-.19963144
222,0,1,2,1,1,,1,3,3,2,1,2,3,3,2,2,3,3,1.5584854,-.18310425,-.1876772
223,1,1,2,3,2,2,1,2,2,2,1,2,1,2,2,2,2,3,.13534772,-.45984948,.079921693
224,0,1,2,1,1,1,2,3,2,3,2,3,1,2,0,1,0,1,-.029486129,-.4808217,.25774986
225,1,1,2,3,1,2,2,1,3,3,0,3,1,3,3,3,3,1,-.67925137,1.1779282,.50150365
226,0,0,2,2,1,2,2,2,2,3,2,3,2,3,2,1,2,1,.083516158,.25805777,.78642613
227,0,1,2,3,1,0,0,1,1,3,0,1,1,3,1,3,2,1,-.67925137,1.1779282,-1.6966447
228,0,1,2,3,0,0,0,3,1,3,1,0,3,3,3,3,0,3,1.5584854,1.1779282,-.94670421
229,1,1,2,1,1,1,1,1,1,1,1,2,1,2,1,1,1,1,-.67925137,-1.0828118,-.39816651
230,1,1,2,3,1,1,1,1,1,3,1,1,1,1,1,1,1,1,-.67925137,-.65491962,-.39816651
231,0,1,2,1,2,0,1,1,2,3,2,3,0,3,1,2,2,2,-.84011424,.36349842,-.34818912
232,0,1,2,2,1,2,1,0,3,1,1,2,0,1,1,0,0,0,-2.0075986,-1.527494,-.12857406
233,0,1,2,2,3,1,3,3,3,3,3,3,1,3,2,1,3,1,-.029486129,.25805777,1.2081721
234,1,1,2,3,1,1,0,3,3,3,0,0,1,3,1,1,1,1,-.029486129,.45528537,-1.267658
235,1,2,2,3,2,2,3,1,3,1,2,1,2,1,3,1,2,1,-.27041367,-1.3065718,1.2983682
236,0,0,2,2,2,1,1,2,1,2,1,1,2,1,2,1,1,1,.083516158,-1.104319,-.19963144
237,0,1,2,2,2,2,3,1,2,1,2,1,2,2,2,1,3,2,-.010361644,-.9803279,1.1026489
238,0,1,2,3,1,0,2,1,3,3,1,2,3,1,2,1,0,3,.66262567,-.65491962,-.029109702
239,1,1,2,3,1,1,1,2,2,3,1,2,1,3,3,3,1,1,-.31357718,1.1779282,-.083798051
240,0,1,2,3,3,2,2,3,2,2,3,0,2,2,1,2,3,3,.93433887,-.45984948,.90143162
241,1,1,2,2,0,1,1,2,1,2,2,3,2,3,1,2,0,2,.30029538,-.077705279,-.052051567
242,0,2,2,3,3,1,0,3,3,3,0,2,2,3,3,2,1,3,.93433887,.696024,-.97973675
243,1,1,2,2,1,0,0,2,1,2,0,1,3,3,1,2,1,2,.64843237,-.077705279,-1.6966447
244,1,0,2,2,1,1,1,1,1,1,1,1,1,1,1,1,1,1,-.67925137,-1.3853794,-.39816651
245,0,1,2,1,1,2,1,1,2,2,1,2,1,2,1,1,2,2,-.42456412,-.81520921,-.12857406
246,0,0,2,3,2,2,2,2,2,2,2,2,2,3,0,3,3,2,.30029538,.33166075,.54034829
247,1,1,2,1,1,2,1,1,2,2,1,1,2,2,1,2,1,1,-.27041367,-.6404233,-.12857406
248,1,1,2,3,3,0,1,1,2,2,2,2,2,2,1,1,1,2,-.010361644,-.63557416,-.34818912
249,1,2,2,3,0,0,0,1,2,3,2,2,1,3,1,1,2,3,-.25713354,.45528537,-.89149916
250,1,1,2,1,1,1,1,1,1,1,2,2,1,2,1,2,1,1,-.67925137,-.88770175,-.052051567
251,0,1,2,3,2,2,1,0,1,3,0,1,0,3,1,2,1,2,-1.3192432,.696024,-.45921636
252,1,1,2,3,1,2,2,1,2,1,0,1,1,1,2,1,1,1,-.67925137,-1.3065718,.32453209
253,1,0,2,2,3,2,3,3,1,1,1,1,1,1,2,2,2,2,.261067,-1.1996676,.81434727
254,1,1,2,1,2,1,1,1,1,2,1,3,1,2,3,2,1,2,-.42456412,-.6404233,-.083798051
255,1,1,2,3,0,0,3,0,0,3,0,0,0,3,0,3,0,3,-1.2128097,1.1779282,-.90368992
256,1,0,2,2,2,1,1,2,2,3,0,2,1,1,1,1,0,2,-.065269858,-.78263736,-.73502064
257,1,0,2,1,2,1,3,3,2,3,2,1,2,3,1,2,1,0,.28196093,.36349842,.63439792
258,1,1,2,1,2,0,1,0,3,3,2,2,2,3,3,2,2,0,-.93736637,.36349842,.014644498
259,1,1,2,2,2,0,2,1,3,1,3,2,3,3,2,2,1,1,.01033682,-.28411275,.6325919
260,1,0,2,3,3,2,1,1,3,1,3,3,2,3,2,1,2,2,-.010361644,-.39385816,.68447143
261,1,0,2,1,1,1,0,3,3,3,1,3,0,3,1,2,2,3,.30511898,.36349842,-.85825688
262,1,0,2,3,2,0,1,0,2,3,2,1,2,1,2,2,2,2,-.24741247,-.39397252,-.12222527
263,1,0,2,2,1,1,0,3,2,2,0,0,1,3,2,1,2,2,.261067,-.28296947,-1.0579628
264,1,0,2,2,1,0,1,2,2,2,1,1,2,2,2,2,1,1,.083516158,-.55206549,-.50473809
265,1,0,2,2,2,1,1,1,2,3,1,2,1,3,1,2,1,1,-.67925137,.48924264,-.39816651
266,1,0,2,2,2,1,1,3,3,3,2,2,1,1,1,2,1,2,.261067,-.53562415,-.052051567
267,1,1,2,2,2,1,3,2,,0,1,2,2,1,2,2,2,2,.30029538,-1.4230065,.48068762
268,1,0,2,2,3,2,1,0,1,3,0,1,1,3,0,1,1,2,-.74813849,.25805777,-.68615973
269,1,0,2,2,1,0,0,2,2,1,1,2,1,1,3,1,3,3,.13534772,-1.3853794,-.94670421
270,1,2,2,3,3,1,0,3,3,3,0,3,3,3,0,3,3,3,1.5584854,1.1779282,-1.5268316
271,0,0,2,1,0,0,0,0,0,0,0,0,0,2,0,0,0,0,-2.0075986,-1.4929031,-2.0206969
272,1,0,2,1,1,1,1,1,1,1,1,1,1,1,1,1,1,1,-.67925137,-1.4829439,-.39816651
273,1,0,2,2,1,1,2,1,1,2,1,2,1,1,2,1,2,0,-.92631775,-1.104319,.23377024
274,0,0,2,0,1,3,1,0,3,0,2,1,0,3,1,2,3,1,-1.588267,-.61240995,.38709038
275,1,1,2,3,1,2,0,3,1,0,2,1,2,0,3,1,2,0,.28196093,-2.0473182,.26193318
276,1,1,2,2,,,1,3,,,,3,2,1,2,3,1,1,.42178065,-.67961544,-.011555315
277,0,1,2,3,2,1,0,3,0,2,1,0,3,1,2,0,2,0,.79770374,-1.1455618,-.64706105
278,1,1,2,2,1,0,1,2,2,2,1,1,2,2,1,1,0,2,.30029538,-.72431529,-.71527869
279,0,0,2,1,1,1,2,1,2,2,1,2,1,2,1,2,2,1,-.67925137,-.6404233,.034030739
280,0,3,2,2,1,2,2,3,3,2,1,2,2,3,1,1,2,2,.64446807,-.28296947,.32229173
281,0,1,2,2,2,1,2,1,2,2,2,1,1,1,,2,1,2,-.42456412,-.91379362,.50086272
282,1,1,2,3,3,1,1,1,3,3,1,2,1,3,1,3,3,2,-.42456412,1.1779282,-.39816651
283,0,1,2,3,3,3,3,3,2,3,2,3,1,3,2,,2,3,.56374979,.91506642,1.3780514
284,0,1,2,1,1,1,1,1,1,1,1,1,1,1,1,1,1,1,-.67925137,-1.4829439,-.39816651
285,1,0,2,2,0,3,1,0,2,3,1,2,0,2,0,1,2,3,-1.2128097,-.37750062,-.18567152
286,1,0,2,1,2,1,1,3,2,3,1,3,2,3,2,3,2,2,.64446807,.74519873,-.19963144
287,1,0,2,3,3,3,3,3,3,3,3,3,3,3,3,3,3,3,1.5584854,1.1779282,2.1203892
288,0,3,2,0,0,3,3,2,3,2,3,3,3,3,3,3,3,3,.95408219,.0078459363,2.1203892
289,1,1,2,2,3,1,0,3,3,3,1,1,0,3,1,3,2,1,-.45074278,.89192474,-.85825688
290,1,0,2,2,3,1,1,2,2,3,1,2,2,3,1,2,1,2,.30029538,.48924264,-.39816651
291,0,1,2,0,0,0,0,0,0,1,2,2,2,2,3,3,3,0,-.93736637,-.79182434,-.51314467
292,0,1,2,2,1,0,1,2,1,3,0,1,0,3,3,3,3,3,-.1782573,.89192474,-.80277175
293,0,1,2,0,0,0,0,2,0,0,0,0,0,0,0,0,0,0,-1.0421256,-2.6780877,-2.0206969
294,1,2,2,2,1,2,1,3,2,1,2,2,1,1,3,1,2,2,.261067,-1.3853794,.56798208
295,1,2,2,1,2,1,1,1,2,3,1,1,1,2,1,2,1,0,-.92631775,-.28212789,-.39816651
296,1,0,2,3,2,1,2,3,3,2,2,2,1,1,2,2,3,1,-.029486129,-.8180393,.54576206
297,1,0,2,3,1,,3,1,2,0,,1,3,0,,3,1,,.29588747,-1.6711744,1.2977359
298,0,1,2,3,3,2,3,3,3,3,3,3,3,3,3,2,1,3,1.5584854,.696024,1.6999916
299,1,1,2,2,2,3,1,1,2,0,2,3,3,2,1,2,3,1,.01033682,-.93043393,.38709038
300,1,2,2,2,0,1,2,2,1,0,1,3,2,1,2,0,1,1,.083516158,-1.8183026,.23377024
301,1,0,2,1,3,3,3,2,2,1,3,3,2,2,1,1,2,2,.30029538,-1.0828118,1.6543667
302,1,1,2,2,1,1,1,3,2,2,2,2,1,0,1,2,2,2,.261067,-1.1683613,-.052051567
303,1,2,2,3,1,2,1,0,1,2,2,2,1,0,1,0,2,1,-1.0367966,-1.5098931,.2281201
304,1,0,2,2,0,1,0,3,3,3,3,3,3,2,0,2,0,3,1.5584854,-.18181866,-.58101863
305,1,1,2,2,2,0,1,3,2,3,3,2,2,3,0,3,1,2,.64446807,.89192474,-.39749917
306,1,0,2,1,1,2,2,2,3,3,1,2,1,2,1,2,1,2,-.065269858,-.28212789,.32229173
307,1,2,2,3,2,1,1,2,1,2,1,2,1,2,1,1,2,1,-.31357718,-.63557416,-.39816651
308,0,1,2,1,1,1,1,1,1,1,1,1,1,1,1,1,1,1,-.67925137,-1.4829439,-.39816651
309,0,1,2,3,2,2,1,0,2,3,2,1,0,3,2,1,2,0,-2.0075986,.45528537,.41724724
310,0,2,2,3,2,1,0,1,1,2,1,1,1,0,3,3,2,0,-.92631775,-.86711007,-.54763299
311,0,0,2,3,2,2,3,2,1,3,3,3,2,2,2,3,3,3,.51666284,.18607888,1.4620366
312,1,0,2,3,1,2,3,2,0,2,3,3,3,3,3,3,3,3,.95408219,.33166075,1.6999916
313,0,1,2,1,1,2,1,2,2,1,2,2,2,2,2,2,2,3,.51666284,-.88770175,.41724724
314,,,2,3,0,0,1,3,0,3,0,3,3,3,2,3,1,0,.79770374,1.1779282,-.89186072
315,1,2,2,3,2,2,3,3,2,2,3,3,2,2,3,3,2,2,.64446807,-.29590672,1.6999916
316,0,0,2,1,2,1,1,1,1,2,1,2,1,3,2,2,2,1,-.67925137,-.18310425,-.19963144
317,1,0,2,2,1,2,1,2,3,2,1,3,0,3,2,3,0,1,-.71007049,.16463797,.079921693
318,1,1,2,2,1,3,2,1,2,2,1,0,2,1,2,1,2,0,-.49510741,-1.104319,.70074713
319,1,1,2,3,0,1,0,3,2,3,1,3,0,3,0,0,0,1,-.45074278,.38346308,-1.0729505
320,1,1,2,2,1,1,1,1,2,2,1,2,1,2,1,2,1,2,-.42456412,-.55206549,-.39816651
321,1,1,2,3,2,1,1,2,1,1,0,1,0,1,1,2,1,3,-.1782573,-1.1100529,-.73502064
322,1,0,2,1,0,2,0,3,3,2,2,3,3,3,0,1,3,3,1.5584854,-.39274803,-.38431993
323,1,1,3,1,1,0,1,1,1,2,1,1,0,2,1,1,2,0,-1.4391522,-.81520921,-.71527869
324,0,0,3,3,1,0,0,3,3,3,1,2,1,3,0,1,0,3,.56374979,.45528537,-1.4781533
325,0,0,3,2,1,1,2,2,2,2,1,2,1,1,2,2,1,1,-.31357718,-.91379362,.23377024
326,1,1,3,1,1,1,2,1,1,3,1,3,2,3,1,1,1,1,-.27041367,.12768142,.034030739
328,0,0,3,2,2,1,1,2,2,3,2,3,2,2,1,3,2,2,.30029538,.035898861,-.052051567
329,1,0,3,0,1,1,1,1,0,2,1,1,2,1,1,0,2,1,-.27041367,-1.3995106,-.39816651
330,1,0,3,1,2,3,3,1,2,1,3,2,1,3,3,2,2,3,-.25713354,-.41476256,2.1203892
332,0,0,3,2,1,1,1,2,2,3,2,1,1,3,1,2,1,2,-.065269858,.48924264,-.052051567
333,1,1,3,3,3,2,1,0,3,3,1,3,0,3,0,3,3,0,-2.0075986,1.1779282,-.29515591
334,0,0,3,3,3,3,0,1,1,3,0,3,1,3,3,3,3,0,-.92631775,1.1779282,-.55636489
335,0,0,3,3,2,0,0,0,3,3,0,3,1,3,2,1,1,1,-1.0367966,.45528537,-1.4977098
336,1,1,3,2,1,2,2,2,1,2,2,2,2,2,2,2,1,2,.30029538,-.55206549,.78642613
337,1,1,3,2,0,0,1,1,1,3,1,2,1,1,1,1,1,1,-.67925137,-.78263736,-.71527869
340,0,0,3,2,1,1,1,1,1,2,1,1,2,1,2,2,2,1,-.27041367,-.91379362,-.19963144
343,0,1,3,1,2,2,1,1,3,3,2,2,0,2,1,1,2,0,-1.4391522,-.4808217,.2281201
344,1,0,3,3,0,0,0,1,3,3,1,1,1,3,1,3,2,1,-.67925137,1.1779282,-1.2284092
346,1,1,3,2,2,3,1,2,3,3,3,3,1,2,3,2,3,2,-.065269858,-.18181866,1.192274
347,0,0,3,1,1,2,1,2,3,2,1,1,2,2,2,1,2,1,.083516158,-.81520921,.079921693
348,1,1,3,1,2,1,1,2,3,3,2,2,2,3,2,2,1,1,.083516158,.36349842,.143538
349,1,0,3,3,3,0,1,1,1,3,1,3,1,3,1,1,0,1,-.67925137,.45528537,-.71527869
351,1,0,3,2,1,0,1,1,1,2,0,1,1,1,1,2,1,1,-.67925137,-.91379362,-1.108456
352,1,0,3,2,1,0,0,0,0,3,0,0,0,3,0,0,1,0,-2.0075986,.18173561,-2.0206969
353,,0,3,3,2,1,1,3,2,3,2,2,3,3,2,2,2,3,1.5584854,.696024,.143538
354,0,0,3,3,0,0,0,3,1,3,0,1,0,3,3,1,1,0,-.83578509,.45528537,-1.4423782
356,0,0,3,1,1,2,1,1,1,3,1,3,0,3,3,3,2,1,-1.1166126,.74519873,.22024326
357,0,1,3,1,2,1,2,1,2,3,3,2,2,2,2,2,1,1,-.27041367,-.28212789,.81136698
358,0,0,3,1,0,1,0,0,1,1,1,2,1,1,1,1,1,1,-1.0367966,-1.4829439,-.85825688
359,0,0,3,3,3,2,3,2,3,3,2,3,3,3,1,2,0,3,.95408219,.696024,.93230987
360,1,1,3,3,2,2,2,1,1,3,2,3,2,3,2,3,2,2,-.010361644,1.1779282,.78642613
361,0,1,3,1,3,0,2,3,3,3,2,3,1,3,3,2,3,2,.261067,.36349842,.51286286
362,1,2,3,1,3,2,1,2,1,2,0,3,2,1,1,1,2,1,.083516158,-1.2039268,-.45921636
363,0,0,3,0,1,2,2,1,2,2,2,2,1,2,2,2,2,0,-.92631775,-.6786049,.78642613
364,0,0,3,3,3,1,1,0,1,3,1,2,1,3,1,3,1,2,-.74813849,1.1779282,-.39816651
365,0,0,3,2,2,0,1,1,2,3,1,2,1,2,1,2,1,1,-.67925137,-.18181866,-.71527869
367,0,3,3,2,2,0,1,1,2,2,2,3,1,3,2,3,2,3,-.25713354,.16463797,-.12222527
368,0,0,3,3,,1,1,3,1,3,3,1,1,3,1,3,1,3,.56374979,1.1779282,.14438404
369,0,3,3,2,3,1,1,2,1,3,1,2,1,3,2,2,1,0,-.5276829,.48924264,-.19963144
370,1,1,3,1,0,1,2,2,1,3,,2,1,3,1,1,1,,-.17621824,.12768142,.22488603
371,1,0,3,3,2,0,0,0,0,3,1,1,3,2,2,2,1,2,.10832793,-.059622526,-1.0235567
373,1,1,3,1,1,2,2,1,2,3,2,2,1,3,1,2,2,1,-.67925137,.36349842,.62952048
374,0,1,3,1,3,3,3,3,3,3,3,3,3,3,3,3,3,2,1.1242504,.74519873,2.1203892
375,0,0,3,3,2,0,0,2,2,3,0,1,1,3,2,3,3,0,-.5276829,1.1779282,-1.4977098
376,1,0,3,3,0,0,1,3,3,3,0,3,0,3,3,3,1,3,.30511898,1.1779282,-.80277175
377,0,2,3,2,1,1,1,1,2,2,2,2,1,2,1,1,1,2,-.42456412,-.72431529,-.052051567
378,0,0,3,1,1,2,2,3,1,3,1,1,2,3,1,1,3,2,.64446807,.12768142,.32229173
379,1,0,3,2,3,0,2,3,1,3,3,2,0,1,0,0,2,1,-.45074278,-.92557645,.23633568
380,0,0,3,1,2,3,2,1,2,3,1,3,1,3,2,2,3,0,-.92631775,.36349842,.70074713
381,1,1,3,3,3,3,3,3,3,3,3,3,3,3,3,3,3,3,1.5584854,1.1779282,2.1203892
382,0,0,3,1,1,2,1,2,2,3,1,3,1,3,2,1,2,1,-.31357718,.12768142,.079921693
383,0,0,3,2,2,2,1,1,3,2,1,2,1,3,2,2,3,1,-.67925137,-.077705279,.079921693
384,0,0,3,3,1,1,3,3,3,3,3,3,2,3,3,3,2,3,.93433887,1.1779282,1.4628587
385,1,1,3,2,1,1,1,1,0,0,1,1,0,1,0,0,0,0,-1.4391522,-1.8183026,-.56970984
386,1,1,3,2,1,2,2,1,2,3,1,1,1,3,1,2,1,1,-.67925137,.48924264,.32229173
387,1,0,3,2,1,3,3,3,,2,1,2,2,2,,3,3,1,.42178065,-.40132707,1.1341287
390,0,0,3,1,1,1,1,1,1,1,1,1,1,1,1,1,1,1,-.67925137,-1.4829439,-.39816651
391,0,2,3,3,0,3,3,3,2,3,3,3,2,3,3,1,1,2,.64446807,.45528537,2.1203892
393,0,0,3,1,2,2,2,2,2,3,3,2,2,3,3,2,1,1,.083516158,.36349842,1.2442187
394,1,1,3,2,1,1,1,1,2,2,1,2,0,2,1,2,1,1,-1.1166126,-.55206549,-.39816651
395,1,0,3,1,3,2,3,3,2,3,3,3,3,3,1,1,3,3,1.5584854,.12768142,1.2985462
396,0,1,3,2,1,0,1,3,3,3,3,2,1,3,2,2,1,3,.56374979,.48924264,.089646257
397,0,0,3,3,2,1,1,2,2,2,2,2,1,2,3,3,2,1,-.31357718,-.29590672,.27903733
398,1,1,3,2,2,2,0,0,1,3,0,0,0,3,0,3,0,3,-1.2128097,.89192474,-1.3481917
399,1,2,3,1,2,3,3,1,2,3,3,3,1,3,2,2,3,1,-.67925137,.36349842,1.814014
400,1,2,3,3,0,0,1,2,0,0,0,1,1,0,1,2,2,3,.13534772,-1.7994554,-1.108456
402,0,0,3,1,1,2,1,1,1,2,1,2,0,1,1,1,2,1,-1.1166126,-1.2039268,-.12857406
403,0,0,3,3,1,1,1,2,2,3,2,1,1,3,1,2,1,2,-.065269858,.696024,-.052051567
404,1,0,3,2,1,2,3,3,2,3,1,1,2,3,1,2,2,1,.42178065,.48924264,.59471542
406,,0,3,1,0,1,1,1,0,1,3,1,1,2,1,1,1,1,-.67925137,-1.0828118,.14438404
407,0,0,3,3,1,1,1,1,2,3,2,1,1,3,1,3,2,2,-.42456412,1.1779282,-.052051567
408,0,1,3,3,1,2,1,2,2,0,1,3,1,3,2,2,1,1,-.31357718,-.2121148,.079921693
409,0,0,3,2,1,2,0,1,1,2,3,2,3,1,3,2,3,0,-.23715805,-.91379362,.61717772
410,0,0,3,2,2,1,1,1,1,0,1,0,1,0,1,1,1,2,-.42456412,-2.1328733,-.39816651
411,0,0,3,1,1,2,1,1,1,2,1,1,3,3,1,1,3,3,.66262567,-.39274803,-.12857406
412,0,0,3,2,0,1,2,1,2,1,1,3,1,2,1,1,1,2,-.42456412,-.9803279,.034030739
414,,0,3,0,0,0,0,1,3,0,1,3,1,3,1,3,3,3,-.25713354,-.32467103,-1.2284092
415,0,0,3,2,2,3,2,3,3,1,2,3,1,2,1,3,2,1,-.029486129,-.63205236,.81948805
417,0,1,1,3,3,0,1,3,3,3,3,2,1,3,0,1,1,3,.56374979,.45528537,-.39749917
418,0,2,1,2,2,3,1,2,3,3,1,3,1,3,3,2,2,0,-.5276829,.48924264,.40248507
419,1,3,1,1,2,1,0,1,1,2,1,1,1,2,1,2,1,1,-.67925137,-.6404233,-.85825688
420,0,1,1,2,3,1,1,1,2,3,1,3,0,3,1,2,0,0,-1.4391522,.48924264,-.39816651
421,1,1,1,2,1,1,1,2,1,3,2,2,2,3,1,2,1,2,.30029538,.48924264,-.052051567
422,1,1,1,3,3,2,2,2,3,3,1,3,2,3,3,2,2,0,-.073959,.696024,.66623741
423,0,1,1,3,3,1,0,3,3,3,0,2,3,3,1,3,1,3,1.5584854,1.1779282,-1.267658
424,0,2,1,2,1,1,1,1,2,2,1,1,1,2,0,1,2,3,-.25713354,-.72431529,-.56970984
425,0,1,1,3,2,3,3,1,3,3,3,3,1,3,3,3,3,1,-.67925137,1.1779282,2.1203892
426,1,1,3,2,2,2,2,2,2,2,2,2,2,2,2,2,2,2,.30029538,-.55206549,.78642613
427,1,0,3,2,2,1,1,1,1,1,2,2,3,3,1,2,2,1,.01033682,-.28411275,-.052051567
428,0,0,3,3,1,1,0,3,3,3,1,3,3,3,1,1,1,3,1.5584854,.45528537,-.85825688
429,0,0,3,3,2,3,3,2,1,2,1,3,3,2,2,2,2,3,.95408219,-.45984948,1.1048406
430,0,0,3,3,3,2,1,3,2,3,1,3,3,3,1,2,1,2,1.1242504,.696024,-.12857406
431,1,1,3,1,1,1,2,1,1,2,1,1,1,1,1,1,1,1,-.67925137,-1.2039268,.034030739
432,1,1,3,3,1,1,0,2,2,2,1,3,1,1,1,2,3,2,-.065269858,-.8180393,-.85825688
433,0,1,1,1,2,3,2,2,3,3,3,3,1,3,3,3,3,1,-.31357718,.74519873,1.5370858
434,0,1,1,1,2,2,1,2,2,2,0,3,0,2,1,2,2,1,-.71007049,-.6404233,-.45921636
435,0,1,1,1,2,1,1,3,3,2,1,3,3,2,1,2,3,3,1.5584854,-.6404233,-.39816651
436,0,1,1,2,1,1,1,1,2,2,2,2,1,2,1,2,2,1,-.67925137,-.55206549,-.052051567
437,0,1,1,2,1,1,1,1,3,3,1,3,0,2,0,2,1,0,-1.4391522,-.18181866,-.56970984
438,0,1,1,2,1,2,3,3,3,3,2,3,2,3,1,3,3,1,.42178065,.89192474,.93230987
439,0,1,1,2,2,3,2,3,2,3,3,3,2,3,2,3,3,1,.42178065,.89192474,1.3165559
440,0,1,1,1,1,2,2,2,2,2,2,2,2,2,1,2,2,1,.083516158,-.6404233,.62952048
441,1,1,1,1,2,1,1,3,2,2,1,2,1,3,2,2,1,2,.261067,-.18310425,-.19963144
442,0,1,1,2,2,3,3,3,3,3,3,3,1,3,3,2,2,1,-.029486129,.48924264,2.1203892
443,1,1,1,3,3,1,1,3,3,3,2,2,2,3,1,2,1,3,.93433887,.696024,-.052051567
444,0,1,1,3,1,1,1,0,2,3,1,2,2,3,1,2,1,2,-.24741247,.696024,-.39816651
445,1,2,1,3,2,1,0,2,1,3,0,1,2,1,0,1,1,2,.30029538,-.65491962,-1.5268316
446,1,2,1,3,2,1,1,3,3,3,1,2,2,3,2,2,2,2,.64446807,.696024,-.19963144
447,0,1,1,3,3,2,3,3,3,3,3,2,3,3,1,2,3,1,.90817451,.696024,1.2985462
448,0,1,1,2,2,0,1,1,1,1,1,2,1,2,1,2,1,0,-.92631775,-.78587162,-.71527869
449,0,1,1,2,0,0,1,1,1,1,1,0,2,3,0,3,1,2,-.010361644,-.01567588,-.91924
450,1,1,1,3,3,1,0,1,2,3,0,3,0,3,1,3,1,0,-1.4391522,1.1779282,-1.267658
451,0,1,1,2,2,1,1,3,2,3,2,2,2,3,1,2,2,2,.64446807,.48924264,-.052051567
452,0,1,1,1,0,2,1,0,2,2,1,2,0,2,1,2,1,1,-1.588267,-.6404233,-.12857406
453,0,1,1,2,1,0,1,2,2,3,1,1,2,3,1,2,2,2,.30029538,.48924264,-.71527869
454,0,1,1,2,1,2,1,2,3,3,2,2,1,3,2,2,2,2,-.065269858,.48924264,.41724724
455,1,1,1,3,1,1,2,3,2,1,2,3,2,2,1,1,2,3,.93433887,-.88750303,.37111124
456,1,1,1,2,1,0,0,3,2,3,2,0,3,2,1,2,1,3,1.5584854,-.18181866,-.89149916
457,1,1,1,2,1,0,1,2,2,3,1,3,1,2,2,2,2,3,.13534772,-.18181866,-.50473809
458,1,1,1,2,2,2,1,1,1,3,2,1,0,3,2,3,1,1,-1.1166126,.89192474,.41724724
459,0,1,1,2,1,0,1,3,3,3,1,2,3,3,0,3,1,1,.90817451,.89192474,-.91924
460,0,1,1,3,3,3,2,1,3,3,1,3,2,3,0,2,2,3,.20567979,.696024,.36776829
461,0,2,1,2,3,1,1,3,3,3,3,3,1,3,2,2,2,3,.56374979,.48924264,.37021789
462,0,2,1,3,1,3,2,1,3,3,2,3,1,2,3,2,3,1,-.67925137,-.059622526,1.1650928
463,0,1,1,3,2,1,1,3,2,3,1,1,1,3,0,3,1,1,-.029486129,1.1779282,-.56970984
464,0,1,1,2,2,3,3,3,3,3,3,3,3,3,1,2,1,3,1.5584854,.48924264,1.6543667
465,1,3,1,3,1,2,3,3,3,3,3,3,3,3,2,1,3,3,1.5584854,.45528537,1.4620366
466,0,1,1,2,2,2,1,1,3,3,1,3,1,3,3,3,2,1,-.67925137,.89192474,.22024326
467,0,1,1,3,1,1,1,1,2,3,1,2,2,3,1,2,1,2,-.010361644,.696024,-.39816651
468,0,1,1,2,1,0,0,2,3,3,1,2,1,3,1,1,1,2,-.065269858,.25805777,-1.2284092
469,1,2,4,1,2,3,3,1,1,1,1,1,1,2,0,1,0,0,-.92631775,-1.0828118,.74082971
470,0,1,4,1,0,1,1,1,1,3,1,1,1,3,1,0,1,1,-.67925137,.043096971,-.39816651
471,0,1,4,3,3,0,0,3,3,3,3,3,3,3,3,3,3,3,1.5584854,1.1779282,-.30383283
472,1,3,4,3,2,1,2,3,2,3,2,2,3,2,3,2,3,2,1.1242504,-.059622526,.69382793
473,0,1,4,3,3,0,0,3,0,3,3,3,0,3,0,0,0,3,.30511898,.38346308,-1.0901613
474,0,1,4,3,3,1,1,1,1,3,1,3,1,3,1,3,1,1,-.67925137,1.1779282,-.39816651
475,0,2,4,3,1,0,1,2,2,3,2,2,1,2,1,2,1,1,-.31357718,-.059622526,-.34818912
476,1,2,4,3,0,0,0,0,0,0,0,2,0,1,0,2,0,0,-2.0075986,-1.3250843,-2.0206969
477,0,1,4,2,1,1,0,1,2,3,1,3,3,3,2,2,2,2,.32572162,.48924264,-.64706105
478,0,3,4,3,3,1,0,3,3,3,0,1,2,3,2,3,2,2,.64446807,1.1779282,-1.0579628
479,0,1,4,3,3,0,0,3,2,3,0,2,3,3,0,3,1,1,.90817451,1.1779282,-2.0206969
480,0,3,4,3,3,3,3,1,3,3,3,3,1,3,3,1,1,0,-.92631775,.45528537,2.1203892
481,1,2,4,3,3,1,1,2,1,3,1,1,2,3,0,3,0,3,.51666284,1.1779282,-.56970984
482,1,3,4,2,2,2,0,3,0,3,0,0,3,3,2,3,0,3,1.5584854,.89192474,-.79480356
483,1,2,4,2,2,1,1,1,1,3,2,3,2,1,1,1,2,2,-.010361644,-.78263736,-.052051567
484,1,1,4,2,3,1,3,3,2,3,3,2,2,2,3,3,1,1,.42178065,.035898861,1.4628587
485,1,1,4,2,3,1,1,2,3,3,2,2,2,2,2,3,1,2,.30029538,.035898861,.143538
486,1,1,4,2,2,1,1,1,2,3,2,3,2,3,1,1,2,1,-.27041367,.25805777,-.052051567
487,0,2,4,3,1,0,1,2,2,3,0,2,1,3,1,2,1,0,-.5276829,.696024,-1.108456
488,0,1,4,1,1,1,1,1,1,1,1,1,1,1,1,1,1,1,-.67925137,-1.4829439,-.39816651
489,0,1,4,3,0,1,3,3,3,2,1,2,0,1,2,2,3,2,-.046195563,-.8180393,.48068762
490,0,1,4,2,2,3,1,3,2,2,3,3,2,3,2,3,1,3,.93433887,.16463797,.94033718
491,0,1,4,3,2,2,1,2,2,3,2,3,2,3,2,3,2,2,.30029538,1.1779282,.41724724
492,1,1,4,2,2,2,2,1,3,3,2,3,1,3,1,3,3,1,-.67925137,.89192474,.62952048
493,0,1,4,2,2,1,1,0,1,2,1,1,1,1,2,1,1,0,-1.3619994,-1.104319,-.19963144
494,0,1,4,1,0,1,1,3,1,3,0,2,1,3,1,3,1,3,.56374979,.74519873,-.73502064
495,0,1,4,2,1,1,0,2,1,3,1,2,1,2,1,2,1,1,-.31357718,-.18181866,-.85825688
496,1,1,4,2,2,1,1,2,3,3,2,3,1,2,3,1,2,2,-.065269858,-.37750062,.27903733
497,0,3,4,2,1,1,1,2,3,3,2,1,1,3,2,2,2,1,-.31357718,.48924264,.143538
498,1,2,4,3,2,2,1,2,3,3,2,2,1,2,1,2,2,1,-.31357718,-.059622526,.2281201
499,1,1,4,3,1,0,1,3,1,3,1,3,1,3,1,2,1,2,.261067,.696024,-.71527869
500,1,2,4,0,0,0,0,0,0,0,0,0,0,0,0,0,0,0,-2.0075986,-2.6780877,-2.0206969
501,1,1,4,2,1,3,3,3,3,1,2,1,2,1,2,2,3,3,.93433887,-1.1996676,1.3780514
502,1,1,4,2,1,0,1,1,1,2,1,1,2,2,0,2,1,2,-.010361644,-.55206549,-.91924
503,1,1,4,3,2,2,2,2,3,3,2,3,1,3,2,1,2,1,-.31357718,.45528537,.78642613
504,0,1,4,3,2,1,2,3,3,3,2,3,3,2,2,2,1,3,1.5584854,-.059622526,.54576206
505,0,1,4,3,1,1,2,3,2,1,1,3,1,2,1,1,3,2,.261067,-.88750303,.034030739
506,,,4,2,1,1,1,2,1,2,1,3,1,2,1,2,0,3,.13534772,-.55206549,-.39816651
507,0,1,4,1,2,2,1,2,2,2,2,2,3,3,1,1,3,3,.95408219,-.39274803,.2281201
508,0,1,4,1,1,1,2,2,2,2,2,2,2,2,2,1,3,2,.30029538,-.81520921,.54576206
509,0,1,4,2,1,2,2,2,2,3,3,3,2,3,1,3,1,2,.30029538,.89192474,.90143162
510,0,1,4,3,2,1,1,3,2,3,1,2,3,3,0,2,2,3,1.5584854,.696024,-.56970984
511,1,1,4,1,2,1,1,0,1,3,2,0,0,3,2,2,3,1,-1.588267,.36349842,.143538
512,0,2,4,2,2,2,2,2,2,2,2,2,2,2,2,2,2,2,.30029538,-.55206549,.78642613
513,1,1,5,2,1,1,0,2,1,2,1,1,1,1,1,1,1,1,-.31357718,-1.104319,-.85825688
514,0,1,5,3,1,0,0,3,0,3,2,2,3,3,0,3,1,3,1.5584854,1.1779282,-1.1641127
515,0,1,5,2,1,0,0,1,1,3,1,1,1,3,1,2,1,2,-.42456412,.48924264,-1.2284092
516,0,1,5,3,2,1,1,0,3,3,0,2,2,2,1,3,2,2,-.24741247,.18607888,-.73502064
517,1,2,5,3,3,3,3,0,3,3,3,3,1,3,3,3,2,3,-.58844459,1.1779282,2.1203892
518,1,1,5,2,1,0,1,2,2,3,1,3,2,3,1,3,1,2,.30029538,.89192474,-.71527869
519,0,1,5,1,2,1,2,3,3,3,3,3,3,3,2,3,3,2,1.1242504,.74519873,.81136698
520,0,1,5,2,1,1,1,0,1,0,0,1,0,2,0,1,1,1,-1.588267,-1.1665107,-.94838494
521,1,3,5,3,1,0,0,1,1,3,1,3,1,3,2,3,3,3,-.25713354,1.1779282,-1.0235567
522,1,2,5,3,3,0,0,0,0,3,0,2,0,3,0,3,0,3,-1.2128097,1.1779282,-2.0206969
523,0,1,5,1,2,3,3,3,2,1,3,1,3,3,3,3,3,3,1.5584854,-.15962124,2.1203892
524,0,1,5,3,1,0,1,3,0,1,3,0,3,3,2,3,3,3,1.5584854,.17332081,.089646257
525,0,1,5,3,2,2,1,2,2,2,2,2,2,1,1,2,2,2,.30029538,-.8180393,.2281201
526,0,0,5,2,2,1,2,2,2,3,0,1,2,1,3,1,2,1,.083516158,-.78263736,.14428405
527,0,1,5,2,3,2,2,1,2,3,2,3,2,2,1,1,2,1,-.27041367,-.37750062,.62952048
528,0,1,5,3,2,2,0,1,1,1,0,3,3,2,3,3,2,1,.01033682,-.517268,-.67362177
529,0,1,5,2,3,0,1,3,2,3,1,2,1,3,0,2,0,2,.261067,.48924264,-.91924
530,1,1,5,0,3,0,2,3,2,3,2,3,3,3,2,1,0,3,1.5584854,.084373787,.35234374
531,0,1,5,1,1,1,2,3,1,3,2,3,3,3,1,3,1,3,1.5584854,.74519873,.37111124
532,1,2,5,1,2,0,0,2,1,1,1,2,0,1,2,1,2,2,-.39218825,-1.4829439,-1.0235567
538,0,1,5,3,2,1,1,2,3,3,1,3,0,3,1,2,3,1,-.71007049,.696024,-.39816651
539,0,1,5,3,3,2,1,3,1,3,1,3,2,3,1,3,3,3,.93433887,1.1779282,-.12857406
540,0,1,5,3,3,2,1,3,3,3,2,3,3,3,3,3,3,3,1.5584854,1.1779282,.56798208
541,1,1,5,2,2,2,2,3,1,2,3,3,3,3,2,3,2,3,1.5584854,.16463797,1.0622228
542,1,1,5,1,2,1,0,2,1,3,0,1,0,3,0,2,1,1,-.71007049,.36349842,-1.5268316
543,1,1,5,3,2,1,3,3,3,3,3,3,3,3,3,3,3,3,1.5584854,1.1779282,1.4628587
544,0,2,5,3,2,2,2,2,2,3,3,3,3,2,2,2,3,3,.95408219,-.059622526,1.0622228
545,0,2,5,2,3,1,1,1,3,3,1,3,1,3,1,3,1,1,-.67925137,.89192474,-.39816651
546,0,1,5,3,1,3,3,3,3,3,3,3,2,3,3,3,2,2,.64446807,1.1779282,2.1203892
547,0,0,5,2,2,1,1,0,1,2,1,3,1,3,0,0,0,0,-1.3619994,-.37583113,-.56970984
548,0,1,5,3,2,0,0,3,1,3,1,1,1,3,1,2,1,3,.56374979,.696024,-1.2284092
549,0,0,5,1,3,2,1,2,1,3,2,2,1,3,1,2,1,3,.13534772,.36349842,.2281201
550,0,0,5,3,2,3,3,2,3,3,3,2,3,2,3,2,2,2,.64843237,-.059622526,2.1203892
551,0,0,5,3,1,0,0,1,1,3,0,2,2,3,1,2,0,1,-.27041367,.696024,-1.6966447
552,0,0,5,2,1,0,1,2,2,3,2,2,2,1,2,1,1,2,.30029538,-.78263736,-.12222527
553,0,1,5,2,2,1,1,1,0,3,1,2,1,3,1,2,3,3,-.25713354,.48924264,-.39816651
554,0,1,5,1,1,2,2,0,2,3,2,2,2,3,2,3,2,3,-.0071693971,.74519873,.78642613
555,0,0,5,2,1,0,0,1,3,3,0,0,1,3,0,3,1,2,-.42456412,.89192474,-2.0206969
556,1,1,5,3,0,0,0,3,3,3,0,3,3,3,2,3,3,3,1.5584854,1.1779282,-1.4977098
557,0,1,5,1,1,1,0,0,1,1,2,2,3,3,2,1,1,2,.10832793,-.6756357,-.25021514
558,0,0,5,3,3,1,1,3,2,3,1,3,3,3,2,2,2,3,1.5584854,.696024,-.19963144
563,0,0,5,3,1,2,1,2,2,3,2,3,1,3,2,3,2,1,-.31357718,1.1779282,.41724724
564,1,0,5,3,0,0,2,3,3,3,1,1,3,3,1,2,3,3,1.5584854,.696024,-.26711178
565,0,0,5,3,1,2,2,1,2,3,2,2,1,3,2,3,1,1,-.67925137,1.1779282,.78642613
566,0,0,5,2,3,2,2,0,3,3,3,3,0,3,3,3,3,3,-1.2128097,.89192474,1.2442187
567,1,0,5,2,3,2,3,3,3,3,3,3,3,3,3,2,3,0,.79770374,.48924264,1.6999916
568,0,1,5,1,0,0,0,3,2,3,2,3,2,2,2,1,2,3,.93433887,-.4808217,-.63610888
569,1,0,5,2,2,0,1,1,3,3,1,2,1,2,1,2,1,2,-.42456412,-.18181866,-.71527869
570,1,0,5,3,3,3,3,3,3,3,3,3,3,3,3,3,3,3,1.5584854,1.1779282,2.1203892
571,0,0,5,2,2,3,1,3,3,2,3,3,3,3,2,3,3,2,1.1242504,.16463797,.94033718
572,1,0,5,2,1,2,3,1,2,0,3,1,3,0,3,3,0,3,.66262567,-1.7956197,1.6999916
573,1,0,5,3,1,0,2,1,2,3,1,2,2,3,1,2,2,3,.20567979,.696024,-.26711178
574,1,0,5,2,2,1,0,1,3,3,1,2,2,3,0,2,1,2,-.010361644,.48924264,-1.0729505
575,1,0,5,2,2,1,2,3,3,3,1,1,2,3,2,3,0,3,.93433887,.89192474,.23377024
576,1,0,5,2,3,0,1,0,1,3,2,2,1,2,3,3,1,3,-.58844459,.035898861,.014644498
577,0,0,5,0,0,0,0,0,0,0,0,0,0,0,0,0,0,0,-2.0075986,-2.6780877,-2.0206969
578,0,0,5,2,2,0,0,1,2,2,2,2,0,2,2,2,2,2,-.84011424,-.55206549,-.63610888
579,0,0,5,3,1,1,1,2,2,3,2,3,2,3,2,2,1,3,.51666284,.696024,.143538
580,1,0,5,3,2,1,1,1,3,3,1,1,1,3,2,2,1,2,-.42456412,.696024,-.19963144
581,0,0,5,3,3,0,3,3,3,2,3,2,3,3,0,3,2,3,1.5584854,.33166075,.62737417
582,1,0,5,3,2,3,3,3,3,0,3,1,2,0,2,0,0,0,.28196093,-2.3112264,1.814014
583,1,0,5,3,1,2,3,2,1,2,3,1,3,2,1,3,2,3,.95408219,-.29590672,1.2985462
584,1,0,5,1,2,1,1,2,0,3,1,2,1,3,1,3,1,0,-.5276829,.74519873,-.39816651
585,1,0,5,2,2,2,1,1,2,3,2,2,1,2,2,2,2,1,-.67925137,-.18181866,.41724724
586,1,0,5,1,2,0,3,1,1,2,0,1,3,3,1,0,2,1,.01033682,-.49546453,-.57399303
588,0,0,5,3,2,1,0,3,3,3,0,3,3,3,2,3,2,1,.90817451,1.1779282,-1.0579628
589,0,1,5,1,3,2,2,1,2,3,2,3,1,3,1,3,2,1,-.67925137,.74519873,.62952048
590,1,1,5,2,2,1,2,0,2,1,1,1,1,0,0,0,0,0,-1.3619994,-1.9478905,-.11740933
591,1,1,5,1,2,2,1,2,1,2,1,2,1,2,2,2,1,1,-.31357718,-.6404233,.079921693
592,0,0,5,1,2,0,1,3,2,3,1,3,3,3,1,1,1,3,1.5584854,.12768142,-.71527869
593,1,1,5,2,1,1,1,2,2,3,1,3,3,3,2,2,1,3,.95408219,.48924264,-.19963144
594,0,0,5,3,3,0,1,3,0,3,1,2,2,3,0,3,1,3,.93433887,1.1779282,-.91924
595,0,0,5,2,1,1,1,3,3,3,1,3,3,3,3,3,3,3,1.5584854,.89192474,-.083798051
597,1,1,5,2,0,0,1,1,1,3,1,2,2,3,1,3,2,2,-.010361644,.89192474,-.71527869
598,1,1,5,3,2,3,1,3,3,3,1,3,0,3,3,1,2,3,.30511898,.45528537,.40248507
599,0,0,5,1,1,1,1,2,3,3,1,2,1,1,1,2,1,1,-.31357718,-.66447234,-.39816651
600,0,0,5,1,1,1,1,0,2,1,1,2,0,2,0,1,3,0,-2.0075986,-1.0828118,-.56970984
601,1,1,5,3,1,0,1,1,2,3,1,3,1,2,1,1,3,1,-.67925137,-.26127809,-.71527869
602,1,0,5,2,1,1,2,1,2,3,2,2,2,3,1,1,2,2,-.010361644,.25805777,.37111124
603,1,0,5,1,1,1,1,2,2,3,1,1,3,3,1,2,1,3,.95408219,.36349842,-.39816651
604,0,0,5,1,1,0,1,1,3,3,2,3,0,3,2,1,3,3,-.69513983,.12768142,-.12222527
605,1,1,5,3,3,3,1,1,3,3,1,2,0,3,2,1,3,1,-1.1166126,.45528537,.22552358
606,0,0,5,3,0,1,0,2,1,3,1,1,1,3,1,3,1,3,.13534772,1.1779282,-.85825688
607,1,0,5,3,1,1,2,0,0,3,1,3,3,3,2,2,3,3,.49691704,.696024,.23377024
613,0,1,5,3,2,0,1,1,1,3,1,2,1,3,1,2,0,1,-.67925137,.696024,-.71527869
614,0,2,5,2,1,2,0,2,0,2,0,2,2,2,0,0,2,2,.30029538,-.82300341,-1.3481917
615,1,1,5,3,1,1,1,2,2,2,1,2,1,2,1,2,2,2,-.065269858,-.45984948,-.39816651
616,1,1,5,3,2,2,1,3,3,3,1,2,3,3,1,2,1,1,.90817451,.696024,-.12857406
617,0,2,5,1,2,1,2,1,1,2,2,3,1,2,2,2,2,1,-.67925137,-.6404233,.54576206
618,0,2,5,2,1,3,3,1,3,2,3,3,2,1,2,1,3,2,-.010361644,-1.104319,1.814014
619,1,1,5,3,3,0,3,2,1,3,2,3,2,3,0,3,3,0,-.073959,1.1779282,.21600175
620,1,1,5,2,2,1,2,2,3,3,1,2,2,3,1,3,2,1,.083516158,.89192474,.034030739
621,0,1,5,3,2,3,3,3,2,3,3,3,3,3,2,3,0,2,1.1242504,1.1779282,1.814014
622,1,1,5,3,2,1,2,1,2,1,0,2,2,1,2,0,0,2,-.010361644,-1.4495698,-.014520248
623,0,1,5,2,2,2,1,1,1,3,1,2,1,3,1,1,3,3,-.25713354,.25805777,-.12857406
624,1,1,5,2,0,0,0,2,1,2,1,1,1,3,1,2,0,0,-.5276829,-.077705279,-1.2284092
625,1,2,5,2,1,0,2,3,3,3,2,3,3,2,2,2,2,3,1.5584854,-.18181866,.35234374
626,1,1,5,0,1,1,0,1,0,1,2,1,0,1,2,3,3,3,-.69513983,-1.2485877,-.25021514
627,0,1,5,2,3,3,3,3,3,3,3,3,3,3,3,3,3,2,1.1242504,.89192474,2.1203892
628,1,1,5,1,1,1,1,2,3,3,2,3,2,3,2,3,2,1,.083516158,.74519873,.143538
629,1,2,5,3,3,1,2,3,3,3,3,3,3,3,3,2,3,3,1.5584854,.696024,.99642622
630,1,1,5,2,1,1,1,2,1,3,2,1,2,2,2,2,1,3,.51666284,-.18181866,.143538
631,1,1,5,2,1,0,1,2,1,2,1,2,1,2,1,1,1,1,-.31357718,-.72431529,-.71527869
632,1,1,5,1,1,2,3,1,3,0,2,1,1,2,1,0,2,3,-.25713354,-1.4929031,.93230987
633,0,1,5,3,3,1,1,2,2,3,3,3,2,2,2,2,2,2,.30029538,-.059622526,.37021789
634,0,2,5,0,1,1,1,0,3,0,2,3,3,3,2,2,2,2,.10832793,-.61240995,.143538
635,0,1,5,3,1,0,1,3,2,3,1,3,3,2,1,2,2,1,.90817451,-.059622526,-.71527869
638,1,0,5,2,3,2,1,2,3,2,1,0,1,1,2,3,2,1,-.31357718,-.76943433,.079921693
641,1,1,5,2,1,1,1,1,2,3,2,2,1,3,1,2,1,1,-.67925137,.48924264,-.052051567
642,0,0,5,3,3,1,3,2,3,1,0,2,3,1,3,0,3,1,.41311869,-1.4495698,.45843753
643,1,0,5,2,2,1,2,3,3,2,2,2,3,3,2,1,2,3,1.5584854,-.28296947,.54576206
644,0,0,5,1,1,1,1,1,2,2,1,2,1,2,1,2,1,1,-.67925137,-.6404233,-.39816651
645,0,0,5,2,1,3,1,3,3,3,2,3,3,3,1,3,2,2,1.1242504,.89192474,.38709038
646,1,0,5,2,3,0,1,2,3,3,2,3,3,3,0,2,1,3,.95408219,.48924264,-.5460732
647,1,0,5,3,2,1,2,0,2,3,2,2,1,3,1,3,2,0,-1.3619994,1.1779282,.37111124
648,0,0,5,1,2,1,2,0,1,3,2,0,2,3,2,1,2,0,-.93736637,.12768142,.54576206
655,1,1,5,2,1,1,2,1,2,3,1,1,1,3,1,2,2,3,-.25713354,.48924264,.034030739
658,1,0,5,3,3,2,1,2,3,3,2,3,0,3,2,3,3,2,-.39218825,1.1779282,.41724724
660,1,0,5,2,1,1,2,2,1,2,1,2,2,1,2,1,2,1,.083516158,-1.104319,.23377024
663,1,0,5,2,2,3,2,3,2,1,3,3,2,3,2,1,2,3,.93433887,-.5391593,1.3165559
664,1,0,5,3,2,0,2,1,0,3,3,1,1,3,2,1,3,1,-.67925137,.45528537,.6325919
665,1,1,5,1,1,1,1,1,1,1,1,1,1,1,1,1,1,1,-.67925137,-1.4829439,-.39816651
666,1,0,5,1,2,0,3,2,3,3,1,1,3,3,0,3,1,3,.95408219,.74519873,-.34043273
667,1,0,5,2,1,0,2,3,0,3,1,3,3,3,0,3,1,3,1.5584854,.89192474,-.47439569
668,1,0,5,2,1,0,2,3,0,3,1,3,3,3,0,3,1,3,1.5584854,.89192474,-.47439569
669,1,0,5,3,1,0,0,3,1,3,1,2,2,3,2,3,2,0,.28196093,1.1779282,-1.0235567
670,1,0,5,3,1,1,1,3,3,3,1,2,0,3,2,2,3,1,-.45074278,.696024,-.19963144
671,1,1,5,3,3,1,1,1,1,3,1,0,0,3,2,3,3,2,-.84011424,1.1779282,-.19963144
672,0,0,5,2,3,0,1,1,2,3,1,3,1,3,1,3,3,1,-.67925137,.89192474,-.71527869
673,0,0,5,2,1,1,1,2,2,3,1,1,2,3,1,3,1,3,.51666284,.89192474,-.39816651
674,0,0,5,2,1,0,2,2,0,2,2,2,2,3,1,1,2,2,.30029538,-.28296947,.13912654
675,1,0,5,3,2,3,2,1,3,2,0,2,0,3,2,3,2,1,-1.1166126,.33166075,.52827525
676,0,0,5,3,1,1,1,1,2,2,1,3,0,1,1,3,3,1,-1.1166126,-.65630865,-.39816651
677,1,1,5,2,1,0,0,3,3,0,0,1,2,1,0,2,0,3,.93433887,-1.4230065,-2.0206969
678,0,0,5,1,1,1,1,1,1,1,1,3,1,2,2,2,1,2,-.42456412,-.88770175,-.19963144
679,0,0,5,3,2,1,1,2,1,3,3,2,2,3,3,2,1,1,.083516158,.696024,.55167431
680,0,0,5,3,0,0,1,2,1,3,0,2,1,2,0,3,2,2,-.065269858,.18607888,-1.3550699
681,1,0,5,2,1,1,2,1,1,3,1,2,2,2,2,1,2,1,-.27041367,-.37750062,.23377024
682,1,0,5,2,3,0,1,3,0,3,1,3,3,2,2,2,1,2,1.1242504,-.18181866,-.50473809
683,1,0,5,3,3,3,1,2,0,0,0,1,1,3,3,1,2,1,-.31357718,-.52365398,.11817529
684,1,0,5,3,1,0,0,3,3,3,1,3,3,3,1,1,2,3,1.5584854,.45528537,-1.2284092
685,1,0,5,3,3,3,3,3,3,3,3,3,3,3,3,3,3,3,1.5584854,1.1779282,2.1203892
688,1,0,5,0,1,1,1,1,1,1,1,2,2,2,1,2,2,2,-.010361644,-.93550086,-.39816651
689,0,0,5,3,1,2,1,2,3,3,2,2,2,3,3,2,2,1,.083516158,.696024,.56798208
690,0,0,5,3,0,3,0,1,3,3,0,3,3,3,3,3,3,1,.01033682,1.1779282,-.55636489
691,1,0,5,2,1,1,2,2,1,1,1,1,0,0,1,0,0,0,-1.0421256,-1.9478905,.034030739
692,1,2,5,1,2,1,1,1,1,2,1,0,0,2,2,2,1,1,-1.1166126,-.6404233,-.19963144
693,1,0,5,2,2,1,0,2,1,2,1,1,1,2,1,2,1,1,-.31357718,-.55206549,-.85825688
694,1,0,5,3,2,2,2,3,1,2,3,3,1,1,1,0,1,2,.261067,-1.1455618,.90143162
695,1,0,5,1,1,1,1,1,2,2,1,3,1,2,1,2,1,1,-.67925137,-.6404233,-.39816651
696,0,1,5,3,1,1,1,3,3,3,3,3,3,2,3,3,3,,1.3585579,.18607888,.55167431
697,0,0,5,3,1,2,2,3,3,3,3,3,3,3,2,3,3,2,1.1242504,1.1779282,1.0622228
698,0,0,5,3,2,1,3,3,2,3,2,3,3,3,1,1,3,3,1.5584854,.45528537,.63439792
699,1,1,5,2,1,2,2,2,2,2,1,3,0,3,3,3,1,1,-.71007049,.16463797,.66623741
700,1,0,5,3,1,1,1,3,1,2,1,2,3,1,0,1,2,3,1.5584854,-1.0168743,-.56970984
701,0,0,5,2,1,1,1,2,1,1,1,1,2,2,1,1,1,2,.30029538,-.9803279,-.39816651
702,0,0,5,2,2,1,2,3,3,3,3,2,2,3,3,3,3,2,.64446807,.89192474,.99642622
703,0,1,5,3,3,3,3,3,3,3,3,3,3,3,3,3,3,3,1.5584854,1.1779282,2.1203892
704,0,0,5,0,3,3,2,1,3,3,3,3,1,3,3,2,3,1,-.67925137,.32488054,1.5370858
705,0,0,5,2,1,1,0,1,2,3,1,3,0,3,1,2,2,0,-1.4391522,.48924264,-.85825688
706,0,0,5,2,3,1,0,0,2,3,1,2,1,3,1,1,1,0,-1.3619994,.25805777,-.85825688
707,0,0,5,1,2,2,2,2,2,2,2,2,2,2,2,2,2,1,.083516158,-.6404233,.78642613
708,0,0,5,1,2,0,0,1,2,2,1,2,0,2,1,2,2,1,-1.1166126,-.6404233,-1.2284092
712,1,0,5,2,2,1,1,1,3,3,2,2,1,3,1,1,1,2,-.42456412,.25805777,-.052051567
713,1,1,5,2,1,1,1,1,2,3,1,2,1,2,1,3,1,1,-.67925137,.035898861,-.39816651
714,1,1,5,3,1,1,1,1,2,3,1,2,1,2,1,3,1,1,-.67925137,.18607888,-.39816651
715,1,3,5,1,0,1,2,0,3,0,1,0,1,0,1,1,0,1,-1.0367966,-2.2711129,.034030739
716,0,0,5,2,3,0,1,0,1,3,1,2,1,3,2,2,1,1,-1.0367966,.48924264,-.50473809
717,0,1,5,3,2,1,1,3,3,3,1,3,3,3,1,3,3,3,1.5584854,1.1779282,-.39816651
718,0,1,5,1,2,2,2,3,2,3,3,2,3,3,3,3,2,2,1.1242504,.74519873,1.2442187
719,0,0,5,2,2,0,1,3,3,3,2,2,1,2,2,3,1,1,-.029486129,.035898861,-.12222527
720,1,1,5,1,1,0,0,0,3,3,0,3,1,3,0,3,0,3,-.58844459,.74519873,-2.0206969
721,0,1,5,1,1,3,3,3,3,3,2,3,3,3,3,1,3,3,1.5584854,.12768142,1.6150252
722,1,2,5,2,2,0,0,3,2,,0,,1,3,0,,,0,-.25596568,.47793689,-2.0206969
723,0,1,5,3,2,2,2,3,3,3,2,2,3,3,2,2,3,2,1.1242504,.696024,.78642613
724,0,1,5,2,2,0,1,2,2,3,1,3,3,3,1,3,2,1,.41311869,.89192474,-.71527869
725,1,1,5,3,0,0,1,2,0,3,0,1,3,2,0,2,3,3,.95408219,-.059622526,-1.3550699
726,0,1,5,0,0,1,2,2,2,2,3,1,3,3,3,3,0,0,.26256752,.0078459363,.99642622
727,0,0,5,3,1,0,1,0,1,3,0,1,1,3,0,3,0,0,-1.3619994,1.1779282,-1.3550699
728,0,0,5,3,2,2,1,1,1,3,2,1,3,1,2,2,1,1,.01033682,-.39397252,.41724724
729,0,1,5,2,2,1,1,3,2,3,1,3,3,3,1,3,2,3,1.5584854,.89192474,-.39816651
730,0,1,5,3,0,0,0,3,2,3,0,1,3,,2,1,0,3,1.5584854,.1676321,-1.4977098
731,1,0,5,2,2,0,0,2,0,1,0,0,2,2,2,1,0,2,.30029538,-.9803279,-1.4977098
738,1,0,5,1,1,1,1,2,0,0,0,1,1,1,2,2,2,1,-.31357718,-1.5444329,-.51506668
739,1,0,5,2,3,1,1,3,2,3,2,2,1,3,1,0,2,2,.261067,.18173561,-.052051567
740,1,0,5,2,1,1,1,3,2,2,1,3,3,3,1,3,1,3,1.5584854,.16463797,-.39816651
741,0,0,5,1,2,3,2,2,3,3,2,2,1,3,1,2,3,1,-.31357718,.36349842,.81948805
742,0,0,5,3,2,1,1,3,3,3,1,3,3,3,1,2,2,1,.90817451,.696024,-.39816651
745,0,1,5,2,1,1,1,1,1,2,1,2,1,1,1,1,1,1,-.67925137,-1.104319,-.39816651
746,0,0,5,2,1,2,2,1,2,3,2,2,1,2,2,2,2,1,-.67925137,-.18181866,.78642613
747,1,1,5,2,2,2,2,1,2,2,2,2,2,2,2,2,2,2,-.010361644,-.55206549,.78642613
748,1,0,5,2,3,1,2,1,1,3,1,2,2,2,1,2,1,3,.20567979,-.18181866,.034030739
751,1,1,5,2,2,1,1,1,1,3,1,2,2,1,1,1,0,1,-.27041367,-.78263736,-.39816651
752,0,0,5,2,2,1,1,2,2,2,1,1,1,2,1,2,2,3,.13534772,-.55206549,-.39816651
753,1,0,5,2,0,2,1,3,0,1,2,1,2,1,3,2,1,0,.28196093,-1.1996676,.56798208
754,0,1,5,2,1,2,2,2,2,2,0,1,1,1,2,2,2,2,-.065269858,-.91379362,.32453209
755,0,0,5,3,2,2,1,3,3,2,1,2,2,1,1,1,1,1,.42178065,-1.0168743,-.12857406
756,0,0,5,1,3,1,2,3,1,1,2,2,3,,1,1,1,2,1.1242504,-1.342441,.37111124
757,0,1,5,2,2,2,2,1,2,3,3,3,2,3,3,3,3,2,-.010361644,.89192474,1.2442187
758,0,0,5,1,3,3,2,3,3,3,3,3,3,3,3,3,3,3,1.5584854,.74519873,1.5370858
759,0,0,5,2,1,0,0,0,1,3,0,3,0,3,0,2,0,0,-2.0075986,.48924264,-2.0206969
760,0,0,7,2,1,2,1,2,3,3,2,3,3,3,1,2,3,2,.64843237,.48924264,.2281201
596,0,1,7,2,2,1,1,2,2,3,1,2,1,3,1,2,3,2,-.065269858,.48924264,-.39816651
608,0,1,7,1,1,2,2,2,3,3,2,3,3,3,3,2,2,2,.64843237,.36349842,.93773198
609,1,1,7,1,1,2,2,2,2,3,1,1,1,2,0,2,2,3,.13534772,-.28212789,.19569515
610,0,1,7,1,0,2,1,3,2,3,3,2,3,3,1,3,2,2,1.1242504,.74519873,.47455534
611,1,1,7,3,1,1,1,2,2,2,2,3,1,2,1,2,1,2,-.065269858,-.45984948,-.052051567
612,1,1,7,2,1,1,0,1,2,2,2,2,1,2,1,2,1,2,-.42456412,-.55206549,-.49119747
636,0,1,7,2,1,2,1,1,1,1,1,1,1,1,1,1,1,1,-.67925137,-1.3853794,-.12857406
637,1,1,7,3,3,0,1,1,3,3,1,3,3,3,3,3,3,3,.66262567,1.1779282,-.39922595
651,1,1,7,2,3,1,1,1,2,3,2,3,1,2,2,3,2,2,-.42456412,.035898861,.143538
652,0,1,7,3,3,3,1,3,3,3,1,2,1,1,1,3,2,0,-.25596568,-.11514574,-.0087212231
661,0,1,7,3,2,1,3,2,2,2,3,3,2,3,3,1,2,3,.51666284,-.15520822,1.4628587
662,1,1,7,3,0,1,1,0,1,0,1,1,0,3,1,2,0,0,-2.0075986,-.2121148,-.39816651
686,1,1,7,2,1,2,3,2,3,1,2,3,1,2,1,3,2,3,.13534772,-.63205236,.93230987
687,1,1,7,3,3,1,1,1,2,3,1,1,2,3,3,3,3,3,.20567979,1.1779282,-.083798051
709,1,1,7,2,3,2,1,3,3,3,1,3,1,2,3,3,2,0,-.25596568,.035898861,.22024326
710,1,1,7,2,2,1,2,1,1,3,2,3,1,3,2,3,3,1,-.67925137,.89192474,.54576206
711,1,1,7,3,3,1,2,1,2,3,0,2,1,2,1,2,1,3,-.25713354,-.059622526,-.26572642
732,1,1,7,3,3,1,0,3,1,3,0,1,1,1,1,1,1,1,-.029486129,-.65491962,-1.267658
733,0,1,7,0,2,0,0,1,1,3,1,3,1,3,0,3,1,2,-.42456412,.70453918,-1.4781533
734,1,2,7,2,1,1,2,2,1,3,2,1,3,2,2,3,3,1,.41311869,.035898861,.54576206
735,0,1,7,3,2,1,1,3,3,3,1,3,3,2,1,2,3,3,1.5584854,-.059622526,-.39816651
736,1,1,7,3,1,2,1,2,2,3,0,3,1,2,2,2,3,2,-.065269858,-.059622526,-.20767419
761,1,1,7,2,3,1,1,2,1,2,1,2,2,2,1,2,1,2,.30029538,-.55206549,-.39816651
763,1,1,7,2,2,1,1,1,2,2,1,2,2,2,2,2,2,1,-.27041367,-.55206549,-.19963144
764,1,1,7,3,2,0,0,1,1,3,0,0,3,3,1,2,0,3,.66262567,.696024,-1.6966447
765,1,1,7,2,2,1,3,2,2,3,1,3,1,2,2,2,1,3,.13534772,-.18181866,.48068762
767,1,1,7,2,1,1,1,1,2,2,1,3,1,2,1,1,2,2,-.42456412,-.72431529,-.39816651
768,1,1,7,2,1,0,2,3,0,2,1,2,1,1,2,1,2,1,-.029486129,-1.104319,-.029109702
770,0,1,7,1,1,1,1,2,1,1,1,0,2,1,1,1,1,1,.083516158,-1.4829439,-.39816651
771,1,1,7,1,1,1,1,1,2,2,2,1,1,2,1,1,1,1,-.67925137,-.81520921,-.052051567
772,0,1,7,3,2,3,1,3,3,3,1,3,3,3,2,3,3,3,1.5584854,1.1779282,.22552358
773,0,2,7,3,1,0,1,2,1,2,1,1,2,3,1,3,2,3,.51666284,.33166075,-.71527869
774,0,1,7,3,1,0,0,3,3,2,1,2,2,2,0,2,1,2,.64446807,-.45984948,-1.4781533
775,1,1,7,2,2,3,2,1,2,3,2,3,1,2,2,2,2,2,-.42456412,-.18181866,.98506302
776,0,1,7,2,1,1,1,1,2,3,1,2,1,3,1,3,1,3,-.25713354,.89192474,-.39816651
777,1,1,7,3,3,1,1,1,1,3,1,1,1,3,1,3,3,0,-.92631775,1.1779282,-.39816651
778,1,1,7,1,2,1,2,2,1,1,1,2,1,1,2,1,1,1,-.31357718,-1.4829439,.23377024
779,1,1,7,3,3,2,3,3,2,3,2,3,3,3,3,3,3,3,1.5584854,1.1779282,1.2983682
780,1,1,7,2,1,2,0,3,3,3,1,3,3,3,1,3,2,3,1.5584854,.89192474,-.60456043
781,1,1,7,2,2,2,3,1,1,3,1,3,0,3,1,3,3,1,-1.1166126,.89192474,.59471542
782,1,1,7,1,2,2,1,2,3,3,1,3,2,3,1,2,3,1,.083516158,.36349842,-.12857406
784,1,1,7,2,1,2,1,2,2,1,1,2,1,2,1,2,1,2,-.065269858,-.78587162,-.12857406
785,1,1,7,1,1,1,1,1,2,1,1,1,1,1,1,2,2,2,-.42456412,-1.3023454,-.39816651
786,1,1,7,1,1,1,2,2,3,3,2,3,2,2,2,2,3,2,.30029538,-.28212789,.54576206
787,0,1,7,2,0,0,1,3,2,3,1,3,3,2,1,3,0,3,1.5584854,.035898861,-.71527869
788,1,1,7,1,1,1,0,2,0,1,0,2,1,2,0,1,0,1,-.31357718,-1.0828118,-1.5268316
789,1,1,7,2,1,2,1,1,2,1,2,2,1,3,2,3,2,2,-.42456412,-.01567588,.41724724
790,0,1,7,2,1,0,2,3,3,3,3,3,2,3,2,3,2,0,.28196093,.89192474,.6325919
791,1,1,7,0,1,2,2,2,0,2,3,1,0,0,1,0,0,2,-.39218825,-1.8561013,.90143162
792,1,1,7,3,1,0,1,1,0,3,1,2,1,3,0,2,1,2,-.42456412,.696024,-.91924
793,1,2,7,3,3,3,1,3,3,3,1,3,3,3,2,3,3,3,1.5584854,1.1779282,.22552358
794,0,1,7,2,1,1,1,2,1,3,1,2,3,3,0,1,3,2,.64843237,.25805777,-.56970984
795,1,1,7,3,1,1,2,3,1,3,1,2,1,3,1,1,1,2,.261067,.45528537,.034030739
796,0,2,7,2,2,1,1,2,1,3,1,3,2,3,1,2,0,2,.30029538,.48924264,-.39816651
797,0,1,7,2,0,0,1,1,2,3,1,3,2,3,1,2,1,3,.20567979,.48924264,-.71527869
798,0,1,7,2,2,0,1,1,1,3,1,2,1,3,0,2,0,2,-.42456412,.48924264,-.91924
800,1,0,7,3,3,0,1,1,3,3,0,3,0,3,3,3,3,1,-1.1166126,1.1779282,-.80277175
801,1,1,7,1,3,2,1,0,1,3,2,3,0,2,3,3,3,0,-2.0075986,-.075038873,.56798208
802,1,1,7,2,1,0,1,3,0,1,0,3,2,1,0,1,2,3,.93433887,-1.3853794,-1.3550699
803,0,0,7,1,1,0,1,2,0,1,2,2,1,0,1,0,1,2,-.065269858,-2.0720217,-.34818912
804,1,0,7,0,3,2,3,2,1,3,1,2,0,3,0,2,1,3,-.1782573,.32488054,.46107128
805,1,0,7,3,0,2,1,0,3,1,2,3,3,1,0,2,0,3,.49691704,-1.1100529,.096678063
806,0,1,7,3,3,1,0,3,3,3,1,3,3,3,2,3,3,2,1.1242504,1.1779282,-.64706105
807,1,1,7,3,2,2,1,3,3,3,2,3,3,3,1,3,3,3,1.5584854,1.1779282,.2281201
808,1,1,7,1,1,2,2,2,2,3,2,3,1,2,2,2,3,2,-.065269858,-.28212789,.78642613
809,1,1,7,2,2,3,0,2,2,2,1,2,3,2,2,1,1,1,.41311869,-.72431529,-.23441891
810,0,1,7,3,1,1,1,1,2,3,2,3,0,3,2,2,2,2,-.84011424,.696024,.143538
811,1,1,7,3,2,1,1,2,3,3,1,1,2,2,1,2,1,3,.51666284,-.059622526,-.39816651
812,0,1,7,2,1,2,2,3,2,3,1,3,2,2,1,2,2,3,.93433887,-.18181866,.32229173
813,0,1,7,3,2,0,0,2,0,3,0,2,1,3,2,3,3,3,.13534772,1.1779282,-1.4977098
814,0,1,7,1,2,3,2,3,3,3,2,3,3,2,2,2,2,2,1.1242504,-.28212789,.98506302
815,1,2,7,3,1,1,0,2,3,3,2,3,1,3,3,2,2,1,-.31357718,.696024,-.1102483
817,1,1,7,3,0,0,1,2,1,3,2,3,2,3,2,3,3,2,.30029538,1.1779282,-.12222527
818,1,1,7,2,1,0,0,2,1,3,3,3,1,3,2,2,2,3,.13534772,.48924264,-.48158586
819,0,1,7,3,3,3,2,3,3,3,2,3,3,3,3,3,3,3,1.5584854,1.1779282,1.1650928
820,1,1,7,3,2,1,1,1,2,2,2,3,1,3,1,2,1,1,-.67925137,.055918932,-.052051567
821,1,1,7,2,0,3,2,2,1,3,2,3,1,3,0,1,0,1,-.31357718,.25805777,.73314065
822,1,1,7,2,1,2,2,2,1,1,1,2,2,2,2,2,2,2,.30029538,-.78587162,.51020044
823,1,1,7,3,2,1,1,3,3,3,1,3,3,3,2,2,1,2,1.1242504,.696024,-.19963144
824,1,1,7,3,2,1,1,1,1,3,1,3,2,3,1,2,2,3,.20567979,.696024,-.39816651
825,1,0,7,2,1,3,1,3,1,2,2,0,1,2,3,3,1,2,.261067,-.40132707,.78339988
826,1,0,7,2,2,0,0,1,1,2,0,3,1,1,2,1,0,2,-.42456412,-1.104319,-1.4977098
828,1,0,7,0,3,1,2,,1,1,0,3,3,1,1,2,2,3,1.3624018,-1.3563672,-.26572642
829,0,0,7,3,3,0,1,3,1,3,0,3,3,3,1,3,1,3,1.5584854,1.1779282,-1.108456
830,0,0,7,3,2,2,2,3,2,3,2,3,2,2,2,2,3,3,.93433887,-.059622526,.78642613
831,0,0,7,0,2,1,3,1,1,3,2,1,2,2,0,0,3,3,.20567979,-.62976754,.51593679
832,0,0,7,0,1,1,1,1,1,1,1,0,1,1,0,1,0,0,-.92631775,-1.5378561,-.56970984
833,0,0,7,3,3,2,1,1,2,3,1,1,2,3,2,1,3,1,-.27041367,.45528537,.079921693
834,0,0,7,1,1,2,0,1,3,3,2,2,0,2,1,2,1,0,-1.4391522,-.28212789,-.16830586
835,0,0,7,3,2,2,2,0,1,2,1,2,1,3,2,2,1,0,-1.3619994,.055918932,.51020044
836,1,0,7,1,1,0,0,3,3,3,3,3,1,3,3,3,2,1,-.029486129,.74519873,-.30383283
838,1,1,7,0,0,0,0,0,0,0,0,0,0,0,0,0,0,0,-2.0075986,-2.6780877,-2.0206969
839,1,0,7,2,3,2,1,0,2,3,0,2,0,2,1,2,0,2,-1.3192432,-.18181866,-.45921636
840,0,1,7,2,2,3,1,2,1,3,0,1,2,3,2,1,0,1,.083516158,.25805777,-.071259618
841,0,0,7,3,3,3,3,2,3,3,3,3,2,3,3,3,3,3,.51666284,1.1779282,2.1203892
842,1,0,7,3,2,2,0,1,0,0,0,1,3,1,1,3,1,1,.01033682,-1.1816205,-1.0579891
843,0,0,7,2,0,1,3,3,1,3,2,2,3,2,2,2,1,2,1.1242504,-.18181866,.83640635
844,1,0,7,3,2,1,1,2,2,3,1,0,2,3,1,2,1,2,.30029538,.696024,-.39816651
845,0,0,7,1,1,1,1,1,3,3,1,3,1,3,3,3,2,1,-.67925137,.74519873,-.083798051
846,0,0,7,2,1,1,3,2,3,3,1,1,0,3,1,1,1,1,-.71007049,.25805777,.23655859
847,1,0,7,2,1,1,1,2,2,3,2,2,2,3,2,1,1,2,.30029538,.25805777,.143538
848,1,1,7,2,1,1,1,0,1,3,2,2,0,3,2,3,2,0,-2.0075986,.89192474,.143538
849,1,0,7,2,1,1,3,2,3,3,1,3,1,3,3,,,,-.17621824,.63198334,.68918258
850,0,0,7,2,1,0,1,1,2,3,2,1,1,1,1,3,1,1,-.67925137,-.29494184,-.34818912
851,1,0,7,2,0,1,2,2,0,1,1,2,2,2,0,1,1,1,.083516158,-.9803279,-.11740933
852,1,0,7,3,0,2,1,3,1,3,0,2,1,3,3,2,1,3,.56374979,.696024,-.05940482
853,1,0,7,3,2,2,3,1,2,0,2,3,1,2,1,2,1,2,-.42456412,-.81674951,.93230987
854,1,0,7,1,2,1,2,0,1,2,1,0,1,2,1,2,1,0,-1.3619994,-.6404233,.034030739
855,0,0,7,3,3,3,1,2,3,3,3,3,2,3,3,3,3,3,.51666284,1.1779282,1.192274
856,0,0,7,2,0,1,0,,3,2,0,0,,1,3,2,1,0,-1.040917,-.91379362,-.97973675
857,1,0,7,1,3,2,3,1,2,1,3,1,3,2,3,0,3,2,.32572162,-1.2187104,1.6999916
858,0,0,7,3,2,1,0,1,0,0,2,1,0,2,0,0,0,0,-1.4391522,-1.2318608,-.71067828
859,1,0,7,2,3,1,3,3,3,3,3,3,3,3,3,3,3,3,1.5584854,.89192474,1.4628587
860,1,1,7,0,3,2,2,1,3,1,0,3,2,1,1,2,2,2,-.010361644,-1.3563672,.082380064
861,1,0,7,3,1,0,2,3,2,1,1,2,3,1,0,0,1,1,.90817451,-1.4495698,-.47439569
862,0,0,7,0,2,1,3,1,0,1,1,0,0,2,1,3,2,0,-1.4391522,-.79182434,.23655859
863,0,0,7,1,2,2,1,2,3,3,2,1,1,0,1,2,2,1,-.31357718,-.91510117,.2281201
864,0,1,7,0,1,0,2,2,3,3,2,2,0,1,0,2,2,3,-.1782573,-.72001833,-.021787915
865,0,0,7,3,3,2,3,2,0,3,3,2,3,2,2,1,0,3,.95408219,-.26127809,1.4620366
866,0,0,7,1,1,2,1,0,1,2,3,3,3,2,2,1,2,3,.49691704,-.81520921,.68447143
867,1,0,7,1,2,2,1,2,3,3,2,1,1,0,1,2,2,1,-.31357718,-.91510117,.2281201
868,0,0,7,1,1,1,1,3,3,3,3,1,3,3,3,3,3,3,1.5584854,.74519873,.55167431
869,0,1,7,3,2,1,0,1,,,,1,0,1,2,3,,,-1.1407313,-.47841144,-.63245511
870,0,0,7,1,2,2,3,3,3,3,3,3,3,3,3,3,3,3,1.5584854,.74519873,1.6999916
871,1,0,7,3,3,0,1,2,1,1,1,2,0,1,0,3,3,3,-.1782573,-.96874785,-.91924
872,1,0,7,2,0,1,0,0,0,2,3,0,2,1,3,3,1,0,-.93736637,-.76943433,.15936308
873,0,0,7,3,2,2,3,3,3,2,3,2,3,3,2,3,3,3,1.5584854,.33166075,1.4620366
874,0,0,7,2,1,1,1,2,3,3,1,3,3,3,2,3,2,2,.64843237,.89192474,-.19963144
875,0,0,7,2,1,1,1,1,2,2,2,2,1,2,1,2,1,1,-.67925137,-.55206549,-.052051567
876,0,0,7,3,1,0,1,1,0,3,1,1,1,3,1,3,1,1,-.67925137,1.1779282,-.71527869
877,0,0,7,1,0,0,1,1,1,3,0,1,0,3,0,1,2,1,-1.1166126,.12768142,-1.3550699
878,1,0,7,3,3,1,0,0,3,3,0,3,0,3,3,3,3,3,-1.2128097,1.1779282,-.97973675
879,0,0,7,1,1,1,0,2,2,3,1,2,1,3,2,2,3,2,-.065269858,.36349842,-.64706105
880,0,0,7,2,2,1,1,1,1,3,2,2,0,2,1,1,2,1,-1.1166126,-.37750062,-.052051567
881,1,0,7,2,2,0,1,1,0,3,0,1,1,2,2,2,1,0,-.92631775,-.18181866,-.89186072
882,0,0,7,3,1,3,3,3,3,3,3,3,3,3,3,3,3,3,1.5584854,1.1779282,2.1203892
883,0,0,7,3,3,0,3,2,3,1,1,3,2,1,2,3,3,2,.30029538,-.96874785,.19065246
884,1,0,7,2,1,1,1,2,2,1,2,3,1,1,2,2,1,1,-.31357718,-1.1996676,.143538
885,1,0,7,1,0,2,1,0,1,2,2,1,1,1,0,0,1,1,-1.0367966,-1.3409793,.096678063
886,1,1,7,1,1,2,1,2,1,1,1,2,1,2,1,1,1,1,-.31357718,-1.0828118,-.12857406
887,1,0,7,1,1,2,1,2,1,1,2,2,1,0,2,1,2,0,-.5276829,-1.869348,.41724724
888,1,0,7,3,3,3,0,0,3,3,3,3,3,3,0,3,3,3,.49691704,1.1779282,.066383958
889,0,0,7,3,3,1,1,1,1,1,3,3,1,0,0,3,3,1,-.67925137,-1.2930839,-.017283903
890,1,1,7,2,2,2,2,2,2,2,2,2,2,2,2,2,2,2,.30029538,-.55206549,.78642613
891,1,1,7,2,2,2,2,2,2,2,2,2,2,2,2,2,2,2,.30029538,-.55206549,.78642613
892,1,0,7,3,2,2,3,1,0,3,3,3,3,2,2,0,1,1,.01033682,-.34905204,1.4620366
893,1,0,7,2,2,1,2,1,1,2,2,2,1,2,2,2,2,1,-.67925137,-.55206549,.54576206
894,1,1,7,1,1,,2,1,0,1,1,1,1,1,2,,,3,-.25713354,-1.4278004,.3438687
895,1,1,7,3,3,3,2,1,0,0,0,0,0,2,2,2,2,1,-1.1166126,-.81674951,.52827525
896,1,0,7,2,1,0,1,0,1,1,1,2,1,1,1,1,1,2,-.74813849,-1.3853794,-.71527869
897,0,0,7,1,2,1,1,1,2,3,1,1,2,3,1,2,1,0,-.49510741,.36349842,-.39816651
898,1,0,7,3,2,2,1,1,1,2,2,2,2,2,2,2,2,2,-.010361644,-.45984948,.41724724
899,0,0,7,1,1,0,3,3,1,1,1,0,1,1,1,1,3,3,.56374979,-1.4829439,-.10481983
900,0,0,7,1,1,1,1,0,1,1,1,2,1,1,1,1,1,1,-1.0367966,-1.4829439,-.39816651
901,1,0,7,3,0,3,2,3,1,3,1,0,3,2,1,3,1,2,1.1242504,.18607888,.49586508
902,0,0,7,1,1,2,1,2,3,2,2,3,2,3,3,2,1,0,-.073959,-.18310425,.56798208
903,1,0,7,3,3,1,3,0,2,1,3,1,0,2,3,1,2,1,-1.588267,-.88750303,1.4628587
904,1,1,7,3,2,0,2,1,2,3,2,2,2,3,3,2,1,0,-.49510741,.696024,.51286286
905,0,0,7,2,0,1,1,3,3,3,2,1,3,3,3,3,3,2,1.1242504,.89192474,.27903733
906,1,0,7,3,3,0,1,1,1,0,1,2,0,2,1,2,1,0,-1.4391522,-.81674951,-.71527869
907,1,0,7,2,1,1,1,1,2,2,2,2,2,2,2,2,1,1,-.27041367,-.55206549,.143538
908,1,0,7,3,3,0,1,1,1,0,1,2,0,2,1,2,1,0,-1.4391522,-.81674951,-.71527869
909,1,0,7,2,3,2,1,0,2,1,0,,2,1,1,0,3,1,-.58587801,-1.527494,-.45921636
910,1,0,7,3,3,0,1,1,3,3,1,3,0,3,2,3,2,2,-.84011424,1.1779282,-.50473809
911,1,0,7,2,2,2,2,2,3,3,2,1,1,2,3,3,2,3,.13534772,.035898861,.93773198
912,1,0,7,2,2,1,2,2,2,2,1,1,0,3,2,2,2,2,-.39218825,-.077705279,.23377024
913,0,0,7,3,2,1,1,1,3,3,3,3,3,3,3,3,3,1,.01033682,1.1779282,.55167431
914,1,0,7,2,1,2,1,2,2,2,3,0,1,2,3,1,1,1,-.31357718,-.72431529,.88015562
915,1,1,7,3,2,1,2,1,2,1,2,2,2,1,0,1,0,2,-.010361644,-1.3065718,.25774986
916,1,0,7,2,1,1,0,1,2,2,2,2,1,2,1,1,2,1,-.67925137,-.72431529,-.49119747
917,1,0,7,1,0,0,0,1,3,1,1,3,0,0,2,3,1,1,-1.1166126,-1.5572339,-1.0235567
918,1,1,7,2,2,2,1,2,3,3,1,3,1,3,3,3,1,1,-.31357718,.89192474,.22024326
919,1,1,7,2,0,1,3,3,3,2,1,0,2,1,1,2,0,0,.28196093,-.91379362,.23655859
921,1,1,7,2,1,0,1,1,0,3,1,3,1,2,1,1,1,0,-.92631775,-.37750062,-.71527869
922,0,1,7,3,3,3,2,3,3,3,3,3,3,3,3,3,3,3,1.5584854,1.1779282,1.5370858
923,0,1,7,3,3,1,2,3,3,3,2,3,3,3,3,3,3,3,1.5584854,1.1779282,.69382793
924,1,0,7,3,1,2,1,2,2,2,2,3,2,3,3,2,2,1,.083516158,.055918932,.56798208
925,1,0,7,3,2,3,2,3,2,2,3,3,2,3,2,3,2,1,.42178065,.33166075,1.3165559
926,1,2,7,3,2,1,0,3,2,3,1,2,1,3,2,3,2,3,.56374979,1.1779282,-.64706105
927,1,1,7,2,2,1,1,1,2,2,1,1,1,2,1,2,2,1,-.67925137,-.55206549,-.39816651
928,0,1,7,1,0,0,0,0,0,0,0,0,0,0,0,0,0,0,-2.0075986,-2.54684,-2.0206969
929,0,1,7,1,1,1,1,1,1,2,2,2,1,1,1,1,1,2,-.42456412,-1.2039268,-.052051567
930,1,0,7,1,2,1,0,1,1,1,1,0,1,2,1,2,1,1,-.67925137,-.88770175,-.85825688
931,0,1,7,2,2,3,2,3,2,3,1,3,2,3,1,2,2,1,.42178065,.48924264,.49586508
932,1,0,7,2,1,1,1,2,0,1,1,1,0,0,1,0,0,1,-.71007049,-1.9478905,-.39816651
933,1,0,7,2,2,1,0,3,3,3,3,1,1,2,2,2,2,2,.261067,-.18181866,-.041116875
934,0,0,7,2,2,2,3,3,3,2,1,3,3,2,3,3,2,2,1.1242504,-.40132707,1.0301821
935,0,0,7,2,1,1,1,3,2,3,1,2,3,3,2,1,2,3,1.5584854,.25805777,-.19963144
936,0,0,7,3,2,1,2,2,2,3,2,3,3,3,2,2,2,2,.64843237,.696024,.54576206
937,0,0,7,3,3,3,0,3,0,3,3,3,3,3,3,3,3,3,1.5584854,1.1779282,.98035741
938,0,0,7,2,2,1,1,3,3,3,1,3,2,3,3,2,1,0,.28196093,.48924264,-.083798051
939,0,0,7,2,1,1,0,1,2,0,1,1,1,0,2,1,1,0,-.92631775,-2.1328733,-.64706105
940,0,0,7,1,1,0,1,3,1,3,0,2,1,3,1,1,3,1,-.029486129,.12768142,-1.108456
942,1,0,7,2,1,1,1,1,2,1,2,1,1,2,2,1,1,1,-.67925137,-.9803279,.143538
943,1,1,7,2,2,2,2,2,2,2,2,2,2,2,2,2,2,2,.30029538,-.55206549,.78642613
944,1,1,7,2,2,2,2,2,2,2,2,2,2,2,2,2,2,2,.30029538,-.55206549,.78642613
945,1,1,7,2,2,1,1,1,1,1,0,2,1,1,1,1,1,2,-.42456412,-1.3853794,-.73502064
946,0,1,7,1,2,0,2,1,2,0,2,1,3,0,2,3,1,1,.01033682,-1.9623688,.35234374
947,0,0,7,2,1,1,2,2,1,3,2,3,1,3,2,1,2,2,-.065269858,.25805777,.54576206
948,0,0,7,1,1,3,2,3,1,1,1,2,1,2,1,1,1,3,.56374979,-1.0828118,.49586508
949,0,1,7,2,3,1,1,2,3,3,1,3,2,3,2,3,1,3,.51666284,.89192474,-.19963144
950,1,0,7,0,1,1,1,3,2,1,2,1,1,1,2,3,0,0,-.25596568,-1.2485877,.143538
951,1,0,7,0,1,1,1,3,3,2,1,0,2,3,1,3,2,3,.93433887,.0078459363,-.39816651
952,1,1,8,3,1,1,1,1,1,2,1,2,1,1,1,1,1,1,-.67925137,-1.0168743,-.39816651
953,1,1,8,2,2,2,1,1,2,2,1,2,1,2,1,2,2,1,-.67925137,-.55206549,-.12857406
954,0,1,8,1,3,1,3,2,3,3,1,3,1,2,3,2,3,1,-.31357718,-.28212789,.68918258
955,0,1,8,3,2,1,1,2,2,3,1,2,2,3,1,2,2,2,.30029538,.696024,-.39816651
956,0,1,8,1,0,1,2,1,2,3,2,2,1,3,1,2,2,1,-.67925137,.36349842,.37111124
957,0,1,8,1,2,1,1,1,2,3,3,3,1,3,2,3,3,1,-.67925137,.74519873,.37021789
958,1,1,8,1,1,2,2,1,2,2,2,3,1,2,2,3,3,1,-.67925137,-.49576876,.78642613
959,1,1,8,2,1,1,1,3,2,3,3,2,2,3,3,3,1,1,.42178065,.89192474,.55167431
960,1,1,8,3,0,0,0,1,0,3,0,0,0,3,1,3,0,3,-.69513983,1.1779282,-1.6966447
962,1,0,6,2,2,1,1,1,2,3,1,2,1,3,1,3,1,2,-.42456412,.89192474,-.39816651
963,1,0,6,1,1,2,1,1,2,2,1,2,0,1,2,2,1,3,-.69513983,-1.0151136,.079921693
964,1,1,6,3,3,1,2,2,3,3,2,3,2,3,3,3,3,0,-.073959,1.1779282,.69382793
965,0,1,6,1,0,1,1,3,2,1,1,3,3,3,2,3,2,3,1.5584854,-.15962124,-.19963144
966,1,1,6,3,1,0,1,2,2,3,2,2,1,2,2,2,2,3,.13534772,-.059622526,-.12222527
967,1,1,6,3,2,1,1,2,1,2,1,3,2,3,1,2,2,2,.30029538,.055918932,-.39816651
968,1,0,6,2,1,1,1,2,1,3,1,2,2,3,1,2,1,2,.30029538,.48924264,-.39816651
969,1,1,6,3,1,1,2,1,2,3,2,3,2,2,2,1,2,1,-.27041367,-.26127809,.54576206
970,1,1,6,2,2,0,0,1,1,3,0,3,1,3,2,1,1,1,-.67925137,.25805777,-1.4977098
971,1,1,6,2,3,0,1,2,1,3,1,2,1,3,1,1,2,2,-.065269858,.25805777,-.71527869
972,1,0,6,2,1,1,1,1,1,3,2,3,1,3,1,3,1,2,-.42456412,.89192474,-.052051567
973,1,1,6,3,2,1,2,1,2,3,2,1,2,2,2,3,2,3,.20567979,.18607888,.54576206
974,1,0,6,2,1,0,1,2,1,2,1,2,2,2,1,2,1,2,.30029538,-.55206549,-.71527869
975,1,1,6,2,2,1,1,2,1,2,2,1,1,3,1,2,2,3,.13534772,-.077705279,-.052051567
976,1,1,6,2,1,1,1,2,1,3,2,3,1,3,1,2,1,2,-.065269858,.48924264,-.052051567
977,1,1,6,3,3,0,1,2,2,3,2,1,2,3,1,2,1,2,.30029538,.696024,-.34818912
978,1,0,6,1,2,1,1,2,1,3,1,2,0,3,1,2,1,0,-1.0421256,.36349842,-.39816651
979,1,0,6,2,1,2,3,3,3,3,3,2,3,3,3,3,2,2,1.1242504,.89192474,1.6999916
980,1,0,6,2,1,0,1,3,1,3,1,1,0,3,0,2,0,1,-.45074278,.48924264,-.91924
981,1,1,6,3,2,1,1,2,3,3,1,2,3,3,1,2,2,3,.95408219,.696024,-.39816651
982,1,0,6,2,0,0,1,2,2,3,0,2,2,3,2,2,1,2,.30029538,.48924264,-.89186072
983,1,1,6,2,1,0,2,3,3,3,2,3,2,3,2,2,2,2,.64446807,.48924264,.35234374
984,1,0,6,2,1,0,1,3,2,3,0,2,1,3,1,2,2,3,.56374979,.48924264,-1.108456
985,1,1,6,2,3,2,2,2,2,2,2,3,3,3,2,3,3,3,.95408219,.16463797,.78642613
986,1,1,6,3,1,0,0,1,2,2,0,1,1,3,2,3,1,1,-.67925137,.33166075,-1.4977098
987,1,0,6,1,3,2,3,3,0,3,2,2,3,3,2,1,2,1,.90817451,.12768142,1.1026489
988,1,0,6,1,2,0,1,0,3,2,1,3,0,2,1,3,1,1,-1.588267,-.49576876,-.71527869
989,1,0,6,3,1,1,1,2,2,3,1,3,1,2,1,2,2,2,-.065269858,-.059622526,-.39816651
990,1,1,6,3,3,3,2,1,2,3,1,3,3,2,3,3,2,1,.01033682,.18607888,.89224261
991,1,1,6,2,2,1,1,3,2,3,1,3,2,3,1,2,1,3,.93433887,.48924264,-.39816651
992,1,0,6,3,1,1,1,2,2,3,1,3,3,2,1,2,2,3,.95408219,-.059622526,-.39816651
993,1,1,6,2,2,1,2,1,2,3,1,2,1,2,2,2,2,2,-.42456412,-.18181866,.23377024
994,1,1,8,2,1,0,1,2,2,3,1,2,2,3,1,2,0,2,.30029538,.48924264,-.71527869
995,0,1,8,3,2,1,1,2,3,3,1,3,3,3,3,2,3,2,.64843237,.696024,-.083798051
996,0,1,8,1,1,1,2,2,1,1,1,2,1,2,1,1,1,1,-.31357718,-1.0828118,.034030739
997,1,2,8,2,1,1,1,0,3,3,2,3,1,3,2,2,2,1,-1.0367966,.48924264,.143538
998,0,1,8,2,2,2,2,0,2,2,2,2,1,2,1,1,2,1,-1.0367966,-.72431529,.62952048
999,0,1,8,2,2,2,2,1,2,3,2,2,1,2,1,2,2,1,-.67925137,-.18181866,.62952048
1000,0,1,8,3,2,1,1,2,2,3,2,2,1,3,2,2,1,1,-.31357718,.696024,.143538
1001,0,1,6,2,2,1,1,1,1,3,1,2,1,3,1,1,2,1,-.67925137,.25805777,-.39816651
1002,0,0,6,3,3,2,1,3,3,3,1,3,3,3,3,3,3,3,1.5584854,1.1779282,.22024326
1003,1,0,6,2,1,3,2,1,2,3,1,2,3,1,2,0,2,1,.01033682,-.92557645,.70074713
1004,0,1,6,2,1,1,0,2,1,3,1,1,1,3,1,3,3,3,.13534772,.89192474,-.85825688
1005,0,0,6,2,1,0,1,1,2,2,1,3,1,3,1,2,1,1,-.67925137,-.077705279,-.71527869
1006,0,0,6,3,1,2,1,3,0,3,1,3,1,2,0,3,2,1,-.029486129,.18607888,-.29515591
1007,0,0,6,2,3,1,2,3,0,2,3,1,3,1,0,3,1,0,.79770374,-.76943433,.51384985
1008,0,0,6,1,2,1,1,2,1,0,1,2,3,2,1,0,1,2,.64843237,-1.4929031,-.39816651
1009,0,0,6,2,1,1,1,1,1,1,1,2,2,2,2,2,2,1,-.27041367,-.78587162,-.19963144
1010,0,0,6,2,1,1,1,1,2,2,1,2,1,2,1,1,1,1,-.67925137,-.72431529,-.39816651
1011,0,0,6,1,1,2,1,2,2,3,2,2,2,3,2,2,2,2,.30029538,.36349842,.41724724
1012,0,0,6,3,1,1,1,2,3,3,1,1,1,3,2,1,1,3,.13534772,.45528537,-.19963144
1013,0,1,6,3,2,1,1,2,3,3,1,1,1,3,2,1,1,3,.13534772,.45528537,-.19963144
1014,0,0,6,2,3,0,1,2,2,1,1,2,2,3,0,1,0,1,.083516158,-.5391593,-.91924
1015,1,0,6,2,2,2,2,1,2,3,2,2,1,3,2,2,2,2,-.42456412,.48924264,.78642613
1016,1,0,6,2,1,1,1,1,2,3,1,2,1,2,1,2,1,1,-.67925137,-.18181866,-.39816651
1017,0,0,6,2,3,0,0,3,3,3,0,3,3,3,2,3,3,3,1.5584854,.89192474,-1.4977098
1018,0,0,6,3,2,2,2,3,2,2,3,2,3,2,1,2,2,2,1.1242504,-.45984948,.90143162
1019,0,0,6,2,1,1,1,2,2,2,1,2,1,2,1,2,1,1,-.31357718,-.55206549,-.39816651
1020,0,0,6,1,1,3,2,2,2,2,2,2,2,2,2,2,2,2,.30029538,-.6404233,.98506302
1021,0,0,6,3,1,1,2,3,2,3,1,3,2,3,1,2,3,2,.64446807,.696024,.034030739
1022,0,0,6,3,3,1,0,2,1,3,1,2,1,3,0,3,1,1,-.31357718,1.1779282,-1.0729505
1023,0,0,6,3,1,1,2,3,1,3,1,2,3,3,1,2,3,3,1.5584854,.696024,.034030739
1024,0,0,6,1,3,3,3,3,3,2,3,2,3,2,3,3,2,3,1.5584854,-.49576876,2.1203892
1025,0,0,6,3,2,2,3,3,3,2,1,3,3,3,3,3,3,3,1.5584854,.33166075,1.0301821
1026,0,0,6,2,1,1,1,3,3,2,1,2,2,3,1,1,3,1,.42178065,-.28296947,-.39816651
1027,0,1,6,1,1,1,1,1,2,1,2,3,3,3,3,3,3,0,-.23715805,-.15962124,.27903733
1028,0,0,6,3,3,2,2,2,3,3,1,2,0,3,3,1,1,0,-1.0421256,.45528537,.66623741
1029,0,0,6,1,0,1,2,3,3,3,1,3,3,3,3,3,3,2,1.1242504,.74519873,.37792701
1030,0,0,6,2,2,0,0,1,1,2,1,1,1,2,1,1,2,2,-.42456412,-.72431529,-1.2284092
1031,1,1,6,2,2,0,2,1,2,1,3,3,0,0,2,2,1,3,-.69513983,-1.536024,.6325919
1032,0,0,6,2,1,1,1,3,2,3,2,2,2,3,3,1,1,1,.42178065,.25805777,.27903733
1033,0,0,6,3,2,3,1,2,3,3,2,1,2,3,1,1,3,1,.083516158,.45528537,.38709038
1034,1,1,6,2,0,3,2,1,0,0,0,1,2,3,3,3,2,1,-.27041367,-.088892259,.74639755
1035,1,0,6,2,1,0,1,2,1,3,1,2,2,2,2,3,1,1,.083516158,.035898861,-.50473809
1036,0,0,6,3,2,1,1,0,0,3,1,1,0,2,1,3,1,1,-1.588267,.18607888,-.39816651
1037,0,0,6,2,1,0,0,2,3,3,1,3,1,3,1,3,3,1,-.31357718,.89192474,-1.2284092
1038,0,0,6,2,1,0,1,2,1,3,1,2,2,3,1,3,2,1,.083516158,.89192474,-.71527869
1039,1,0,6,2,2,,3,2,,,2,2,2,2,1,,2,1,.083516158,-.46166685,.86391878
1040,0,1,6,1,1,0,1,3,2,3,1,1,3,3,0,1,0,3,1.5584854,.12768142,-.91924
1042,1,0,6,2,1,0,1,2,1,3,1,1,2,2,1,2,1,1,.083516158,-.18181866,-.71527869
1043,1,0,6,2,1,0,1,1,2,3,1,1,0,2,1,2,2,2,-.84011424,-.18181866,-.71527869
1044,1,1,6,2,0,1,0,3,3,2,1,2,0,3,2,2,0,1,-.45074278,-.077705279,-.64706105
1045,1,1,6,2,1,1,2,1,1,3,1,2,1,3,2,3,2,1,-.67925137,.89192474,.23377024
1046,1,0,6,2,3,1,1,1,1,3,1,2,0,3,2,1,2,3,-.69513983,.25805777,-.19963144
1047,1,2,6,2,1,0,0,3,1,2,0,2,1,3,0,2,1,2,.261067,-.077705279,-2.0206969
1048,1,1,6,2,2,0,1,0,1,2,1,1,0,2,3,1,,3,-1.2128097,-.72431529,-.39922595
1049,0,1,6,2,1,0,0,3,0,0,0,2,3,2,0,1,0,3,1.5584854,-1.1665107,-2.0206969
1050,1,1,6,1,2,1,2,1,2,1,1,1,1,1,1,2,2,2,-.42456412,-1.3023454,.034030739
1051,1,1,6,3,3,0,0,1,1,3,1,2,1,3,1,2,0,1,-.67925137,.696024,-1.2284092
1052,1,0,6,2,2,1,2,1,1,1,2,2,1,2,2,2,1,1,-.67925137,-.78587162,.54576206
1053,1,0,6,3,2,1,0,1,2,3,2,1,0,1,2,3,2,1,-1.1166126,-.11514574,-.25021514
1054,1,0,6,2,3,3,2,1,3,2,3,0,1,0,3,3,0,1,-.67925137,-1.0050694,1.5370858
1055,0,1,6,2,2,1,1,1,1,3,1,2,1,3,1,1,1,1,-.67925137,.25805777,-.39816651
1056,1,0,6,3,2,1,1,2,2,3,1,3,1,3,2,3,1,3,.13534772,1.1779282,-.19963144
1057,1,1,6,3,1,1,0,3,2,2,0,2,2,2,1,0,1,0,.28196093,-.7305733,-1.267658
1058,1,1,6,2,1,1,1,0,2,2,1,3,1,2,1,2,3,2,-.74813849,-.55206549,-.39816651
1059,1,0,6,1,2,1,1,2,1,1,2,2,2,1,1,2,1,2,.30029538,-1.3023454,-.052051567
1060,0,0,6,2,1,2,3,0,3,3,2,3,1,3,3,2,3,1,-1.0367966,.48924264,1.2983682
1061,1,0,6,2,1,1,2,3,2,3,3,3,2,3,3,1,3,3,.93433887,.25805777,.99642622
1062,1,0,6,2,1,1,1,2,1,2,1,1,1,3,1,1,1,2,-.065269858,-.28296947,-.39816651
1063,1,0,6,3,1,0,3,3,1,3,3,3,2,3,2,3,0,2,.64446807,1.1779282,1.0556884
1064,1,0,6,2,1,0,0,1,3,3,2,3,2,3,2,3,0,3,.20567979,.89192474,-.63610888
1065,0,1,6,1,2,2,1,3,2,3,2,2,3,2,0,2,1,2,1.1242504,-.28212789,.096678063
1066,0,0,6,2,2,1,2,2,2,3,2,3,1,3,2,3,1,2,-.065269858,.89192474,.54576206
1067,0,1,6,1,1,2,1,3,2,2,2,3,3,2,1,1,2,2,1.1242504,-.81520921,.2281201
1068,1,1,6,2,1,1,1,1,1,3,1,2,1,3,2,3,2,2,-.42456412,.89192474,-.19963144
1069,1,1,6,1,2,1,1,0,3,2,2,2,1,2,1,2,1,2,-.74813849,-.6404233,-.052051567
1070,1,1,6,2,2,1,1,1,1,2,0,1,0,2,2,2,1,1,-1.1166126,-.55206549,-.51506668
1071,0,0,6,1,1,1,0,3,2,2,1,2,0,0,0,1,1,1,-.45074278,-1.5484759,-1.0729505
1072,0,0,6,2,0,0,1,2,3,3,1,3,2,3,2,2,2,1,.083516158,.48924264,-.50473809
1073,1,1,6,3,2,2,3,1,1,0,1,2,1,0,1,1,0,1,-.67925137,-2.0473182,.59471542
1074,0,0,6,1,0,0,1,2,1,2,2,3,3,1,0,0,0,0,.26256752,-1.3409793,-.5460732
1075,0,1,6,1,1,1,2,3,3,3,3,2,3,3,2,2,3,3,1.5584854,.36349842,.81136698
1076,0,1,6,2,2,1,1,1,2,2,2,3,3,2,2,1,2,2,.32572162,-.72431529,.143538
1077,1,0,6,3,1,1,1,3,3,3,1,3,2,2,1,2,2,3,.93433887,-.059622526,-.39816651
1078,1,0,6,2,2,1,1,2,2,2,1,2,2,,1,1,2,1,.083516158,-.74134272,-.39816651
1079,0,0,6,2,3,3,3,2,3,3,3,3,3,3,3,3,3,3,.95408219,.89192474,2.1203892
1080,0,1,6,3,1,0,0,3,3,3,0,3,3,2,2,2,1,1,.90817451,-.059622526,-1.4977098
1081,0,1,6,2,2,2,2,2,3,3,2,3,2,3,1,1,1,2,.30029538,.25805777,.62952048
1082,1,0,6,1,2,1,2,1,2,3,1,2,1,2,3,1,1,1,-.67925137,-.4808217,.37792701
1083,0,0,6,3,2,2,1,2,3,3,3,2,3,1,1,3,3,3,.95408219,-.11514574,.47455534
1084,1,0,6,2,2,0,0,3,3,3,0,3,2,3,0,2,1,1,.42178065,.48924264,-2.0206969
1085,1,0,6,3,2,1,1,2,2,2,1,2,2,3,1,3,1,3,.51666284,.33166075,-.39816651
1086,1,0,6,2,2,2,2,2,3,3,2,2,2,2,1,2,2,3,.51666284,-.18181866,.62952048
1087,1,0,6,3,2,1,1,1,3,3,1,3,2,3,3,3,1,2,-.010361644,1.1779282,-.083798051
1089,1,0,6,1,1,1,2,2,3,2,3,3,2,2,3,2,2,2,.30029538,-.6404233,.99642622
1090,1,0,6,3,2,1,0,2,2,3,0,0,0,3,2,3,3,1,-.71007049,1.1779282,-1.0579628
1091,1,0,6,3,3,0,0,0,0,3,0,3,0,2,0,1,0,1,-1.588267,-.26127809,-2.0206969
1092,1,0,6,3,2,3,3,1,3,3,2,2,2,3,2,3,1,3,.20567979,1.1779282,1.3780514
1093,1,0,6,3,1,0,0,2,1,3,2,3,3,3,1,3,3,2,.64843237,1.1779282,-.89149916
1094,1,0,6,2,2,1,2,2,1,3,3,3,1,2,2,3,2,3,.13534772,.035898861,.81136698
1095,1,0,6,1,1,0,0,1,2,3,2,2,0,3,1,1,1,1,-1.1166126,.12768142,-.89149916
1096,1,1,6,3,1,0,1,2,3,,1,2,2,3,1,,1,2,.30029538,.79454482,-.71527869
1097,1,0,6,2,2,2,3,2,3,3,3,3,2,2,3,2,3,2,.30029538,-.18181866,1.6999916
1098,1,0,6,2,1,1,1,2,1,2,2,3,2,1,1,2,1,2,.30029538,-.91379362,-.052051567
1099,1,0,6,2,1,1,2,1,3,3,1,2,1,3,2,3,1,2,-.42456412,.89192474,.23377024
1100,1,0,6,2,1,0,1,0,2,1,2,2,0,3,1,3,3,3,-1.2128097,-.01567588,-.34818912
1101,1,0,6,0,0,0,0,0,0,0,0,0,0,0,0,0,0,0,-2.0075986,-2.6780877,-2.0206969
1102,1,0,6,2,0,1,1,1,2,3,1,3,2,3,1,3,1,2,-.010361644,.89192474,-.39816651
1103,1,0,6,2,1,1,1,2,3,3,2,2,1,3,1,1,2,2,-.065269858,.25805777,-.052051567
1104,1,0,6,3,0,1,1,3,1,3,0,2,0,3,0,2,0,2,-.046195563,.696024,-.94838494
1105,1,0,6,1,3,1,1,2,2,2,1,2,2,1,2,2,1,2,.30029538,-1.0151136,-.19963144
1106,1,0,6,3,1,0,1,1,2,3,1,3,2,3,1,2,1,1,-.27041367,.696024,-.71527869
1107,1,0,6,2,1,1,1,2,3,2,1,2,2,3,2,2,2,2,.30029538,-.077705279,-.19963144
1108,1,0,6,2,2,1,2,2,1,3,2,1,2,3,2,3,1,2,.30029538,.89192474,.54576206
1109,1,0,6,2,2,2,2,1,2,2,0,3,1,3,2,2,2,1,-.67925137,-.077705279,.32453209
1110,1,0,6,1,1,1,1,1,1,3,1,1,1,1,1,1,1,1,-.67925137,-.90936619,-.39816651
1111,1,0,6,1,2,1,1,1,1,2,1,1,1,2,1,2,1,1,-.67925137,-.6404233,-.39816651
1112,1,0,6,3,3,2,2,1,2,2,2,2,0,0,0,0,0,1,-1.1166126,-1.5098931,.54034829
1113,1,0,6,3,0,0,1,1,3,3,0,2,2,2,1,2,2,3,.20567979,-.059622526,-1.108456
1114,1,0,6,3,2,1,1,1,2,3,1,2,2,3,2,3,2,1,-.27041367,1.1779282,-.19963144
1115,1,0,6,3,3,2,2,0,3,3,2,2,3,3,2,2,2,3,.49691704,.696024,.78642613
1116,1,0,6,2,1,0,1,1,2,3,1,3,2,3,1,3,1,1,-.27041367,.89192474,-.71527869
1117,1,0,6,2,2,1,1,2,2,2,2,2,2,2,2,2,2,2,.30029538,-.55206549,.143538
1118,1,1,6,3,3,1,1,2,2,3,1,3,2,3,1,3,2,2,.30029538,1.1779282,-.39816651
1119,1,0,6,2,2,1,2,3,3,3,3,3,2,1,3,3,2,3,.93433887,-.29494184,.99642622
1120,1,0,6,3,1,1,3,3,2,3,1,3,2,3,2,3,2,2,.64446807,1.1779282,.48068762
1121,0,1,8,2,2,2,1,3,3,3,2,2,2,3,2,2,1,2,.64446807,.48924264,.41724724
1122,0,2,8,2,1,1,1,2,2,2,1,2,2,2,1,2,1,2,.30029538,-.55206549,-.39816651
1123,1,1,8,2,3,2,1,3,3,3,3,3,2,1,1,2,1,2,.64446807,-.53562415,.47455534
1124,1,0,6,3,3,3,3,3,3,3,3,3,3,3,3,3,3,3,1.5584854,1.1779282,2.1203892
1125,1,0,6,2,3,2,1,1,2,3,2,3,0,3,0,3,2,1,-1.1166126,.89192474,.096678063
1126,1,0,6,2,1,1,2,1,3,3,2,3,0,2,1,2,1,0,-1.4391522,-.18181866,.37111124
1127,1,0,6,2,2,2,1,1,2,2,1,0,0,1,1,2,2,2,-.84011424,-.91379362,-.12857406
1128,1,0,6,1,1,1,2,2,0,2,0,3,1,3,1,2,0,2,-.065269858,-.18310425,-.26572642
1129,0,0,6,0,3,3,3,3,3,3,3,3,3,3,2,0,3,3,1.5584854,-.0050056498,1.814014
1130,1,1,6,3,3,1,1,2,0,3,0,1,1,3,3,3,1,2,-.065269858,1.1779282,-.40407664
1131,0,0,6,3,2,2,2,3,3,3,2,3,2,3,2,3,3,3,.93433887,1.1779282,.78642613
1132,1,0,6,3,1,1,2,1,3,2,2,3,2,0,3,2,2,0,-.49510741,-1.0513043,.69382793
1133,0,0,6,3,1,3,3,1,3,3,1,3,1,3,3,3,3,1,-.67925137,1.1779282,1.3751917
1134,1,0,6,3,1,2,1,2,3,3,1,3,2,3,2,1,1,1,.083516158,.45528537,.079921693
1135,0,0,6,2,1,1,1,2,2,2,2,1,2,2,1,2,2,2,.30029538,-.55206549,-.052051567
1136,0,0,6,3,2,2,1,1,2,3,1,3,1,1,2,2,1,1,-.67925137,-.39397252,.079921693
1137,1,0,6,3,3,2,3,3,2,3,2,1,0,1,2,3,2,1,-.45074278,-.11514574,1.1026489
1138,1,0,6,0,0,0,0,0,0,0,0,0,0,0,0,0,0,0,-2.0075986,-2.6780877,-2.0206969
1139,1,0,6,3,2,0,1,3,2,3,1,2,2,3,2,3,2,2,.64446807,1.1779282,-.50473809
1140,0,0,6,1,0,1,2,0,2,1,2,0,3,2,1,1,0,0,-.73109949,-1.0828118,.37111124
1141,1,0,6,2,1,0,0,1,2,3,1,2,1,3,1,2,2,1,-.67925137,.48924264,-1.2284092
1142,1,0,6,3,3,2,2,3,3,3,1,3,1,3,0,2,1,1,-.029486129,.696024,.19569515
1143,1,0,6,2,3,3,3,1,3,3,2,3,0,3,2,3,3,0,-1.4391522,.89192474,1.3780514
1144,1,0,6,0,0,0,0,0,0,0,0,0,0,0,0,0,0,0,-2.0075986,-2.6780877,-2.0206969
1145,1,0,6,1,1,1,1,1,1,1,1,1,1,1,1,1,1,1,-.67925137,-1.4829439,-.39816651
1146,1,0,6,2,1,1,2,2,1,0,3,2,3,2,1,0,2,1,.41311869,-1.3464633,.62367553
1147,0,0,6,3,3,3,0,3,2,2,1,0,3,3,2,2,1,0,.79770374,.055918932,-.23441891
1148,1,0,6,3,3,0,1,1,2,3,1,2,1,3,3,2,2,1,-.67925137,.696024,-.39922595
1149,1,0,6,3,2,0,1,0,0,3,2,3,1,3,2,3,2,1,-1.0367966,1.1779282,-.12222527
1150,0,0,6,3,1,2,0,3,2,3,1,2,3,3,0,2,2,3,1.5584854,.696024,-.83792198
1151,1,0,6,1,2,1,1,2,3,2,1,2,2,3,3,2,1,1,.083516158,-.18310425,-.083798051
1153,0,0,6,2,2,2,2,2,2,2,2,2,2,2,2,2,2,2,.30029538,-.55206549,.78642613
1154,0,0,6,3,3,1,1,3,3,3,1,3,3,3,1,3,3,3,1.5584854,1.1779282,-.39816651
1155,0,0,6,2,1,1,1,2,2,3,1,2,1,3,1,1,2,2,-.065269858,.25805777,-.39816651
1156,1,0,6,3,3,3,3,3,3,3,3,3,3,3,3,3,3,3,1.5584854,1.1779282,2.1203892
1160,1,0,6,2,2,0,1,1,1,3,1,3,1,3,2,2,1,1,-.67925137,.48924264,-.50473809
1162,1,0,6,2,1,0,1,2,1,3,2,2,2,3,1,3,2,3,.51666284,.89192474,-.34818912
1163,1,0,6,3,3,3,3,3,3,3,3,3,3,3,3,3,3,3,1.5584854,1.1779282,2.1203892
1165,1,0,6,1,0,3,3,1,3,3,3,3,1,3,3,3,3,1,-.67925137,.74519873,2.1203892
1170,0,1,8,2,3,2,1,3,1,3,1,0,1,3,2,2,1,1,-.029486129,.48924264,.079921693
1171,1,1,8,3,1,0,0,3,2,0,2,3,3,3,3,3,0,3,1.5584854,.11697734,-.51314467
1172,0,1,8,3,2,3,3,1,3,3,3,3,3,3,2,2,2,0,-.23715805,.696024,1.814014
1176,1,0,6,2,0,1,2,2,3,3,1,2,1,3,1,2,2,1,-.31357718,.48924264,.034030739
1179,1,0,6,2,3,2,1,1,1,3,2,2,0,3,2,2,3,1,-1.1166126,.48924264,.41724724
1183,1,1,6,1,2,2,2,1,2,3,1,2,2,3,2,2,1,3,.20567979,.36349842,.51020044
1185,1,0,6,1,2,0,1,3,3,2,1,2,2,2,1,2,1,1,.42178065,-.6404233,-.71527869
1190,0,1,8,2,1,2,2,2,2,2,3,3,2,2,1,2,1,2,.30029538,-.55206549,.90143162
1191,0,1,8,2,1,3,1,1,2,3,1,2,1,2,1,1,2,1,-.67925137,-.37750062,-.0087212231
1192,1,1,8,3,1,2,3,3,3,3,3,3,3,3,3,3,3,3,1.5584854,1.1779282,1.6999916
1193,1,0,6,3,3,1,1,1,1,3,1,1,2,2,1,1,2,1,-.27041367,-.26127809,-.39816651
1195,1,0,6,3,3,0,0,1,2,3,1,3,0,3,2,3,1,3,-.69513983,1.1779282,-1.0235567
1196,1,1,6,3,3,1,1,3,2,3,1,3,3,3,2,2,2,3,1.5584854,.696024,-.19963144
1200,1,0,6,3,3,0,1,2,3,2,0,2,3,3,2,1,0,3,.95408219,-.15520822,-.89186072
1205,1,2,6,2,2,1,1,2,2,2,1,2,2,2,2,2,2,2,.30029538,-.55206549,-.19963144
1206,1,1,6,2,3,3,1,2,0,3,3,1,2,3,1,2,0,1,.083516158,.48924264,.70905393
1207,0,0,6,2,2,0,0,3,1,3,0,1,3,3,0,1,0,3,1.5584854,.25805777,-2.0206969
1208,0,0,6,1,1,1,1,2,1,3,1,2,1,3,2,2,2,2,-.065269858,.36349842,-.19963144
1209,0,0,6,2,2,3,1,3,2,3,1,2,3,3,2,3,2,2,1.1242504,.89192474,.22552358
1210,0,0,6,2,3,3,3,3,2,3,1,3,2,3,2,2,2,2,.64446807,.48924264,1.1048406
1211,1,0,6,1,2,,2,2,2,2,2,2,2,2,2,2,2,1,.083516158,-.6404233,.70237505
1213,0,0,6,2,1,1,1,1,2,3,1,3,1,3,1,3,1,1,-.67925137,.89192474,-.39816651
1214,0,0,6,2,1,2,1,2,2,3,1,3,2,3,2,3,3,2,.30029538,.89192474,.079921693
1215,0,0,6,1,3,0,1,3,3,3,2,3,3,3,2,2,3,3,1.5584854,.36349842,-.12222527
1216,0,0,6,1,1,2,3,2,2,3,3,2,2,3,1,2,2,1,.083516158,.36349842,1.2985462
1217,1,0,6,2,1,1,1,1,2,1,1,2,2,1,2,1,2,2,-.010361644,-1.3853794,-.19963144
1218,1,0,6,2,3,1,2,3,2,0,2,0,3,3,0,3,0,3,1.5584854,-.088892259,.25774986
1219,1,0,6,2,1,0,2,1,2,2,3,2,1,3,2,2,1,1,-.67925137,-.077705279,.6325919
1220,1,0,6,2,0,2,1,3,2,2,2,1,1,2,2,3,2,2,.261067,-.40132707,.41724724
1221,1,0,6,2,0,1,2,0,3,3,1,2,2,3,3,2,2,1,-.58587801,.48924264,.37792701
1223,1,0,6,3,2,0,2,1,2,0,2,3,3,2,0,0,2,1,.01033682,-1.2318608,-.021787915
1224,1,0,6,2,2,3,2,2,3,2,1,3,3,3,3,2,3,3,.95408219,-.077705279,.89224261
1225,1,0,6,2,2,3,2,1,2,2,2,3,2,3,2,2,3,0,-.49510741,-.077705279,.98506302
1226,1,0,6,0,1,3,1,2,3,1,0,1,3,3,2,1,3,0,.26256752,-.73646438,-.071259618
1227,0,0,6,3,1,0,1,1,1,2,1,2,1,2,0,1,1,1,-.67925137,-.63557416,-.91924
1228,0,0,6,3,3,1,1,1,3,3,1,3,0,3,1,3,3,1,-1.1166126,1.1779282,-.39816651
1229,1,0,6,2,1,1,0,3,1,1,0,3,3,3,1,2,2,3,1.5584854,-.28411275,-1.267658
1230,1,0,6,0,3,1,3,0,0,3,3,3,3,3,3,3,0,0,-.73109949,.70453918,1.4628587
1231,1,0,6,1,1,0,2,2,2,3,2,2,1,3,2,3,2,2,-.065269858,.74519873,.35234374
1232,1,0,6,2,1,1,2,2,2,3,2,1,2,2,2,1,2,3,.51666284,-.37750062,.54576206
1233,1,0,6,3,2,3,1,1,2,3,2,2,1,1,2,1,2,1,-.67925137,-.65491962,.59588176
1234,1,0,6,2,1,1,2,2,1,3,2,3,2,3,2,1,2,2,.30029538,.25805777,.54576206
1235,1,0,6,1,2,0,0,3,1,3,0,3,2,3,1,3,1,,.70239067,.74519873,-1.6966447
1236,1,0,6,2,3,3,2,3,2,2,3,3,2,2,3,2,2,3,.93433887,-.55206549,1.5370858
1237,1,0,6,2,2,3,2,2,2,1,3,2,2,2,2,2,2,2,.30029538,-.78587162,1.3165559
1238,1,0,6,3,2,2,1,2,3,0,1,2,1,0,0,0,0,2,-.065269858,-2.3112264,-.29515591
1239,1,0,6,1,1,1,2,0,2,3,2,2,1,3,2,3,2,2,-.74813849,.74519873,.54576206
1241,0,0,6,2,2,1,0,2,1,3,0,2,2,3,1,0,1,0,-.073959,.18173561,-1.267658
1242,0,0,6,3,1,2,1,2,3,3,1,3,2,3,1,3,2,1,.083516158,1.1779282,-.12857406
1243,0,1,6,3,3,0,0,1,0,3,0,1,1,3,0,3,1,1,-.67925137,1.1779282,-2.0206969
1244,1,1,6,3,2,1,1,1,1,3,1,1,2,2,2,3,1,2,-.010361644,.18607888,-.19963144
1245,1,1,6,1,1,1,2,1,2,2,1,1,2,2,2,2,2,3,.20567979,-.6404233,.23377024
1247,0,0,6,1,1,1,1,1,1,2,1,2,2,1,1,1,1,1,-.27041367,-1.2039268,-.39816651
1248,0,1,6,0,2,1,2,3,3,3,2,3,0,0,3,2,1,3,.30511898,-1.001791,.69382793
1249,0,3,6,2,1,2,0,2,0,2,3,1,1,2,0,2,1,3,.13534772,-.55206549,-.16137719
1250,1,0,6,2,3,1,1,2,2,3,1,2,2,3,2,3,1,2,.30029538,.89192474,-.19963144
1251,1,0,6,2,1,0,1,2,1,3,1,2,1,3,2,2,1,2,-.065269858,.48924264,-.50473809
1252,0,1,6,1,1,1,1,1,1,3,1,1,1,1,1,1,1,1,-.67925137,-.90936619,-.39816651
1253,0,1,6,2,2,1,1,1,2,3,1,3,1,3,1,3,3,2,-.42456412,.89192474,-.39816651
1254,0,1,6,3,0,3,0,0,0,1,2,2,2,0,1,1,2,2,-.24741247,-1.6666324,-.019738125
1255,0,1,6,1,3,1,1,3,3,3,1,3,1,3,3,3,3,2,.261067,.74519873,-.083798051
1258,0,1,6,2,1,1,1,3,2,3,3,2,2,3,1,2,2,1,.42178065,.48924264,.14438404
1259,0,1,6,3,3,2,3,1,1,3,1,0,2,3,1,3,2,0,-.49510741,1.1779282,.59471542
1260,0,1,6,2,2,1,1,2,1,3,1,2,2,1,1,2,2,2,.30029538,-.53562415,-.39816651
1261,1,1,6,2,2,1,1,2,2,3,1,2,2,3,1,2,2,2,.30029538,.48924264,-.39816651
1271,1,1,8,3,3,0,1,1,2,3,0,2,1,3,2,2,1,1,-.67925137,.696024,-.89186072
1272,0,1,8,3,1,0,0,3,2,3,0,3,0,3,2,3,2,2,-.046195563,1.1779282,-1.4977098
1273,0,1,8,3,3,1,1,3,2,3,1,3,1,3,1,3,0,0,-.25596568,1.1779282,-.39816651
1274,1,1,8,3,3,1,2,1,1,2,1,2,2,2,1,3,2,2,-.010361644,-.29590672,.034030739
1275,0,2,8,1,1,2,1,2,1,1,2,2,1,3,2,2,1,2,-.065269858,-.41476256,.41724724
1276,0,1,8,1,2,1,1,0,2,2,1,3,0,2,2,1,1,1,-1.588267,-.81520921,-.19963144
1277,1,1,8,3,1,2,2,3,3,2,3,3,1,3,1,2,2,2,.261067,.055918932,.90143162
1278,1,1,8,1,1,2,1,2,2,3,2,2,2,2,1,1,0,3,.51666284,-.4808217,.2281201
1279,0,1,8,3,3,0,0,0,0,3,0,0,0,3,3,3,2,1,-1.588267,1.1779282,-1.4423782
1280,1,3,8,2,1,1,2,2,3,3,2,1,2,2,2,2,2,1,.083516158,-.18181866,.54576206
1281,0,1,8,2,1,1,0,2,2,3,0,1,1,1,1,1,1,1,-.31357718,-.78263736,-1.267658
1282,0,1,8,3,1,2,2,3,3,2,3,3,1,3,1,2,2,2,.261067,.055918932,.90143162
1303,1,2,8,1,1,1,1,1,2,1,1,1,2,2,1,2,1,2,-.010361644,-.88770175,-.39816651
1304,1,1,8,2,2,2,2,2,2,2,2,2,2,2,2,2,2,2,.30029538,-.55206549,.78642613
1305,1,2,8,2,1,1,2,3,2,3,3,3,3,3,3,2,2,3,1.5584854,.48924264,.99642622
1306,1,1,8,2,2,1,0,1,1,3,1,3,0,3,1,1,1,2,-.84011424,.25805777,-.85825688
1307,0,1,8,0,0,0,0,0,0,1,3,1,0,0,0,1,1,0,-2.0075986,-1.9453244,-1.0901613
1308,1,1,8,2,2,0,1,2,2,1,2,2,1,2,2,1,1,1,-.31357718,-.9803279,-.12222527
1309,1,1,8,2,1,1,0,2,2,1,0,1,1,2,1,2,1,1,-.31357718,-.78587162,-1.267658
1310,1,3,8,2,2,0,1,2,2,3,1,3,2,2,1,2,3,1,.083516158,-.18181866,-.71527869
1311,1,1,8,2,1,1,0,3,1,3,0,2,1,3,1,2,1,0,-.25596568,.48924264,-1.267658
1312,1,1,8,1,1,1,1,0,0,1,1,1,1,1,1,1,1,1,-1.0367966,-1.4829439,-.39816651
1313,1,1,8,3,2,1,0,1,2,3,2,1,0,1,2,3,2,1,-1.1166126,-.11514574,-.25021514
1314,1,1,8,2,3,0,1,2,2,3,1,3,2,2,1,2,1,1,.083516158,-.18181866,-.71527869
1315,0,1,8,2,1,2,1,2,2,3,1,2,1,3,1,2,2,1,-.31357718,.48924264,-.12857406
1316,0,1,8,3,2,1,2,3,1,3,1,3,3,3,3,3,2,1,.90817451,1.1779282,.37792701
1317,0,2,8,2,2,1,1,2,2,3,2,3,2,3,2,2,2,1,.083516158,.48924264,.143538
1318,1,1,8,1,1,2,2,1,2,2,2,2,1,2,2,2,2,1,-.67925137,-.6404233,.78642613
1319,1,1,8,1,1,0,0,1,1,1,1,2,1,2,0,2,1,1,-.67925137,-.88770175,-1.4781533
1320,1,1,8,3,2,3,3,1,3,3,3,3,1,2,2,1,2,1,-.67925137,-.26127809,1.814014
1321,1,1,8,3,3,3,2,2,1,3,3,2,2,0,0,3,1,2,.30029538,-.24288438,1.0771872
1322,1,1,8,3,2,1,0,3,2,1,0,0,1,1,1,2,1,2,.261067,-1.1100529,-1.267658
1324,0,1,8,2,1,1,1,1,2,3,1,1,1,1,0,1,1,1,-.67925137,-.78263736,-.56970984
1326,0,1,8,2,2,1,2,2,3,2,1,1,2,3,0,2,0,1,.083516158,-.077705279,-.11740933
1327,0,1,8,2,3,2,2,1,3,3,3,3,1,2,2,1,3,1,-.67925137,-.37750062,1.0622228
1328,0,1,8,2,1,3,1,2,2,2,2,2,2,1,1,1,1,2,.30029538,-1.104319,.38709038
1329,0,1,8,2,1,0,1,2,2,3,1,2,1,3,1,2,0,1,-.31357718,.48924264,-.71527869
1330,0,3,8,2,1,1,1,1,1,1,1,2,2,3,3,2,2,2,-.010361644,-.28411275,-.083798051
1331,1,3,8,2,1,1,2,0,1,1,1,1,0,1,0,2,1,0,-2.0075986,-1.1996676,-.11740933
1332,0,3,8,3,1,1,1,3,2,3,1,2,1,2,1,2,2,1,-.029486129,-.059622526,-.39816651
1333,0,1,8,1,1,2,1,2,2,3,1,2,1,3,1,1,2,1,-.31357718,.12768142,-.12857406
1334,1,1,8,2,1,1,1,1,2,2,1,3,2,3,1,1,1,1,-.27041367,-.28296947,-.39816651
1335,0,1,8,1,1,1,1,1,2,2,1,1,1,2,1,1,1,1,-.67925137,-.81520921,-.39816651
1336,0,1,8,2,0,1,2,3,2,3,1,1,3,2,3,3,1,0,.79770374,.035898861,.37792701
1337,1,1,8,2,3,2,1,1,2,3,1,2,1,3,1,3,1,1,-.67925137,.89192474,-.12857406
1338,0,1,8,3,0,0,1,3,3,3,1,3,3,3,1,3,3,3,1.5584854,1.1779282,-.71527869
1340,0,1,8,2,2,2,1,0,2,2,2,3,1,3,2,2,2,1,-1.0367966,-.077705279,.41724724
1341,0,1,8,3,3,0,1,1,1,3,3,3,1,3,1,3,1,1,-.67925137,1.1779282,-.17866522
1342,0,1,8,2,0,0,1,2,3,3,3,3,2,3,2,1,2,2,.30029538,.25805777,.089646257
1343,0,1,8,2,1,3,2,1,2,2,2,2,1,2,1,2,2,0,-.92631775,-.55206549,.81948805
1345,0,1,8,3,1,1,1,2,1,2,2,1,1,2,1,1,1,1,-.31357718,-.63557416,-.052051567
1346,1,1,8,3,3,3,1,1,3,3,3,3,3,3,3,3,3,3,.66262567,1.1779282,1.192274
1347,0,1,8,1,3,2,0,2,2,3,1,3,1,3,1,1,2,1,-.31357718,.12768142,-.60456043
1348,0,2,8,2,1,1,1,2,3,3,1,1,2,2,2,2,3,3,.51666284,-.18181866,-.19963144
1349,0,1,8,2,2,1,2,3,3,3,2,2,3,3,1,2,2,1,.90817451,.48924264,.37111124
1350,1,1,8,3,0,0,1,2,1,3,,0,3,2,1,1,2,1,.41311869,-.26127809,-.72444373
1351,0,1,8,3,3,1,1,1,2,3,2,2,1,3,2,3,2,3,-.25713354,1.1779282,.143538
1352,0,1,8,3,2,3,3,2,3,3,3,3,0,2,1,2,2,1,-.71007049,-.059622526,1.6543667
1353,0,1,8,3,2,3,3,2,2,3,1,3,2,1,3,1,2,3,.51666284,-.65491962,1.3751917
1354,0,1,8,2,2,2,2,2,2,2,2,2,2,2,2,2,2,2,.30029538,-.55206549,.78642613
1355,1,1,8,3,1,2,1,2,3,1,1,3,1,3,2,3,2,2,-.065269858,.17332081,.079921693
1363,1,1,8,2,1,0,1,1,2,3,3,1,1,3,0,1,0,1,-.67925137,.25805777,-.39749917
1364,0,1,8,3,3,0,1,3,3,3,1,3,2,3,1,3,3,3,.93433887,1.1779282,-.71527869
1365,0,1,8,3,3,0,1,2,2,2,2,3,3,2,3,3,2,1,.41311869,-.29590672,.014644498
1366,0,1,8,1,1,2,1,1,2,3,2,3,2,3,2,2,2,2,-.010361644,.36349842,.41724724
1367,0,1,8,3,1,1,1,2,2,3,3,3,2,3,2,3,1,1,.083516158,1.1779282,.37021789
1368,0,2,8,3,1,1,2,0,2,2,2,2,0,3,0,2,1,3,-1.2128097,.055918932,.25774986
1369,1,1,8,2,3,2,2,2,3,3,2,3,2,3,3,3,3,2,.30029538,.89192474,.93773198
1370,1,1,8,3,1,0,0,0,3,3,1,3,1,3,2,2,3,3,-.58844459,.696024,-1.0235567
1371,0,1,8,2,3,3,3,3,2,2,2,3,3,2,3,3,3,3,1.5584854,-.40132707,1.6150252
1372,0,1,8,1,2,1,1,1,2,3,1,3,1,3,1,2,2,3,-.25713354,.36349842,-.39816651
1373,1,1,8,2,1,1,3,0,1,3,0,3,0,3,1,3,3,0,-2.0075986,.89192474,-.090259425
1374,0,1,8,3,2,1,1,2,2,3,1,3,2,3,1,3,1,3,.51666284,1.1779282,-.39816651
1375,0,1,8,1,3,2,3,0,2,3,2,3,1,1,2,2,1,2,-.74813849,-.66447234,1.1026489
1376,0,1,8,1,3,3,2,2,2,3,2,2,2,3,1,1,1,2,.30029538,.12768142,.81948805
1377,0,1,8,1,0,1,1,3,2,3,1,3,2,3,1,2,0,2,.64446807,.36349842,-.39816651
1378,0,1,8,3,3,1,0,3,3,3,0,2,3,3,1,2,1,3,1.5584854,.696024,-1.267658
1379,0,1,8,3,3,3,3,3,3,3,3,3,3,3,3,3,3,3,1.5584854,1.1779282,2.1203892
1380,0,1,8,2,0,0,1,1,2,2,1,2,1,3,2,2,1,1,-.67925137,-.077705279,-.50473809
1381,0,1,8,2,1,1,1,0,1,2,1,2,0,2,2,1,1,0,-2.0075986,-.72431529,-.19963144
1382,0,1,8,2,3,2,1,2,3,3,1,3,2,3,1,2,3,1,.083516158,.48924264,-.12857406
1383,0,1,8,1,2,2,2,1,2,3,2,1,1,3,3,2,2,1,-.67925137,.36349842,.93773198
1384,1,1,8,2,1,1,2,3,3,3,2,3,3,3,2,3,2,3,1.5584854,.89192474,.54576206
1385,0,1,8,3,2,1,2,3,2,3,2,1,2,1,2,3,2,3,.93433887,-.11514574,.54576206
1386,1,1,8,1,1,1,1,1,2,1,1,1,1,1,1,1,1,1,-.67925137,-1.4829439,-.39816651
1387,0,1,8,2,3,1,1,3,2,3,1,2,2,3,1,3,3,3,.93433887,.89192474,-.39816651
1388,1,1,8,1,2,1,1,2,2,3,1,2,3,3,2,3,1,2,.64843237,.74519873,-.19963144
1389,0,1,8,3,3,3,3,3,3,3,3,3,3,3,3,3,3,3,1.5584854,1.1779282,2.1203892
1511,1,1,8,2,2,1,2,1,2,3,2,3,1,3,2,2,2,1,-.67925137,.48924264,.54576206
1512,0,1,8,3,2,2,1,1,2,3,1,2,2,2,1,1,1,1,-.27041367,-.26127809,-.12857406
1522,1,1,8,2,1,2,2,1,2,3,2,3,1,2,2,2,2,1,-.67925137,-.18181866,.78642613
1523,1,2,8,1,2,2,1,1,2,3,1,2,0,3,2,2,3,1,-1.1166126,.36349842,.079921693
1524,0,2,8,3,3,3,3,3,3,3,3,3,3,3,3,3,3,3,1.5584854,1.1779282,2.1203892
1525,0,1,8,1,3,1,1,1,0,2,0,0,0,1,1,2,0,1,-1.1166126,-1.0151136,-.73502064
1526,1,1,8,3,2,2,1,1,2,3,1,2,2,2,2,1,1,1,-.27041367,-.26127809,.079921693
1527,1,1,8,3,2,3,3,3,3,3,3,3,3,3,3,3,3,3,1.5584854,1.1779282,2.1203892
1528,0,1,8,2,1,0,0,2,1,3,0,2,1,3,1,3,1,2,-.065269858,.89192474,-1.6966447
1529,1,1,8,0,1,2,1,0,2,3,2,3,2,1,2,0,2,3,-.0071693971,-1.1293672,.41724724
1530,0,1,8,2,1,2,2,2,2,3,2,3,1,3,1,2,0,2,-.065269858,.48924264,.62952048
1531,1,1,8,1,3,1,1,1,1,3,1,1,1,3,0,2,0,1,-.67925137,.36349842,-.56970984
1532,0,1,8,1,3,0,1,1,1,3,1,2,1,3,1,2,2,1,-.67925137,.36349842,-.71527869
1535,0,1,8,3,1,1,1,3,3,1,1,2,3,3,1,2,2,3,1.5584854,-.13180929,-.39816651
1536,0,1,8,3,2,2,1,1,2,3,1,2,2,2,1,1,1,1,-.27041367,-.26127809,-.12857406
1537,1,1,8,1,3,2,3,3,3,3,2,3,3,3,3,0,2,3,1.5584854,.043096971,1.2983682
1538,1,1,8,3,2,1,1,3,2,3,2,2,2,2,1,2,2,2,.64446807,-.059622526,-.052051567
1539,0,1,8,3,1,1,1,3,2,3,2,3,3,2,2,2,3,3,1.5584854,-.059622526,.143538
1540,0,1,8,2,1,0,0,1,1,2,0,3,0,3,0,2,1,0,-1.4391522,-.077705279,-2.0206969
1541,0,1,8,2,1,1,1,0,3,3,1,2,1,2,1,2,2,2,-.74813849,-.18181866,-.39816651
1542,1,2,8,2,1,1,1,2,2,2,1,1,2,2,1,1,1,1,.083516158,-.72431529,-.39816651
1543,0,1,8,2,3,3,1,3,3,3,3,3,1,2,2,1,2,0,-.25596568,-.37750062,.94033718
1544,0,1,8,1,2,0,1,3,1,3,1,3,1,2,2,3,2,1,-.029486129,-.075038873,-.50473809
1546,1,1,8,1,1,0,2,3,3,3,2,3,3,3,3,2,3,2,1.1242504,.36349842,.51286286
1547,0,1,8,2,3,3,2,2,3,3,3,3,2,3,3,3,3,2,.30029538,.89192474,1.5370858
1548,0,1,8,2,1,1,1,2,3,3,2,3,3,2,1,2,3,2,.64843237,-.18181866,-.052051567
1549,0,1,8,2,1,1,1,3,3,3,2,3,3,3,2,1,3,3,1.5584854,.25805777,.143538
1550,0,1,8,2,2,3,1,0,2,3,2,3,0,3,2,3,3,1,-1.588267,.89192474,.59588176
1551,1,1,8,0,1,0,1,3,2,2,1,2,3,1,1,2,1,3,1.5584854,-1.0642003,-.71527869
1552,0,1,8,1,2,3,3,2,3,3,3,3,3,3,3,3,2,2,.64843237,.74519873,2.1203892
1553,0,1,8,2,2,3,3,2,3,3,3,3,3,3,3,2,3,3,.95408219,.48924264,2.1203892
1554,0,1,8,1,1,0,1,2,1,3,1,2,2,2,1,3,1,2,.30029538,-.075038873,-.71527869
1555,0,1,8,3,2,2,2,1,3,1,1,2,2,2,1,1,2,2,-.010361644,-.88750303,.32229173
1556,0,1,8,2,1,3,1,3,2,3,2,3,3,3,2,3,3,1,.90817451,.89192474,.59588176
