Folio,Sexo,Edad,Escuela,P1,P2,P3,Psum,ThetaCR
1,0,3,1,1,1,0,2,1.3746766
2,0,2,1,0,1,0,1,1.1835277
3,1,1,1,0,0,0,0,-.38948628
4,1,3,1,0,1,0,1,1.1835277
5,1,2,1,0,1,1,2,1.4384145
6,1,2,1,0,1,1,2,1.4384145
7,0,2,1,0,0,0,0,-.38948628
8,0,2,1,0,0,0,0,-.38948628
9,1,1,1,1,0,0,1,.28402048
10,0,2,1,0,0,0,0,-.38948628
11,0,2,1,0,0,0,0,-.38948628
12,1,2,1,0,1,1,2,1.4384145
13,0,1,1,1,1,1,3,1.7910099
14,0,1,1,1,0,0,1,.28402048
15,1,2,1,1,0,0,1,.28402048
17,1,2,1,0,1,0,1,1.1835277
18,0,1,1,0,0,1,1,.38204196
19,1,2,1,0,0,0,0,-.38948628
20,0,2,1,1,1,0,2,1.3746766
21,0,2,1,0,0,0,0,-.38948628
22,0,1,1,0,0,0,0,-.38948628
23,0,2,1,0,0,0,0,-.38948628
24,0,2,1,0,0,1,1,.38204196
25,0,1,1,0,0,0,0,-.38948628
26,0,1,1,0,0,0,0,-.38948628
27,0,2,1,0,0,0,0,-.38948628
28,0,3,1,0,0,0,0,-.38948628
29,1,2,1,0,0,0,0,-.38948628
30,0,1,1,0,1,1,2,1.4384145
31,1,1,1,0,0,1,1,.38204196
32,1,3,1,0,1,1,2,1.4384145
33,0,2,1,0,0,0,0,-.38948628
34,1,2,1,0,1,1,2,1.4384145
35,0,2,1,0,1,1,2,1.4384145
36,0,3,1,0,0,0,0,-.38948628
37,0,1,1,1,1,1,3,1.7910099
38,0,1,1,0,0,0,0,-.38948628
39,0,1,1,0,0,0,0,-.38948628
40,0,2,1,0,0,1,1,.38204196
41,0,1,1,0,0,0,0,-.38948628
42,1,2,1,1,0,0,1,.28402048
43,0,3,1,0,1,0,1,1.1835277
44,0,2,1,0,0,0,0,-.38948628
45,0,2,1,0,0,0,0,-.38948628
46,0,1,1,1,1,1,3,1.7910099
47,0,1,1,0,0,0,0,-.38948628
48,1,2,1,0,0,0,0,-.38948628
49,1,1,1,0,0,0,0,-.38948628
50,0,2,1,0,0,0,0,-.38948628
51,0,2,1,0,0,0,0,-.38948628
52,1,2,1,0,0,0,0,-.38948628
53,0,1,1,0,0,0,0,-.38948628
54,0,1,1,0,1,1,2,1.4384145
55,0,1,1,0,0,0,0,-.38948628
56,0,2,1,0,0,0,0,-.38948628
57,0,2,1,0,0,0,0,-.38948628
58,0,2,1,0,0,0,0,-.38948628
59,1,3,1,1,1,1,3,1.7910099
60,0,2,1,0,0,0,0,-.38948628
61,1,2,1,0,0,1,1,.38204196
62,0,2,1,1,0,1,2,.64354634
63,1,2,1,0,0,0,0,-.38948628
64,0,2,1,0,0,0,0,-.38948628
65,1,2,1,0,1,0,1,1.1835277
66,0,3,1,0,0,0,0,-.38948628
67,1,2,1,0,1,1,2,1.4384145
68,0,1,1,0,0,0,0,-.38948628
69,0,1,1,0,1,1,2,1.4384145
70,0,3,1,0,1,1,2,1.4384145
71,1,2,1,0,0,0,0,-.38948628
72,0,1,1,0,0,0,0,-.38948628
73,1,1,1,0,0,0,0,-.38948628
74,0,1,1,0,0,0,0,-.38948628
75,0,2,1,0,0,0,0,-.38948628
76,0,2,1,0,0,0,0,-.38948628
77,1,2,1,1,1,0,2,1.3746766
78,0,2,1,0,0,0,0,-.38948628
79,0,2,1,0,0,0,0,-.38948628
80,1,2,1,0,1,0,1,1.1835277
81,0,2,1,0,0,0,0,-.38948628
82,1,2,1,1,1,1,3,1.7910099
83,0,2,1,1,1,1,3,1.7910099
84,0,2,1,0,0,0,0,-.38948628
85,1,3,1,0,1,1,2,1.4384145
86,0,2,1,1,1,1,3,1.7910099
87,1,1,1,1,1,1,3,1.7910099
88,0,1,1,1,0,1,2,.64354634
89,0,2,1,1,0,0,1,.28402048
90,1,2,1,0,0,0,0,-.38948628
91,0,1,1,0,0,0,0,-.38948628
92,1,2,1,1,1,1,3,1.7910099
93,0,1,1,1,0,0,1,.28402048
94,0,2,1,0,0,0,0,-.38948628
95,0,2,1,0,0,0,0,-.38948628
96,1,2,1,0,1,1,2,1.4384145
98,0,2,1,1,1,1,3,1.7910099
99,0,1,1,0,0,0,0,-.38948628
100,0,2,1,0,0,0,0,-.38948628
101,0,2,1,,1,0,,1.2625208
102,1,2,1,0,1,1,2,1.4384145
103,0,2,1,0,0,0,0,-.38948628
104,0,1,1,0,0,0,0,-.38948628
105,0,1,1,0,0,0,0,-.38948628
106,0,2,1,,0,0,,-.31361988
107,0,2,1,,,0,,-.17855354
108,0,2,1,0,0,0,0,-.38948628
109,0,2,1,0,0,0,0,-.38948628
110,0,2,1,0,0,0,0,-.38948628
112,0,2,1,1,1,1,3,1.7910099
113,1,1,1,0,0,0,0,-.38948628
114,1,2,1,0,0,0,0,-.38948628
115,1,2,1,0,0,0,0,-.38948628
117,0,1,1,0,1,0,1,1.1835277
118,0,1,1,0,0,0,0,-.38948628
119,0,2,1,0,0,1,1,.38204196
120,1,1,1,0,0,0,0,-.38948628
122,0,1,1,0,0,0,0,-.38948628
123,1,1,1,0,0,0,0,-.38948628
124,0,1,1,0,0,0,0,-.38948628
125,0,2,1,0,0,0,0,-.38948628
126,1,1,2,1,1,0,2,1.3746766
127,0,0,2,0,0,0,0,-.38948628
128,1,1,2,1,1,0,2,1.3746766
129,1,0,2,0,0,0,0,-.38948628
130,1,0,2,0,0,0,0,-.38948628
131,0,0,2,0,0,0,0,-.38948628
132,1,1,2,0,0,0,0,-.38948628
133,0,1,2,0,0,0,0,-.38948628
134,1,2,2,0,0,0,0,-.38948628
135,1,1,2,1,1,0,2,1.3746766
136,0,1,2,0,0,0,0,-.38948628
137,0,1,2,0,0,0,0,-.38948628
138,1,2,2,0,1,0,1,1.1835277
139,1,1,2,1,0,0,1,.28402048
140,1,1,2,0,1,0,1,1.1835277
141,0,1,2,0,0,0,0,-.38948628
142,1,0,2,,,,,
143,0,0,2,0,0,0,0,-.38948628
144,0,0,2,0,0,0,0,-.38948628
145,0,0,2,0,0,0,0,-.38948628
146,0,1,2,0,0,0,0,-.38948628
147,,,2,0,0,0,0,-.38948628
148,0,0,2,0,0,0,0,-.38948628
149,0,0,2,0,0,1,1,.38204196
150,0,1,2,0,0,,,-.33093736
151,0,1,2,0,0,0,0,-.38948628
152,1,1,2,0,0,0,0,-.38948628
153,1,1,2,0,0,0,0,-.38948628
154,1,0,2,0,0,0,0,-.38948628
155,1,0,2,0,0,0,0,-.38948628
156,0,1,2,0,0,0,0,-.38948628
157,1,0,2,0,0,0,0,-.38948628
158,1,1,2,0,0,0,0,-.38948628
159,1,1,2,0,0,0,0,-.38948628
160,0,0,2,0,0,0,0,-.38948628
161,1,3,2,0,0,0,0,-.38948628
162,1,1,2,0,1,0,1,1.1835277
163,0,2,2,0,0,0,0,-.38948628
164,1,2,2,0,0,0,0,-.38948628
165,1,1,2,0,1,0,1,1.1835277
166,1,0,2,0,0,0,0,-.38948628
167,1,1,2,0,0,0,0,-.38948628
168,1,2,2,0,0,0,0,-.38948628
169,0,1,2,0,0,0,0,-.38948628
170,1,2,2,0,0,0,0,-.38948628
171,0,1,2,0,0,0,0,-.38948628
172,1,0,2,0,0,0,0,-.38948628
173,0,1,2,0,0,0,0,-.38948628
174,1,1,2,1,0,0,1,.28402048
175,0,1,2,0,0,0,0,-.38948628
176,1,2,2,0,,,,-.18134107
177,1,2,2,0,0,0,0,-.38948628
178,0,1,2,0,0,0,0,-.38948628
179,1,1,2,0,0,0,0,-.38948628
180,1,1,2,1,1,0,2,1.3746766
181,1,1,2,0,0,0,0,-.38948628
182,1,0,2,0,0,0,0,-.38948628
183,1,1,2,1,1,1,3,1.7910099
184,1,1,2,0,0,0,0,-.38948628
185,1,1,2,0,0,0,0,-.38948628
186,1,1,2,0,0,0,0,-.38948628
187,1,1,2,0,0,0,0,-.38948628
188,1,1,2,0,1,0,1,1.1835277
189,1,1,2,0,1,0,1,1.1835277
191,0,1,2,0,0,0,0,-.38948628
192,1,1,2,0,0,0,0,-.38948628
193,0,0,2,0,0,0,0,-.38948628
195,0,1,2,0,0,0,0,-.38948628
196,1,1,2,0,1,1,2,1.4384145
197,0,1,2,0,0,0,0,-.38948628
198,1,1,2,0,0,0,0,-.38948628
199,1,0,2,0,0,0,0,-.38948628
200,0,1,2,0,0,0,0,-.38948628
201,1,1,2,0,0,0,0,-.38948628
202,0,1,2,0,0,0,0,-.38948628
203,0,1,2,0,0,0,0,-.38948628
204,0,0,2,0,0,0,0,-.38948628
205,0,0,2,0,0,0,0,-.38948628
206,1,2,2,1,1,0,2,1.3746766
207,0,0,2,0,0,1,1,.38204196
208,0,1,2,0,0,1,1,.38204196
209,0,1,2,0,0,0,0,-.38948628
210,1,2,2,0,0,0,0,-.38948628
211,1,1,2,,,,,
212,0,0,2,0,0,1,1,.38204196
213,1,0,2,0,0,1,1,.38204196
214,1,1,2,1,0,1,2,.64354634
215,0,2,2,0,0,0,0,-.38948628
216,0,1,2,1,1,1,3,1.7910099
217,0,0,2,1,1,1,3,1.7910099
218,0,1,2,0,0,0,0,-.38948628
219,0,2,2,0,0,0,0,-.38948628
220,0,1,2,0,0,0,0,-.38948628
221,1,1,2,0,0,0,0,-.38948628
222,0,1,2,0,0,0,0,-.38948628
223,1,1,2,0,0,0,0,-.38948628
224,0,1,2,0,0,0,0,-.38948628
225,1,1,2,0,0,0,0,-.38948628
226,0,0,2,,,,,
227,0,1,2,1,0,0,1,.28402048
228,0,1,2,0,0,0,0,-.38948628
229,1,1,2,0,0,0,0,-.38948628
230,1,1,2,0,0,0,0,-.38948628
231,0,1,2,0,0,0,0,-.38948628
232,0,1,2,0,0,0,0,-.38948628
233,0,1,2,1,0,0,1,.28402048
234,1,1,2,0,0,0,0,-.38948628
235,1,2,2,0,0,0,0,-.38948628
236,0,0,2,0,0,0,0,-.38948628
237,0,1,2,0,0,0,0,-.38948628
238,0,1,2,0,0,0,0,-.38948628
239,1,1,2,0,0,0,0,-.38948628
240,0,1,2,0,0,0,0,-.38948628
241,1,1,2,0,0,0,0,-.38948628
242,0,2,2,0,0,0,0,-.38948628
243,1,1,2,0,0,0,0,-.38948628
244,1,0,2,0,1,1,2,1.4384145
245,0,1,2,0,0,0,0,-.38948628
246,0,0,2,0,1,1,2,1.4384145
247,1,1,2,0,0,0,0,-.38948628
248,1,1,2,0,0,0,0,-.38948628
249,1,2,2,0,0,0,0,-.38948628
250,1,1,2,0,0,0,0,-.38948628
251,0,1,2,0,0,0,0,-.38948628
252,1,1,2,0,0,0,0,-.38948628
253,1,0,2,0,1,0,1,1.1835277
254,1,1,2,0,0,0,0,-.38948628
255,1,1,2,0,0,1,1,.38204196
256,1,0,2,0,0,0,0,-.38948628
257,1,0,2,0,1,0,1,1.1835277
258,1,1,2,0,0,0,0,-.38948628
259,1,1,2,0,0,0,0,-.38948628
260,1,0,2,0,1,0,1,1.1835277
261,1,0,2,0,0,0,0,-.38948628
262,1,0,2,0,0,0,0,-.38948628
263,1,0,2,0,0,0,0,-.38948628
264,1,0,2,0,0,0,0,-.38948628
265,1,0,2,0,0,0,0,-.38948628
266,1,0,2,0,0,1,1,.38204196
267,1,1,2,1,0,1,2,.64354634
268,1,0,2,1,1,0,2,1.3746766
269,1,0,2,1,1,1,3,1.7910099
270,1,2,2,0,1,0,1,1.1835277
271,0,0,2,1,0,0,1,.28402048
272,1,0,2,0,0,0,0,-.38948628
273,1,0,2,0,1,1,2,1.4384145
274,0,0,2,0,1,0,1,1.1835277
275,1,1,2,0,1,0,1,1.1835277
276,1,1,2,0,0,0,0,-.38948628
277,0,1,2,0,0,0,0,-.38948628
278,1,1,2,0,0,0,0,-.38948628
279,0,0,2,0,0,0,0,-.38948628
280,0,3,2,0,0,0,0,-.38948628
281,0,1,2,0,0,0,0,-.38948628
282,1,1,2,0,0,0,0,-.38948628
283,0,1,2,0,0,0,0,-.38948628
284,0,1,2,0,0,1,1,.38204196
285,1,0,2,0,0,0,0,-.38948628
286,1,0,2,0,0,0,0,-.38948628
287,1,0,2,0,0,0,0,-.38948628
288,0,3,2,0,0,0,0,-.38948628
289,1,1,2,0,0,0,0,-.38948628
290,1,0,2,0,0,0,0,-.38948628
291,0,1,2,0,0,0,0,-.38948628
292,0,1,2,0,0,0,0,-.38948628
293,0,1,2,0,1,0,1,1.1835277
294,1,2,2,0,1,0,1,1.1835277
295,1,2,2,1,1,0,2,1.3746766
296,1,0,2,0,0,0,0,-.38948628
297,1,0,2,,,,,
298,0,1,2,0,0,0,0,-.38948628
299,1,1,2,1,1,0,2,1.3746766
300,1,2,2,0,1,0,1,1.1835277
301,1,0,2,0,0,0,0,-.38948628
302,1,1,2,0,0,0,0,-.38948628
303,1,2,2,0,1,1,2,1.4384145
304,1,0,2,0,0,0,0,-.38948628
305,1,1,2,0,0,0,0,-.38948628
306,1,0,2,0,0,0,0,-.38948628
307,1,2,2,0,0,0,0,-.38948628
308,0,1,2,1,0,0,1,.28402048
309,0,1,2,0,0,0,0,-.38948628
310,0,2,2,0,0,1,1,.38204196
311,0,0,2,0,0,0,0,-.38948628
312,1,0,2,0,0,0,0,-.38948628
313,0,1,2,1,0,0,1,.28402048
314,,,2,0,0,0,0,-.38948628
315,1,2,2,1,1,1,3,1.7910099
316,0,0,2,0,1,0,1,1.1835277
317,1,0,2,1,0,0,1,.28402048
318,1,1,2,0,1,1,2,1.4384145
319,1,1,2,1,0,0,1,.28402048
320,1,1,2,0,0,0,0,-.38948628
321,1,1,2,0,0,1,1,.38204196
322,1,0,2,0,0,0,0,-.38948628
323,1,1,3,0,0,0,0,-.38948628
324,0,0,3,0,0,0,0,-.38948628
325,0,0,3,,,,,
326,1,1,3,,,0,,-.17855354
328,0,0,3,0,0,0,0,-.38948628
329,1,0,3,0,0,0,0,-.38948628
330,1,0,3,0,0,0,0,-.38948628
332,0,0,3,1,0,0,1,.28402048
333,1,1,3,0,0,1,1,.38204196
334,0,0,3,0,0,0,0,-.38948628
335,0,0,3,0,1,1,2,1.4384145
336,1,1,3,0,0,0,0,-.38948628
337,1,1,3,0,0,0,0,-.38948628
340,0,0,3,0,0,0,0,-.38948628
343,0,1,3,0,0,0,0,-.38948628
344,1,0,3,0,0,0,0,-.38948628
346,1,1,3,0,0,0,0,-.38948628
347,0,0,3,1,0,0,1,.28402048
348,1,1,3,0,0,0,0,-.38948628
349,1,0,3,0,1,0,1,1.1835277
351,1,0,3,0,0,0,0,-.38948628
352,1,0,3,0,0,0,0,-.38948628
353,,0,3,0,0,0,0,-.38948628
354,0,0,3,0,0,0,0,-.38948628
356,0,0,3,0,0,0,0,-.38948628
357,0,1,3,1,0,1,2,.64354634
358,0,0,3,0,0,0,0,-.38948628
359,0,0,3,0,0,0,0,-.38948628
360,1,1,3,0,0,0,0,-.38948628
361,0,1,3,0,0,0,0,-.38948628
362,1,2,3,0,0,0,0,-.38948628
363,0,0,3,0,0,0,0,-.38948628
364,0,0,3,0,0,0,0,-.38948628
365,0,0,3,0,0,0,0,-.38948628
367,0,3,3,0,0,0,0,-.38948628
368,0,0,3,0,0,0,0,-.38948628
369,0,3,3,0,,0,,-.29155576
370,1,1,3,,0,0,,-.31361988
371,1,0,3,0,0,0,0,-.38948628
373,1,1,3,0,0,0,0,-.38948628
374,0,1,3,0,0,0,0,-.38948628
375,0,0,3,0,0,1,1,.38204196
376,1,0,3,0,0,0,0,-.38948628
377,0,2,3,1,0,0,1,.28402048
378,0,0,3,0,0,0,0,-.38948628
379,1,0,3,0,0,0,0,-.38948628
380,0,0,3,0,0,0,0,-.38948628
381,1,1,3,0,0,0,0,-.38948628
382,0,0,3,,,,,
383,0,0,3,0,,0,,-.29155576
384,0,0,3,0,0,0,0,-.38948628
385,1,1,3,0,0,0,0,-.38948628
386,1,1,3,0,0,0,0,-.38948628
387,1,0,3,0,1,0,1,1.1835277
390,0,0,3,0,0,0,0,-.38948628
391,0,2,3,0,1,0,1,1.1835277
393,0,0,3,0,0,0,0,-.38948628
394,1,1,3,0,0,0,0,-.38948628
395,1,0,3,0,0,0,0,-.38948628
396,0,1,3,0,0,0,0,-.38948628
397,0,0,3,0,1,0,1,1.1835277
398,1,1,3,0,0,0,0,-.38948628
399,1,2,3,0,1,0,1,1.1835277
400,1,2,3,,,0,,-.17855354
402,0,0,3,0,0,0,0,-.38948628
403,0,0,3,0,0,0,0,-.38948628
404,1,0,3,,,0,,-.17855354
406,,0,3,0,0,0,0,-.38948628
407,0,0,3,0,0,0,0,-.38948628
408,0,1,3,0,,,,-.18134107
409,0,0,3,0,0,0,0,-.38948628
410,0,0,3,0,0,0,0,-.38948628
411,0,0,3,0,0,0,0,-.38948628
412,0,0,3,0,0,0,0,-.38948628
414,,0,3,0,0,0,0,-.38948628
415,0,0,3,0,0,0,0,-.38948628
417,0,1,1,0,1,1,2,1.4384145
418,0,2,1,0,0,0,0,-.38948628
419,1,3,1,1,0,0,1,.28402048
420,0,1,1,0,0,0,0,-.38948628
421,1,1,1,1,1,1,3,1.7910099
422,1,1,1,0,1,0,1,1.1835277
423,0,1,1,0,0,0,0,-.38948628
424,0,2,1,1,1,1,3,1.7910099
425,0,1,1,0,0,0,0,-.38948628
426,1,1,3,0,0,0,0,-.38948628
427,1,0,3,0,0,0,0,-.38948628
428,0,0,3,0,0,0,0,-.38948628
429,0,0,3,0,0,0,0,-.38948628
430,0,0,3,0,0,0,0,-.38948628
431,1,1,3,0,0,0,0,-.38948628
432,1,1,3,0,0,0,0,-.38948628
433,0,1,1,0,0,0,0,-.38948628
434,0,1,1,1,0,1,2,.64354634
435,0,1,1,0,1,0,1,1.1835277
436,0,1,1,0,0,0,0,-.38948628
437,0,1,1,0,1,0,1,1.1835277
438,0,1,1,0,0,0,0,-.38948628
439,0,1,1,0,0,0,0,-.38948628
440,0,1,1,0,0,1,1,.38204196
441,1,1,1,0,0,1,1,.38204196
442,0,1,1,0,0,0,0,-.38948628
443,1,1,1,1,1,1,3,1.7910099
444,0,1,1,0,0,0,0,-.38948628
445,1,2,1,0,0,0,0,-.38948628
446,1,2,1,0,0,0,0,-.38948628
447,0,1,1,0,0,0,0,-.38948628
448,0,1,1,0,0,0,0,-.38948628
449,0,1,1,0,1,0,1,1.1835277
450,1,1,1,0,0,0,0,-.38948628
451,0,1,1,1,0,1,2,.64354634
452,0,1,1,0,0,0,0,-.38948628
453,0,1,1,0,0,0,0,-.38948628
454,0,1,1,0,0,0,0,-.38948628
455,1,1,1,0,0,0,0,-.38948628
456,1,1,1,0,0,0,0,-.38948628
457,1,1,1,0,0,1,1,.38204196
458,1,1,1,1,1,0,2,1.3746766
459,0,1,1,1,1,0,2,1.3746766
460,0,1,1,0,0,0,0,-.38948628
461,0,2,1,0,0,0,0,-.38948628
462,0,2,1,0,0,0,0,-.38948628
463,0,1,1,0,0,1,1,.38204196
464,0,1,1,0,0,0,0,-.38948628
465,1,3,1,1,0,1,2,.64354634
466,0,1,1,0,0,0,0,-.38948628
467,0,1,1,0,0,0,0,-.38948628
468,0,1,1,0,0,0,0,-.38948628
469,1,2,4,,1,0,,1.2625208
470,0,1,4,0,0,0,0,-.38948628
471,0,1,4,0,0,0,0,-.38948628
472,1,3,4,0,0,0,0,-.38948628
473,0,1,4,0,0,0,0,-.38948628
474,0,1,4,0,0,0,0,-.38948628
475,0,2,4,0,0,0,0,-.38948628
476,1,2,4,0,0,0,0,-.38948628
477,0,1,4,0,0,0,0,-.38948628
478,0,3,4,0,0,0,0,-.38948628
479,0,1,4,0,0,0,0,-.38948628
480,0,3,4,0,0,0,0,-.38948628
481,1,2,4,0,0,0,0,-.38948628
482,1,3,4,0,0,0,0,-.38948628
483,1,2,4,0,0,0,0,-.38948628
484,1,1,4,0,0,0,0,-.38948628
485,1,1,4,0,0,0,0,-.38948628
486,1,1,4,0,0,0,0,-.38948628
487,0,2,4,0,0,0,0,-.38948628
488,0,1,4,0,0,0,0,-.38948628
489,0,1,4,0,0,0,0,-.38948628
490,0,1,4,0,0,0,0,-.38948628
491,0,1,4,0,0,0,0,-.38948628
492,1,1,4,0,0,0,0,-.38948628
493,0,1,4,0,0,0,0,-.38948628
494,0,1,4,0,0,0,0,-.38948628
495,0,1,4,0,0,0,0,-.38948628
496,1,1,4,0,0,0,0,-.38948628
497,0,3,4,0,0,0,0,-.38948628
498,1,2,4,0,0,0,0,-.38948628
499,1,1,4,0,0,0,0,-.38948628
500,1,2,4,0,0,0,0,-.38948628
501,1,1,4,0,0,0,0,-.38948628
502,1,1,4,0,0,0,0,-.38948628
503,1,1,4,0,0,0,0,-.38948628
504,0,1,4,0,0,0,0,-.38948628
505,0,1,4,0,0,0,0,-.38948628
506,,,4,0,0,0,0,-.38948628
507,0,1,4,0,0,0,0,-.38948628
508,0,1,4,0,0,0,0,-.38948628
509,0,1,4,0,0,0,0,-.38948628
510,0,1,4,0,0,0,0,-.38948628
511,1,1,4,0,0,0,0,-.38948628
512,0,2,4,1,1,0,2,1.3746766
513,1,1,5,0,0,0,0,-.38948628
514,0,1,5,0,0,0,0,-.38948628
515,0,1,5,0,0,0,0,-.38948628
516,0,1,5,0,0,0,0,-.38948628
517,1,2,5,0,0,0,0,-.38948628
518,1,1,5,0,0,0,0,-.38948628
519,0,1,5,0,0,0,0,-.38948628
520,0,1,5,0,0,0,0,-.38948628
521,1,3,5,0,0,0,0,-.38948628
522,1,2,5,0,0,0,0,-.38948628
523,0,1,5,0,0,0,0,-.38948628
524,0,1,5,0,0,0,0,-.38948628
525,0,1,5,0,0,0,0,-.38948628
526,0,0,5,0,0,0,0,-.38948628
527,0,1,5,0,0,0,0,-.38948628
528,0,1,5,0,0,0,0,-.38948628
529,0,1,5,0,0,0,0,-.38948628
530,1,1,5,1,0,0,1,.28402048
531,0,1,5,0,0,0,0,-.38948628
532,1,2,5,0,1,0,1,1.1835277
538,0,1,5,0,0,0,0,-.38948628
539,0,1,5,0,0,0,0,-.38948628
540,0,1,5,0,0,0,0,-.38948628
541,1,1,5,0,0,0,0,-.38948628
542,1,1,5,0,0,0,0,-.38948628
543,1,1,5,0,0,0,0,-.38948628
544,0,2,5,0,0,0,0,-.38948628
545,0,2,5,0,0,0,0,-.38948628
546,0,1,5,0,0,0,0,-.38948628
547,0,0,5,0,0,0,0,-.38948628
548,0,1,5,0,0,0,0,-.38948628
549,0,0,5,0,0,0,0,-.38948628
550,0,0,5,0,0,0,0,-.38948628
551,0,0,5,0,0,0,0,-.38948628
552,0,0,5,0,0,0,0,-.38948628
553,0,1,5,0,0,0,0,-.38948628
554,0,1,5,0,0,0,0,-.38948628
555,0,0,5,0,0,0,0,-.38948628
556,1,1,5,0,0,0,0,-.38948628
557,0,1,5,0,0,0,0,-.38948628
558,0,0,5,0,0,0,0,-.38948628
563,0,0,5,0,0,0,0,-.38948628
564,1,0,5,0,0,0,0,-.38948628
565,0,0,5,0,1,0,1,1.1835277
566,0,0,5,0,0,0,0,-.38948628
567,1,0,5,0,0,0,0,-.38948628
568,0,1,5,0,0,0,0,-.38948628
569,1,0,5,0,0,0,0,-.38948628
570,1,0,5,0,0,0,0,-.38948628
571,0,0,5,0,0,0,0,-.38948628
572,1,0,5,0,0,0,0,-.38948628
573,1,0,5,0,0,0,0,-.38948628
574,1,0,5,0,0,0,0,-.38948628
575,1,0,5,0,0,0,0,-.38948628
576,1,0,5,0,0,0,0,-.38948628
577,0,0,5,0,0,0,0,-.38948628
578,0,0,5,0,0,0,0,-.38948628
579,0,0,5,0,0,0,0,-.38948628
580,1,0,5,0,0,0,0,-.38948628
581,0,0,5,0,0,0,0,-.38948628
582,1,0,5,0,0,0,0,-.38948628
583,1,0,5,0,0,0,0,-.38948628
584,1,0,5,0,0,0,0,-.38948628
585,1,0,5,1,1,1,3,1.7910099
586,1,0,5,1,1,0,2,1.3746766
588,0,0,5,0,0,0,0,-.38948628
589,0,1,5,0,0,0,0,-.38948628
590,1,1,5,0,0,0,0,-.38948628
591,1,1,5,0,0,0,0,-.38948628
592,0,0,5,0,0,0,0,-.38948628
593,1,1,5,1,1,1,3,1.7910099
594,0,0,5,0,0,0,0,-.38948628
595,0,0,5,0,0,0,0,-.38948628
597,1,1,5,0,0,0,0,-.38948628
598,1,1,5,0,0,0,0,-.38948628
599,0,0,5,0,0,0,0,-.38948628
600,0,0,5,0,0,0,0,-.38948628
601,1,1,5,1,0,0,1,.28402048
602,1,0,5,0,0,0,0,-.38948628
603,1,0,5,0,0,0,0,-.38948628
604,0,0,5,0,0,0,0,-.38948628
605,1,1,5,0,0,0,0,-.38948628
606,0,0,5,0,0,0,0,-.38948628
607,1,0,5,0,0,0,0,-.38948628
613,0,1,5,0,0,0,0,-.38948628
614,0,2,5,0,0,0,0,-.38948628
615,1,1,5,0,0,0,0,-.38948628
616,1,1,5,0,1,0,1,1.1835277
617,0,2,5,0,0,0,0,-.38948628
618,0,2,5,0,0,0,0,-.38948628
619,1,1,5,0,0,0,0,-.38948628
620,1,1,5,0,0,0,0,-.38948628
621,0,1,5,0,1,0,1,1.1835277
622,1,1,5,0,0,0,0,-.38948628
623,0,1,5,0,1,0,1,1.1835277
624,1,1,5,0,0,0,0,-.38948628
625,1,2,5,0,0,0,0,-.38948628
626,1,1,5,0,0,0,0,-.38948628
627,0,1,5,0,0,0,0,-.38948628
628,1,1,5,0,0,0,0,-.38948628
629,1,2,5,0,0,0,0,-.38948628
630,1,1,5,0,0,0,0,-.38948628
631,1,1,5,0,0,0,0,-.38948628
632,1,1,5,0,0,1,1,.38204196
633,0,1,5,0,1,0,1,1.1835277
634,0,2,5,0,0,0,0,-.38948628
635,0,1,5,0,0,0,0,-.38948628
638,1,0,5,0,0,0,0,-.38948628
641,1,1,5,1,1,0,2,1.3746766
642,0,0,5,1,0,1,2,.64354634
643,1,0,5,1,0,1,2,.64354634
644,0,0,5,0,0,0,0,-.38948628
645,0,0,5,0,0,0,0,-.38948628
646,1,0,5,0,0,0,0,-.38948628
647,1,0,5,0,0,0,0,-.38948628
648,0,0,5,0,0,0,0,-.38948628
655,1,1,5,0,0,0,0,-.38948628
658,1,0,5,0,0,0,0,-.38948628
660,1,0,5,0,0,0,0,-.38948628
663,1,0,5,0,0,0,0,-.38948628
664,1,0,5,0,0,0,0,-.38948628
665,1,1,5,0,1,0,1,1.1835277
666,1,0,5,0,0,0,0,-.38948628
667,1,0,5,0,0,0,0,-.38948628
668,1,0,5,0,0,0,0,-.38948628
669,1,0,5,0,0,0,0,-.38948628
670,1,0,5,0,0,0,0,-.38948628
671,1,1,5,0,0,0,0,-.38948628
672,0,0,5,0,0,0,0,-.38948628
673,0,0,5,0,0,0,0,-.38948628
674,0,0,5,0,0,1,1,.38204196
675,1,0,5,0,0,0,0,-.38948628
676,0,0,5,0,0,0,0,-.38948628
677,1,1,5,0,0,0,0,-.38948628
678,0,0,5,0,0,0,0,-.38948628
679,0,0,5,0,0,0,0,-.38948628
680,0,0,5,0,0,0,0,-.38948628
681,1,0,5,0,0,0,0,-.38948628
682,1,0,5,0,0,0,0,-.38948628
683,1,0,5,0,0,0,0,-.38948628
684,1,0,5,0,0,0,0,-.38948628
685,1,0,5,0,0,0,0,-.38948628
688,1,0,5,0,0,0,0,-.38948628
689,0,0,5,0,0,0,0,-.38948628
690,0,0,5,0,0,0,0,-.38948628
691,1,0,5,0,0,0,0,-.38948628
692,1,2,5,0,0,0,0,-.38948628
693,1,0,5,1,0,0,1,.28402048
694,1,0,5,0,0,0,0,-.38948628
695,1,0,5,0,0,0,0,-.38948628
696,0,1,5,0,0,0,0,-.38948628
697,0,0,5,0,0,0,0,-.38948628
698,0,0,5,0,0,0,0,-.38948628
699,1,1,5,0,0,0,0,-.38948628
700,1,0,5,0,0,0,0,-.38948628
701,0,0,5,1,1,1,3,1.7910099
702,0,0,5,0,0,1,1,.38204196
703,0,1,5,0,0,0,0,-.38948628
704,0,0,5,0,0,1,1,.38204196
705,0,0,5,0,0,0,0,-.38948628
706,0,0,5,0,0,0,0,-.38948628
707,0,0,5,0,0,0,0,-.38948628
708,0,0,5,0,0,0,0,-.38948628
712,1,0,5,1,0,0,1,.28402048
713,1,1,5,0,0,0,0,-.38948628
714,1,1,5,0,0,0,0,-.38948628
715,1,3,5,0,0,0,0,-.38948628
716,0,0,5,0,0,0,0,-.38948628
717,0,1,5,0,0,0,0,-.38948628
718,0,1,5,0,0,0,0,-.38948628
719,0,0,5,0,0,0,0,-.38948628
720,1,1,5,0,0,0,0,-.38948628
721,0,1,5,0,0,0,0,-.38948628
722,1,2,5,0,0,0,0,-.38948628
723,0,1,5,0,0,0,0,-.38948628
724,0,1,5,0,0,0,0,-.38948628
725,1,1,5,0,1,0,1,1.1835277
726,0,1,5,0,0,0,0,-.38948628
727,0,0,5,0,0,0,0,-.38948628
728,0,0,5,0,0,0,0,-.38948628
729,0,1,5,0,0,0,0,-.38948628
730,0,1,5,0,1,0,1,1.1835277
731,1,0,5,0,0,0,0,-.38948628
738,1,0,5,0,0,0,0,-.38948628
739,1,0,5,0,0,0,0,-.38948628
740,1,0,5,0,0,0,0,-.38948628
741,0,0,5,0,0,0,0,-.38948628
742,0,0,5,0,0,0,0,-.38948628
745,0,1,5,0,0,0,0,-.38948628
746,0,0,5,0,0,0,0,-.38948628
747,1,1,5,0,0,0,0,-.38948628
748,1,0,5,0,0,0,0,-.38948628
751,1,1,5,1,0,0,1,.28402048
752,0,0,5,0,0,0,0,-.38948628
753,1,0,5,1,0,0,1,.28402048
754,0,1,5,0,0,0,0,-.38948628
755,0,0,5,0,0,0,0,-.38948628
756,0,0,5,0,0,0,0,-.38948628
757,0,1,5,0,0,0,0,-.38948628
758,0,0,5,0,0,0,0,-.38948628
759,0,0,5,0,0,0,0,-.38948628
760,0,0,7,0,0,0,0,-.38948628
596,0,1,7,0,0,0,0,-.38948628
608,0,1,7,0,0,0,0,-.38948628
609,1,1,7,1,0,0,1,.28402048
610,0,1,7,0,0,0,0,-.38948628
611,1,1,7,0,0,0,0,-.38948628
612,1,1,7,0,0,0,0,-.38948628
636,0,1,7,0,0,0,0,-.38948628
637,1,1,7,0,0,0,0,-.38948628
651,1,1,7,1,1,1,3,1.7910099
652,0,1,7,0,0,0,0,-.38948628
661,0,1,7,0,0,0,0,-.38948628
662,1,1,7,0,0,0,0,-.38948628
686,1,1,7,0,0,0,0,-.38948628
687,1,1,7,0,0,0,0,-.38948628
709,1,1,7,0,0,0,0,-.38948628
710,1,1,7,0,0,0,0,-.38948628
711,1,1,7,1,0,0,1,.28402048
732,1,1,7,0,0,0,0,-.38948628
733,0,1,7,0,0,0,0,-.38948628
734,1,2,7,0,0,0,0,-.38948628
735,0,1,7,0,0,0,0,-.38948628
736,1,1,7,0,0,0,0,-.38948628
761,1,1,7,0,0,0,0,-.38948628
763,1,1,7,0,1,0,1,1.1835277
764,1,1,7,0,0,0,0,-.38948628
765,1,1,7,0,0,0,0,-.38948628
767,1,1,7,0,0,0,0,-.38948628
768,1,1,7,1,0,0,1,.28402048
770,0,1,7,0,0,0,0,-.38948628
771,1,1,7,0,0,0,0,-.38948628
772,0,1,7,0,0,0,0,-.38948628
773,0,2,7,0,0,0,0,-.38948628
774,0,1,7,1,0,0,1,.28402048
775,1,1,7,0,0,0,0,-.38948628
776,0,1,7,0,0,0,0,-.38948628
777,1,1,7,0,0,0,0,-.38948628
778,1,1,7,0,0,0,0,-.38948628
779,1,1,7,0,0,0,0,-.38948628
780,1,1,7,1,1,0,2,1.3746766
781,1,1,7,0,0,0,0,-.38948628
782,1,1,7,0,0,0,0,-.38948628
784,1,1,7,0,0,0,0,-.38948628
785,1,1,7,0,0,0,0,-.38948628
786,1,1,7,1,1,0,2,1.3746766
787,0,1,7,0,0,0,0,-.38948628
788,1,1,7,0,0,0,0,-.38948628
789,1,1,7,0,0,0,0,-.38948628
790,0,1,7,0,0,0,0,-.38948628
791,1,1,7,0,0,0,0,-.38948628
792,1,1,7,1,0,0,1,.28402048
793,1,2,7,0,0,0,0,-.38948628
794,0,1,7,0,0,0,0,-.38948628
795,1,1,7,0,0,0,0,-.38948628
796,0,2,7,0,0,0,0,-.38948628
797,0,1,7,0,0,0,0,-.38948628
798,0,1,7,0,0,0,0,-.38948628
800,1,0,7,0,0,0,0,-.38948628
801,1,1,7,0,0,0,0,-.38948628
802,1,1,7,0,0,0,0,-.38948628
803,0,0,7,0,0,0,0,-.38948628
804,1,0,7,,0,0,,-.31361988
805,1,0,7,1,0,0,1,.28402048
806,0,1,7,0,0,0,0,-.38948628
807,1,1,7,0,0,0,0,-.38948628
808,1,1,7,0,0,0,0,-.38948628
809,1,1,7,1,0,0,1,.28402048
810,0,1,7,0,0,0,0,-.38948628
811,1,1,7,0,0,0,0,-.38948628
812,0,1,7,0,0,1,1,.38204196
813,0,1,7,0,0,0,0,-.38948628
814,0,1,7,0,0,0,0,-.38948628
815,1,2,7,0,0,0,0,-.38948628
817,1,1,7,0,0,0,0,-.38948628
818,1,1,7,0,0,0,0,-.38948628
819,0,1,7,0,0,0,0,-.38948628
820,1,1,7,0,0,0,0,-.38948628
821,1,1,7,0,0,0,0,-.38948628
822,1,1,7,0,0,0,0,-.38948628
823,1,1,7,1,0,0,1,.28402048
824,1,1,7,1,0,0,1,.28402048
825,1,0,7,0,0,0,0,-.38948628
826,1,0,7,0,0,0,0,-.38948628
828,1,0,7,0,0,0,0,-.38948628
829,0,0,7,0,0,0,0,-.38948628
830,0,0,7,0,0,0,0,-.38948628
831,0,0,7,1,0,0,1,.28402048
832,0,0,7,0,0,1,1,.38204196
833,0,0,7,1,0,0,1,.28402048
834,0,0,7,0,0,0,0,-.38948628
835,0,0,7,0,0,0,0,-.38948628
836,1,0,7,0,0,0,0,-.38948628
838,1,1,7,0,0,0,0,-.38948628
839,1,0,7,0,1,0,1,1.1835277
840,0,1,7,0,0,1,1,.38204196
841,0,0,7,0,1,0,1,1.1835277
842,1,0,7,0,0,0,0,-.38948628
843,0,0,7,0,0,0,0,-.38948628
844,1,0,7,0,0,0,0,-.38948628
845,0,0,7,1,0,1,2,.64354634
846,0,0,7,1,0,1,2,.64354634
847,1,0,7,1,0,1,2,.64354634
848,1,1,7,1,0,1,2,.64354634
849,1,0,7,1,0,1,2,.64354634
850,0,0,7,1,0,0,1,.28402048
851,1,0,7,0,0,0,0,-.38948628
852,1,0,7,0,1,0,1,1.1835277
853,1,0,7,0,0,0,0,-.38948628
854,1,0,7,0,0,0,0,-.38948628
855,0,0,7,0,0,0,0,-.38948628
856,0,0,7,0,0,0,0,-.38948628
857,1,0,7,0,0,0,0,-.38948628
858,0,0,7,0,0,0,0,-.38948628
859,1,0,7,0,0,0,0,-.38948628
860,1,1,7,0,0,0,0,-.38948628
861,1,0,7,0,0,0,0,-.38948628
862,0,0,7,0,0,0,0,-.38948628
863,0,0,7,0,0,0,0,-.38948628
864,0,1,7,0,0,0,0,-.38948628
865,0,0,7,0,0,0,0,-.38948628
866,0,0,7,0,0,0,0,-.38948628
867,1,0,7,0,0,0,0,-.38948628
868,0,0,7,0,0,0,0,-.38948628
869,0,1,7,0,0,0,0,-.38948628
870,0,0,7,0,0,0,0,-.38948628
871,1,0,7,0,0,1,1,.38204196
872,1,0,7,0,0,0,0,-.38948628
873,0,0,7,0,0,0,0,-.38948628
874,0,0,7,0,0,0,0,-.38948628
875,0,0,7,0,0,0,0,-.38948628
876,0,0,7,0,0,0,0,-.38948628
877,0,0,7,0,0,0,0,-.38948628
878,1,0,7,0,0,0,0,-.38948628
879,0,0,7,0,0,0,0,-.38948628
880,0,0,7,0,0,0,0,-.38948628
881,1,0,7,0,,,,-.18134107
882,0,0,7,0,0,0,0,-.38948628
883,0,0,7,0,0,0,0,-.38948628
884,1,0,7,0,0,0,0,-.38948628
885,1,0,7,0,0,0,0,-.38948628
886,1,1,7,0,0,0,0,-.38948628
887,1,0,7,0,0,0,0,-.38948628
888,1,0,7,0,0,0,0,-.38948628
889,0,0,7,0,0,0,0,-.38948628
890,1,1,7,0,0,0,0,-.38948628
891,1,1,7,0,0,0,0,-.38948628
892,1,0,7,0,0,0,0,-.38948628
893,1,0,7,0,0,0,0,-.38948628
894,1,1,7,0,0,0,0,-.38948628
895,1,1,7,0,0,0,0,-.38948628
896,1,0,7,0,0,0,0,-.38948628
897,0,0,7,0,0,0,0,-.38948628
898,1,0,7,0,0,0,0,-.38948628
899,0,0,7,0,0,0,0,-.38948628
900,0,0,7,0,0,0,0,-.38948628
901,1,0,7,0,0,0,0,-.38948628
902,0,0,7,0,1,0,1,1.1835277
903,1,0,7,0,1,0,1,1.1835277
904,1,1,7,0,0,0,0,-.38948628
905,0,0,7,0,0,0,0,-.38948628
906,1,0,7,,,,,
907,1,0,7,0,0,0,0,-.38948628
908,1,0,7,0,0,0,0,-.38948628
909,1,0,7,0,0,0,0,-.38948628
910,1,0,7,0,0,0,0,-.38948628
911,1,0,7,0,0,0,0,-.38948628
912,1,0,7,0,0,0,0,-.38948628
913,0,0,7,0,0,0,0,-.38948628
914,1,0,7,0,0,0,0,-.38948628
915,1,1,7,0,0,0,0,-.38948628
916,1,0,7,1,0,0,1,.28402048
917,1,0,7,0,0,0,0,-.38948628
918,1,1,7,0,0,0,0,-.38948628
919,1,1,7,0,0,0,0,-.38948628
921,1,1,7,0,0,0,0,-.38948628
922,0,1,7,0,0,1,1,.38204196
923,0,1,7,0,0,0,0,-.38948628
924,1,0,7,0,0,0,0,-.38948628
925,1,0,7,0,1,0,1,1.1835277
926,1,2,7,0,0,0,0,-.38948628
927,1,1,7,0,0,0,0,-.38948628
928,0,1,7,0,0,0,0,-.38948628
929,0,1,7,0,0,0,0,-.38948628
930,1,0,7,0,0,0,0,-.38948628
931,0,1,7,0,0,0,0,-.38948628
932,1,0,7,0,0,0,0,-.38948628
933,1,0,7,0,0,0,0,-.38948628
934,0,0,7,0,0,0,0,-.38948628
935,0,0,7,0,0,0,0,-.38948628
936,0,0,7,0,0,0,0,-.38948628
937,0,0,7,0,0,0,0,-.38948628
938,0,0,7,0,0,0,0,-.38948628
939,0,0,7,0,0,0,0,-.38948628
940,0,0,7,0,0,0,0,-.38948628
942,1,0,7,0,0,0,0,-.38948628
943,1,1,7,0,0,0,0,-.38948628
944,1,1,7,0,0,0,0,-.38948628
945,1,1,7,0,0,0,0,-.38948628
946,0,1,7,0,1,0,1,1.1835277
947,0,0,7,0,0,0,0,-.38948628
948,0,0,7,0,0,0,0,-.38948628
949,0,1,7,0,0,0,0,-.38948628
950,1,0,7,0,0,1,1,.38204196
951,1,0,7,0,0,0,0,-.38948628
952,1,1,8,0,0,0,0,-.38948628
953,1,1,8,0,0,0,0,-.38948628
954,0,1,8,0,0,0,0,-.38948628
955,0,1,8,0,0,0,0,-.38948628
956,0,1,8,0,0,0,0,-.38948628
957,0,1,8,0,0,0,0,-.38948628
958,1,1,8,0,0,0,0,-.38948628
959,1,1,8,0,0,0,0,-.38948628
960,1,1,8,0,0,0,0,-.38948628
962,1,0,6,0,0,0,0,-.38948628
963,1,0,6,0,0,0,0,-.38948628
964,1,1,6,0,0,0,0,-.38948628
965,0,1,6,0,0,0,0,-.38948628
966,1,1,6,1,1,0,2,1.3746766
967,1,1,6,0,0,0,0,-.38948628
968,1,0,6,0,0,0,0,-.38948628
969,1,1,6,1,1,1,3,1.7910099
970,1,1,6,0,1,0,1,1.1835277
971,1,1,6,0,1,1,2,1.4384145
972,1,0,6,0,0,0,0,-.38948628
973,1,1,6,0,0,0,0,-.38948628
974,1,0,6,0,0,0,0,-.38948628
975,1,1,6,0,0,0,0,-.38948628
976,1,1,6,0,1,0,1,1.1835277
977,1,1,6,1,1,0,2,1.3746766
978,1,0,6,0,0,0,0,-.38948628
979,1,0,6,0,0,0,0,-.38948628
980,1,0,6,0,0,0,0,-.38948628
981,1,1,6,0,0,0,0,-.38948628
982,1,0,6,0,1,0,1,1.1835277
983,1,1,6,0,0,0,0,-.38948628
984,1,0,6,0,0,1,1,.38204196
985,1,1,6,0,0,0,0,-.38948628
986,1,1,6,0,0,0,0,-.38948628
987,1,0,6,0,0,0,0,-.38948628
988,1,0,6,1,1,1,3,1.7910099
989,1,0,6,0,0,0,0,-.38948628
990,1,1,6,0,0,0,0,-.38948628
991,1,1,6,1,0,0,1,.28402048
992,1,0,6,0,0,1,1,.38204196
993,1,1,6,1,1,1,3,1.7910099
994,1,1,8,0,0,0,0,-.38948628
995,0,1,8,0,0,0,0,-.38948628
996,0,1,8,0,1,0,1,1.1835277
997,1,2,8,0,0,1,1,.38204196
998,0,1,8,1,1,0,2,1.3746766
999,0,1,8,,0,0,,-.31361988
1000,0,1,8,1,0,0,1,.28402048
1001,0,1,6,0,0,0,0,-.38948628
1002,0,0,6,1,0,0,1,.28402048
1003,1,0,6,0,0,0,0,-.38948628
1004,0,1,6,0,0,0,0,-.38948628
1005,0,0,6,0,0,0,0,-.38948628
1006,0,0,6,0,0,0,0,-.38948628
1007,0,0,6,0,0,0,0,-.38948628
1008,0,0,6,0,0,0,0,-.38948628
1009,0,0,6,0,0,0,0,-.38948628
1010,0,0,6,0,0,0,0,-.38948628
1011,0,0,6,0,0,0,0,-.38948628
1012,0,0,6,0,0,0,0,-.38948628
1013,0,1,6,0,0,0,0,-.38948628
1014,0,0,6,0,0,0,0,-.38948628
1015,1,0,6,0,0,0,0,-.38948628
1016,1,0,6,0,0,1,1,.38204196
1017,0,0,6,0,0,0,0,-.38948628
1018,0,0,6,0,0,0,0,-.38948628
1019,0,0,6,0,0,0,0,-.38948628
1020,0,0,6,0,0,0,0,-.38948628
1021,0,0,6,0,0,0,0,-.38948628
1022,0,0,6,0,0,0,0,-.38948628
1023,0,0,6,0,0,0,0,-.38948628
1024,0,0,6,0,0,0,0,-.38948628
1025,0,0,6,0,0,0,0,-.38948628
1026,0,0,6,0,0,0,0,-.38948628
1027,0,1,6,0,0,0,0,-.38948628
1028,0,0,6,0,0,0,0,-.38948628
1029,0,0,6,0,0,0,0,-.38948628
1030,0,0,6,0,0,0,0,-.38948628
1031,1,1,6,0,0,0,0,-.38948628
1032,0,0,6,1,0,0,1,.28402048
1033,0,0,6,0,0,1,1,.38204196
1034,1,1,6,0,0,0,0,-.38948628
1035,1,0,6,0,0,0,0,-.38948628
1036,0,0,6,0,0,0,0,-.38948628
1037,0,0,6,0,0,0,0,-.38948628
1038,0,0,6,0,0,0,0,-.38948628
1039,1,0,6,0,0,0,0,-.38948628
1040,0,1,6,0,0,0,0,-.38948628
1042,1,0,6,0,0,0,0,-.38948628
1043,1,0,6,1,0,0,1,.28402048
1044,1,1,6,1,0,0,1,.28402048
1045,1,1,6,1,0,0,1,.28402048
1046,1,0,6,1,0,0,1,.28402048
1047,1,2,6,0,0,0,0,-.38948628
1048,1,1,6,0,1,0,1,1.1835277
1049,0,1,6,1,0,0,1,.28402048
1050,1,1,6,0,0,0,0,-.38948628
1051,1,1,6,1,0,0,1,.28402048
1052,1,0,6,1,0,0,1,.28402048
1053,1,0,6,0,0,0,0,-.38948628
1054,1,0,6,0,1,1,2,1.4384145
1055,0,1,6,1,0,0,1,.28402048
1056,1,0,6,0,0,0,0,-.38948628
1057,1,1,6,0,0,0,0,-.38948628
1058,1,1,6,0,0,0,0,-.38948628
1059,1,0,6,0,0,0,0,-.38948628
1060,0,0,6,0,0,0,0,-.38948628
1061,1,0,6,0,0,0,0,-.38948628
1062,1,0,6,1,1,1,3,1.7910099
1063,1,0,6,1,0,0,1,.28402048
1064,1,0,6,0,1,0,1,1.1835277
1065,0,1,6,0,0,0,0,-.38948628
1066,0,0,6,0,0,0,0,-.38948628
1067,0,1,6,0,1,0,1,1.1835277
1068,1,1,6,1,0,0,1,.28402048
1069,1,1,6,1,0,0,1,.28402048
1070,1,1,6,0,0,0,0,-.38948628
1071,0,0,6,1,0,0,1,.28402048
1072,0,0,6,0,0,0,0,-.38948628
1073,1,1,6,0,0,0,0,-.38948628
1074,0,0,6,0,0,1,1,.38204196
1075,0,1,6,0,0,0,0,-.38948628
1076,0,1,6,0,0,0,0,-.38948628
1077,1,0,6,0,0,0,0,-.38948628
1078,1,0,6,0,0,0,0,-.38948628
1079,0,0,6,0,1,0,1,1.1835277
1080,0,1,6,0,0,0,0,-.38948628
1081,0,1,6,0,0,0,0,-.38948628
1082,1,0,6,1,0,0,1,.28402048
1083,0,0,6,0,0,0,0,-.38948628
1084,1,0,6,0,0,0,0,-.38948628
1085,1,0,6,0,0,0,0,-.38948628
1086,1,0,6,0,0,0,0,-.38948628
1087,1,0,6,0,0,0,0,-.38948628
1089,1,0,6,0,0,0,0,-.38948628
1090,1,0,6,1,1,0,2,1.3746766
1091,1,0,6,0,0,0,0,-.38948628
1092,1,0,6,0,0,0,0,-.38948628
1093,1,0,6,0,1,0,1,1.1835277
1094,1,0,6,1,0,0,1,.28402048
1095,1,0,6,0,0,0,0,-.38948628
1096,1,1,6,1,0,0,1,.28402048
1097,1,0,6,1,1,0,2,1.3746766
1098,1,0,6,0,0,0,0,-.38948628
1099,1,0,6,0,0,0,0,-.38948628
1100,1,0,6,0,0,1,1,.38204196
1101,1,0,6,0,0,0,0,-.38948628
1102,1,0,6,0,0,0,0,-.38948628
1103,1,0,6,1,0,0,1,.28402048
1104,1,0,6,0,0,0,0,-.38948628
1105,1,0,6,0,0,0,0,-.38948628
1106,1,0,6,0,1,0,1,1.1835277
1107,1,0,6,0,0,0,0,-.38948628
1108,1,0,6,0,0,1,1,.38204196
1109,1,0,6,0,0,0,0,-.38948628
1110,1,0,6,0,0,0,0,-.38948628
1111,1,0,6,0,0,0,0,-.38948628
1112,1,0,6,0,0,0,0,-.38948628
1113,1,0,6,0,0,0,0,-.38948628
1114,1,0,6,0,0,0,0,-.38948628
1115,1,0,6,0,0,0,0,-.38948628
1116,1,0,6,0,0,0,0,-.38948628
1117,1,0,6,1,1,1,3,1.7910099
1118,1,1,6,0,1,0,1,1.1835277
1119,1,0,6,0,0,0,0,-.38948628
1120,1,0,6,0,0,0,0,-.38948628
1121,0,1,8,0,0,0,0,-.38948628
1122,0,2,8,1,0,0,1,.28402048
1123,1,1,8,0,0,0,0,-.38948628
1124,1,0,6,0,0,0,0,-.38948628
1125,1,0,6,0,1,1,2,1.4384145
1126,1,0,6,0,0,0,0,-.38948628
1127,1,0,6,0,0,0,0,-.38948628
1128,1,0,6,0,0,0,0,-.38948628
1129,0,0,6,0,0,0,0,-.38948628
1130,1,1,6,0,0,0,0,-.38948628
1131,0,0,6,0,0,0,0,-.38948628
1132,1,0,6,0,0,0,0,-.38948628
1133,0,0,6,0,0,0,0,-.38948628
1134,1,0,6,0,0,0,0,-.38948628
1135,0,0,6,0,0,0,0,-.38948628
1136,0,0,6,0,0,0,0,-.38948628
1137,1,0,6,0,0,0,0,-.38948628
1138,1,0,6,0,0,1,1,.38204196
1139,1,0,6,0,0,0,0,-.38948628
1140,0,0,6,0,0,0,0,-.38948628
1141,1,0,6,0,1,1,2,1.4384145
1142,1,0,6,0,0,0,0,-.38948628
1143,1,0,6,0,1,1,2,1.4384145
1144,1,0,6,0,0,0,0,-.38948628
1145,1,0,6,0,0,0,0,-.38948628
1146,1,0,6,0,0,0,0,-.38948628
1147,0,0,6,0,0,0,0,-.38948628
1148,1,0,6,0,0,0,0,-.38948628
1149,1,0,6,0,1,0,1,1.1835277
1150,0,0,6,0,0,0,0,-.38948628
1151,1,0,6,1,0,1,2,.64354634
1153,0,0,6,0,0,0,0,-.38948628
1154,0,0,6,0,0,0,0,-.38948628
1155,0,0,6,0,0,0,0,-.38948628
1156,1,0,6,0,0,0,0,-.38948628
1160,1,0,6,0,0,0,0,-.38948628
1162,1,0,6,0,0,0,0,-.38948628
1163,1,0,6,0,0,0,0,-.38948628
1165,1,0,6,0,0,0,0,-.38948628
1170,0,1,8,1,0,1,2,.64354634
1171,1,1,8,0,0,0,0,-.38948628
1172,0,1,8,1,0,0,1,.28402048
1176,1,0,6,1,1,0,2,1.3746766
1179,1,0,6,0,0,1,1,.38204196
1183,1,1,6,0,0,0,0,-.38948628
1185,1,0,6,0,0,0,0,-.38948628
1190,0,1,8,1,0,1,2,.64354634
1191,0,1,8,0,,0,,-.29155576
1192,1,1,8,1,1,1,3,1.7910099
1193,1,0,6,0,0,0,0,-.38948628
1195,1,0,6,0,0,0,0,-.38948628
1196,1,1,6,0,0,0,0,-.38948628
1200,1,0,6,0,0,0,0,-.38948628
1205,1,2,6,0,0,0,0,-.38948628
1206,1,1,6,0,0,0,0,-.38948628
1207,0,0,6,0,0,0,0,-.38948628
1208,0,0,6,0,0,0,0,-.38948628
1209,0,0,6,0,0,0,0,-.38948628
1210,0,0,6,0,0,0,0,-.38948628
1211,1,0,6,0,0,0,0,-.38948628
1213,0,0,6,0,0,0,0,-.38948628
1214,0,0,6,0,0,1,1,.38204196
1215,0,0,6,0,0,0,0,-.38948628
1216,0,0,6,0,0,0,0,-.38948628
1217,1,0,6,0,0,0,0,-.38948628
1218,1,0,6,0,0,1,1,.38204196
1219,1,0,6,0,0,0,0,-.38948628
1220,1,0,6,0,0,0,0,-.38948628
1221,1,0,6,0,0,0,0,-.38948628
1223,1,0,6,0,0,0,0,-.38948628
1224,1,0,6,0,0,0,0,-.38948628
1225,1,0,6,0,0,0,0,-.38948628
1226,1,0,6,0,0,0,0,-.38948628
1227,0,0,6,1,0,0,1,.28402048
1228,0,0,6,0,0,0,0,-.38948628
1229,1,0,6,0,0,0,0,-.38948628
1230,1,0,6,0,1,0,1,1.1835277
1231,1,0,6,0,0,0,0,-.38948628
1232,1,0,6,0,0,0,0,-.38948628
1233,1,0,6,0,0,0,0,-.38948628
1234,1,0,6,,,,,
1235,1,0,6,1,1,0,2,1.3746766
1236,1,0,6,0,0,0,0,-.38948628
1237,1,0,6,0,0,0,0,-.38948628
1238,1,0,6,0,0,0,0,-.38948628
1239,1,0,6,0,0,0,0,-.38948628
1241,0,0,6,0,0,0,0,-.38948628
1242,0,0,6,0,0,0,0,-.38948628
1243,0,1,6,0,0,0,0,-.38948628
1244,1,1,6,0,0,0,0,-.38948628
1245,1,1,6,0,0,1,1,.38204196
1247,0,0,6,0,0,0,0,-.38948628
1248,0,1,6,,,,,
1249,0,3,6,0,0,0,0,-.38948628
1250,1,0,6,1,1,0,2,1.3746766
1251,1,0,6,1,0,1,2,.64354634
1252,0,1,6,0,0,0,0,-.38948628
1253,0,1,6,0,0,0,0,-.38948628
1254,0,1,6,0,0,0,0,-.38948628
1255,0,1,6,0,,0,,-.29155576
1258,0,1,6,0,0,0,0,-.38948628
1259,0,1,6,0,0,0,0,-.38948628
1260,0,1,6,0,0,0,0,-.38948628
1261,1,1,6,0,0,0,0,-.38948628
1271,1,1,8,1,1,1,3,1.7910099
1272,0,1,8,0,0,0,0,-.38948628
1273,0,1,8,0,1,1,2,1.4384145
1274,1,1,8,0,0,0,0,-.38948628
1275,0,2,8,0,1,0,1,1.1835277
1276,0,1,8,1,0,0,1,.28402048
1277,1,1,8,0,0,0,0,-.38948628
1278,1,1,8,0,0,0,0,-.38948628
1279,0,1,8,0,0,1,1,.38204196
1280,1,3,8,0,0,1,1,.38204196
1281,0,1,8,1,0,0,1,.28402048
1282,0,1,8,1,0,0,1,.28402048
1303,1,2,8,0,1,0,1,1.1835277
1304,1,1,8,1,0,0,1,.28402048
1305,1,2,8,0,0,0,0,-.38948628
1306,1,1,8,0,0,0,0,-.38948628
1307,0,1,8,1,1,1,3,1.7910099
1308,1,1,8,0,0,0,0,-.38948628
1309,1,1,8,0,0,0,0,-.38948628
1310,1,3,8,1,1,1,3,1.7910099
1311,1,1,8,0,0,0,0,-.38948628
1312,1,1,8,0,0,0,0,-.38948628
1313,1,1,8,1,1,1,3,1.7910099
1314,1,1,8,0,0,0,0,-.38948628
1315,0,1,8,1,1,1,3,1.7910099
1316,0,1,8,0,0,0,0,-.38948628
1317,0,2,8,1,1,0,2,1.3746766
1318,1,1,8,0,0,0,0,-.38948628
1319,1,1,8,0,0,0,0,-.38948628
1320,1,1,8,0,0,0,0,-.38948628
1321,1,1,8,1,1,1,3,1.7910099
1322,1,1,8,0,0,0,0,-.38948628
1324,0,1,8,1,0,0,1,.28402048
1326,0,1,8,1,1,0,2,1.3746766
1327,0,1,8,1,0,1,2,.64354634
1328,0,1,8,0,0,0,0,-.38948628
1329,0,1,8,0,0,1,1,.38204196
1330,0,3,8,1,0,0,1,.28402048
1331,1,3,8,1,1,1,3,1.7910099
1332,0,3,8,1,1,,,1.5898198
1333,0,1,8,0,0,0,0,-.38948628
1334,1,1,8,0,0,0,0,-.38948628
1335,0,1,8,1,0,0,1,.28402048
1336,0,1,8,0,0,0,0,-.38948628
1337,1,1,8,0,1,1,2,1.4384145
1338,0,1,8,0,0,0,0,-.38948628
1340,0,1,8,0,0,0,0,-.38948628
1341,0,1,8,0,0,0,0,-.38948628
1342,0,1,8,1,0,0,1,.28402048
1343,0,1,8,0,0,0,0,-.38948628
1345,0,1,8,0,0,0,0,-.38948628
1346,1,1,8,0,0,0,0,-.38948628
1347,0,1,8,0,0,0,0,-.38948628
1348,0,2,8,0,0,0,0,-.38948628
1349,0,1,8,0,0,0,0,-.38948628
1350,1,1,8,0,1,1,2,1.4384145
1351,0,1,8,1,1,1,3,1.7910099
1352,0,1,8,1,1,1,3,1.7910099
1353,0,1,8,0,,1,,.90078706
1354,0,1,8,0,0,0,0,-.38948628
1355,1,1,8,1,1,1,3,1.7910099
1363,1,1,8,0,0,0,0,-.38948628
1364,0,1,8,0,1,1,2,1.4384145
1365,0,1,8,0,0,0,0,-.38948628
1366,0,1,8,0,0,0,0,-.38948628
1367,0,1,8,0,0,0,0,-.38948628
1368,0,2,8,0,0,0,0,-.38948628
1369,1,1,8,1,0,0,1,.28402048
1370,1,1,8,0,0,0,0,-.38948628
1371,0,1,8,0,0,0,0,-.38948628
1372,0,1,8,0,0,0,0,-.38948628
1373,1,1,8,0,0,0,0,-.38948628
1374,0,1,8,0,0,0,0,-.38948628
1375,0,1,8,1,0,0,1,.28402048
1376,0,1,8,1,0,0,1,.28402048
1377,0,1,8,1,0,0,1,.28402048
1378,0,1,8,1,0,0,1,.28402048
1379,0,1,8,0,0,0,0,-.38948628
1380,0,1,8,0,0,0,0,-.38948628
1381,0,1,8,1,0,0,1,.28402048
1382,0,1,8,0,0,0,0,-.38948628
1383,0,1,8,0,0,0,0,-.38948628
1384,1,1,8,1,0,1,2,.64354634
1385,0,1,8,0,0,0,0,-.38948628
1386,1,1,8,1,1,0,2,1.3746766
1387,0,1,8,0,1,0,1,1.1835277
1388,1,1,8,0,1,0,1,1.1835277
1389,0,1,8,1,1,0,2,1.3746766
1511,1,1,8,0,1,1,2,1.4384145
1512,0,1,8,0,0,0,0,-.38948628
1522,1,1,8,0,0,0,0,-.38948628
1523,1,2,8,1,1,1,3,1.7910099
1524,0,2,8,1,1,0,2,1.3746766
1525,0,1,8,0,0,0,0,-.38948628
1526,1,1,8,0,0,0,0,-.38948628
1527,1,1,8,0,0,0,0,-.38948628
1528,0,1,8,0,0,0,0,-.38948628
1529,1,1,8,0,0,0,0,-.38948628
1530,0,1,8,0,0,0,0,-.38948628
1531,1,1,8,0,0,0,0,-.38948628
1532,0,1,8,0,1,1,2,1.4384145
1535,0,1,8,1,0,0,1,.28402048
1536,0,1,8,1,0,0,1,.28402048
1537,1,1,8,0,0,0,0,-.38948628
1538,1,1,8,0,0,0,0,-.38948628
1539,0,1,8,0,0,0,0,-.38948628
1540,0,1,8,0,0,0,0,-.38948628
1541,0,1,8,0,0,0,0,-.38948628
1542,1,2,8,0,0,0,0,-.38948628
1543,0,1,8,1,0,0,1,.28402048
1544,0,1,8,0,0,0,0,-.38948628
1546,1,1,8,1,1,1,3,1.7910099
1547,0,1,8,1,1,1,3,1.7910099
1548,0,1,8,1,1,1,3,1.7910099
1549,0,1,8,0,0,0,0,-.38948628
1550,0,1,8,1,1,1,3,1.7910099
1551,1,1,8,1,0,0,1,.28402048
1552,0,1,8,0,0,0,0,-.38948628
1553,0,1,8,0,0,0,0,-.38948628
1554,0,1,8,0,0,0,0,-.38948628
1555,0,1,8,0,0,0,0,-.38948628
1556,0,1,8,0,0,0,0,-.38948628
