"","M032166","M032721","M032757","M032760A","M032760B","M032760C","M032761","M032692","M032626","M032595","M032673"
"1",1,0,2,0,1,0,2,2,0,1,1
"2",1,0,1,2,0,0,2,0,0,1,1
"3",1,1,2,2,0,1,0,0,0,1,1
"4",1,1,2,2,1,0,2,2,1,1,1
"5",1,0,2,2,1,0,0,2,1,1,1
"6",1,0,0,0,0,0,0,0,0,0,1
"7",1,0,0,0,0,0,0,0,0,0,1
"8",1,1,2,2,1,1,2,2,1,1,1
"9",1,0,2,2,1,1,1,1,1,1,1
"10",1,0,2,2,1,0,0,0,1,0,1
"11",0,0,0,0,0,0,0,0,0,1,0
"12",0,0,0,0,0,0,0,0,1,0,0
"13",1,0,2,2,1,0,0,0,1,1,1
"14",1,0,2,2,1,0,2,0,0,1,1
"15",1,0,2,2,1,0,1,0,1,1,1
"16",0,1,2,0,0,0,0,0,1,1,1
"17",0,0,2,0,0,0,0,0,0,1,1
"18",1,1,2,0,0,0,0,0,1,1,1
"19",1,0,1,0,0,0,0,0,0,1,1
"20",1,1,0,0,0,0,0,0,0,0,1
"21",1,1,2,2,1,1,1,2,0,1,1
"22",1,0,2,2,0,0,0,0,1,1,1
"23",0,0,0,0,0,0,0,0,1,0,1
"24",1,1,2,0,0,0,0,0,0,1,0
"25",0,0,0,0,0,0,0,0,0,0,0
"26",1,1,2,0,0,0,1,0,0,1,1
"27",1,1,2,2,1,1,1,1,0,1,1
"28",1,1,0,0,0,0,0,0,0,1,0
"29",0,1,2,1,1,0,0,0,1,1,0
"30",1,1,2,2,1,0,2,2,0,1,1
"31",1,1,2,2,1,0,1,0,0,1,1
"32",1,1,2,2,1,1,1,2,1,1,1
"33",1,0,1,2,1,1,0,0,1,1,1
"34",0,0,2,0,0,0,0,0,1,0,0
"35",1,0,2,2,0,0,1,1,1,1,1
"36",1,1,2,2,1,1,2,1,1,1,1
"37",1,1,2,2,0,1,1,0,1,1,1
"38",1,0,2,2,0,0,0,0,1,1,0
"39",1,1,2,0,1,0,0,0,0,0,1
"40",0,1,2,0,0,0,0,0,0,1,0
"41",1,0,1,0,0,0,0,0,1,1,0
"42",1,1,2,2,1,0,0,0,0,1,1
"43",1,0,1,1,0,0,0,0,0,1,0
"44",1,1,2,0,0,0,0,0,0,0,1
"45",1,1,2,2,1,1,1,1,1,1,1
"46",1,0,2,0,0,0,0,0,1,0,0
"47",0,0,0,NA,NA,NA,NA,NA,NA,NA,NA
"48",1,0,0,0,0,0,0,0,0,0,0
"49",1,0,2,0,0,0,0,0,1,1,1
"50",0,0,0,0,0,0,0,0,1,1,1
"51",1,1,0,0,0,0,0,0,0,0,0
"52",1,1,2,0,0,0,0,0,0,0,0
"53",1,0,2,0,0,0,0,0,0,0,1
"54",1,0,0,0,0,0,0,0,0,0,1
"55",1,1,2,2,1,1,1,2,1,1,1
"56",1,0,2,2,1,1,1,0,1,1,1
"57",1,0,0,0,0,0,0,0,0,0,1
"58",1,1,2,1,1,0,1,2,1,1,1
"59",1,0,2,2,0,1,2,0,1,1,1
"60",1,1,0,0,0,0,0,0,0,1,0
"61",0,0,2,0,0,0,0,0,0,1,1
"62",0,1,2,0,0,0,0,0,0,1,1
"63",0,0,0,0,0,0,0,0,1,0,0
"64",1,0,2,0,0,0,0,0,1,0,1
"65",1,1,0,0,0,0,0,0,0,0,1
"66",1,0,2,2,0,1,2,0,1,1,1
"67",0,0,0,0,0,0,0,0,0,0,0
"68",1,0,2,0,0,0,0,0,0,1,0
"69",0,1,2,0,0,0,0,0,0,0,0
"70",1,1,2,0,0,0,0,0,1,1,0
"71",1,0,2,2,1,1,1,2,1,1,1
"72",1,0,0,0,0,0,0,0,0,0,0
"73",0,1,2,0,0,0,0,0,0,0,0
"74",1,1,2,2,0,0,0,0,1,1,1
"75",1,1,2,2,0,0,1,2,1,1,1
"76",1,1,2,1,1,0,2,0,1,1,1
"77",1,1,2,2,1,1,2,0,1,1,1
"78",1,0,0,0,0,0,0,0,0,0,0
"79",1,0,0,2,1,0,0,0,0,1,1
"80",1,0,1,0,0,0,0,0,0,0,1
"81",1,1,2,0,0,0,0,0,1,1,1
"82",1,1,2,2,0,0,2,0,1,1,1
"83",1,0,2,0,0,0,0,0,0,1,1
"84",1,0,0,0,1,0,0,0,0,0,1
"85",1,0,2,0,1,0,2,0,1,1,1
"86",1,1,0,0,0,0,0,0,1,0,0
"87",1,0,2,0,0,0,0,0,0,1,1
"88",1,0,2,0,0,0,0,0,1,0,1
"89",1,1,2,2,0,1,2,2,1,1,1
"90",1,1,2,2,0,0,2,0,1,1,1
"91",1,1,2,0,1,0,0,0,1,1,1
"92",1,0,0,0,0,0,0,1,1,1,1
"93",1,0,1,2,1,0,0,0,1,1,1
"94",1,0,2,0,0,0,0,0,0,0,0
"95",0,0,2,0,0,0,0,0,1,1,1
"96",1,0,0,0,0,0,0,0,0,0,0
"97",1,1,0,0,0,0,0,0,0,1,1
"98",1,1,2,2,0,1,2,2,1,1,1
"99",0,0,2,2,1,0,0,0,0,1,1
"100",0,1,0,0,0,0,0,1,0,1,0
"101",1,1,2,2,1,1,0,0,1,1,0
"102",1,1,2,2,1,0,0,2,0,1,1
"103",1,1,2,2,1,1,1,0,1,1,1
"104",1,1,0,2,1,1,1,1,1,1,1
"105",1,1,2,2,1,1,2,2,1,1,1
"106",1,1,0,0,0,0,0,0,0,0,0
"107",1,1,1,0,0,0,0,0,0,0,0
"108",1,0,2,2,1,1,2,2,1,1,1
"109",1,1,2,2,1,1,2,0,1,1,1
"110",1,0,2,2,1,1,2,2,1,1,1
"111",1,1,2,2,1,1,2,2,1,1,0
"112",1,0,2,2,1,1,2,2,1,1,1
"113",1,1,2,2,1,1,1,0,1,1,1
"114",1,1,2,0,0,0,0,0,1,1,1
"115",1,0,2,2,1,0,2,0,1,1,1
"116",1,1,2,0,0,0,2,0,1,1,1
"117",0,1,0,0,0,0,0,0,1,1,0
"118",1,1,2,0,0,0,0,0,1,0,1
"119",1,1,2,2,1,1,2,0,1,1,1
"120",1,1,0,0,0,0,0,0,0,0,0
"121",1,0,0,0,0,0,0,0,0,1,1
"122",1,1,0,0,0,0,0,0,0,0,0
"123",1,0,1,2,1,0,0,0,0,1,1
"124",1,0,2,0,1,1,0,0,1,1,1
"125",0,0,0,0,0,0,0,0,0,0,0
"126",0,0,2,0,0,0,0,0,1,0,0
"127",0,1,2,0,0,0,0,2,0,0,1
"128",1,0,2,0,0,0,0,1,1,1,1
"129",0,0,2,0,0,0,0,0,0,0,0
"130",1,1,2,2,1,1,0,0,0,0,1
"131",1,1,2,2,0,0,0,0,1,1,1
"132",1,0,2,0,0,0,0,0,1,0,1
"133",1,0,0,0,0,0,0,0,0,0,1
"134",1,0,1,0,0,0,0,1,0,0,1
"135",1,1,0,0,0,0,0,0,1,0,1
"136",0,1,0,0,0,0,0,0,0,1,1
"137",1,1,0,0,0,0,0,0,0,0,1
"138",0,1,0,0,0,0,0,0,0,0,0
"139",1,0,0,0,0,0,0,0,0,0,0
"140",0,0,0,0,0,0,0,0,0,1,0
"141",1,0,0,0,0,0,0,0,0,0,0
"142",0,0,1,0,0,0,0,0,1,1,0
"143",1,1,2,2,1,0,1,0,1,1,1
"144",1,1,0,0,0,0,0,0,1,1,0
"145",0,0,2,0,1,0,0,0,0,0,0
"146",1,1,2,2,1,1,0,0,1,1,1
"147",1,1,2,2,1,0,2,0,1,1,1
"148",1,0,0,0,0,0,0,1,0,1,1
"149",1,1,2,2,1,1,2,2,1,1,1
"150",1,0,2,0,0,0,0,0,0,1,1
"151",1,0,2,2,1,1,1,2,0,1,1
"152",1,0,2,2,1,1,1,0,1,0,1
"153",0,1,2,0,0,0,0,0,1,0,0
"154",0,1,0,0,0,0,0,0,0,0,0
"155",0,0,0,0,0,0,0,0,0,0,0
"156",1,1,0,0,0,0,0,0,0,0,1
"157",0,0,2,2,0,0,1,0,0,1,1
"158",0,1,0,0,0,0,0,0,0,1,0
"159",1,1,1,0,0,0,0,0,1,1,1
"160",1,0,2,0,0,0,0,0,0,0,1
"161",1,0,2,2,1,0,0,0,0,0,1
"162",1,0,2,0,0,0,0,0,0,1,1
"163",1,1,2,1,0,0,1,0,1,1,1
"164",1,1,2,2,1,0,1,0,1,1,1
"165",0,1,0,0,0,0,0,0,0,0,0
"166",0,0,0,0,0,0,0,0,0,0,0
"167",0,1,1,0,0,0,0,0,0,0,0
"168",1,1,2,0,0,0,0,0,0,1,1
"169",1,0,2,0,0,0,0,0,1,1,1
"170",0,1,2,0,0,0,0,0,0,1,0
"171",1,0,2,0,1,0,0,0,1,0,0
"172",1,0,0,0,0,0,0,0,0,0,1
"173",0,1,0,0,0,0,0,0,0,0,0
"174",1,1,0,0,0,0,0,0,0,0,0
"175",0,0,0,0,0,0,0,0,0,0,1
"176",1,0,0,0,0,0,0,0,0,0,1
"177",1,1,2,2,0,0,1,2,0,1,1
"178",1,0,2,0,0,0,0,1,1,1,1
"179",1,1,2,0,0,0,0,0,1,0,1
"180",1,0,2,2,1,1,1,0,0,1,0
"181",1,0,0,0,0,0,0,0,0,0,1
"182",1,0,1,0,0,0,0,0,0,1,0
"183",1,0,0,2,0,0,0,0,0,1,1
"184",1,1,0,0,0,0,0,0,0,1,0
"185",1,0,2,0,0,0,0,0,0,0,0
"186",0,1,0,0,0,0,0,0,0,0,0
"187",1,0,2,2,1,1,2,0,1,1,1
"188",1,1,2,2,1,0,1,0,1,1,1
"189",1,1,2,2,0,0,0,0,1,1,1
"190",0,1,0,0,0,0,0,0,0,0,0
"191",0,1,0,0,0,0,0,0,0,0,0
"193",0,1,0,0,0,0,0,0,0,0,0
"194",1,1,2,2,1,1,0,0,1,0,1
"195",0,0,0,0,0,0,0,0,0,0,0
"196",1,0,2,0,0,0,0,0,0,1,1
"197",1,0,1,0,0,0,0,0,0,0,1
"198",1,0,0,0,0,0,0,0,0,1,1
"199",0,0,0,0,0,0,0,0,0,0,1
"200",1,1,2,2,1,0,2,0,0,1,1
"201",0,0,0,0,0,0,0,0,1,1,0
"202",1,1,2,2,0,0,2,2,0,1,1
"203",1,1,2,0,0,0,0,2,1,1,1
"204",0,0,2,0,0,0,0,0,0,0,0
"205",0,0,2,0,0,0,0,0,0,0,0
"206",1,1,0,0,0,0,0,0,1,1,0
"207",1,0,2,2,0,0,0,0,0,1,0
"208",1,0,2,0,0,0,0,0,0,1,1
"209",1,0,2,2,1,0,0,0,1,1,1
"210",1,0,0,0,0,0,0,0,0,1,1
"211",1,1,2,2,1,0,0,0,0,1,1
"212",1,0,2,0,0,0,1,0,1,1,1
"213",1,0,2,1,0,0,0,0,1,0,0
"214",1,0,0,0,0,0,0,1,0,1,1
"215",1,1,0,0,0,0,0,1,1,1,1
"216",1,1,2,2,1,0,2,0,1,0,1
"217",1,1,2,2,1,1,1,1,1,1,1
"218",1,1,2,2,1,1,2,2,1,1,1
"219",1,1,2,2,1,1,2,1,1,1,1
"220",1,0,2,2,0,0,0,0,1,1,1
"221",1,0,2,2,0,0,0,0,0,1,1
"222",1,1,2,0,0,0,0,0,1,1,1
"223",1,0,2,2,1,1,2,1,1,1,1
"224",1,1,2,0,0,0,0,0,0,0,1
"225",1,1,2,2,1,1,0,0,0,1,1
"226",1,0,1,0,0,0,0,0,0,0,0
"227",0,1,0,0,0,0,0,0,0,0,0
"228",1,0,0,0,0,0,0,0,1,1,0
"229",1,0,0,0,0,0,1,0,0,0,0
"230",0,0,0,0,0,0,0,0,1,0,1
"231",0,0,0,0,0,0,0,0,0,0,1
"232",0,0,2,0,0,0,1,0,0,1,1
"233",1,0,0,2,0,0,0,0,0,0,1
"234",0,0,0,0,0,0,0,0,0,0,0
"235",0,1,0,0,0,0,0,0,0,1,0
"236",1,1,2,2,0,1,2,0,0,1,0
"237",1,0,2,2,0,0,0,0,0,0,1
"238",1,1,2,0,0,0,0,0,0,1,1
"239",0,0,2,0,0,0,0,0,0,0,0
"240",1,0,2,0,0,0,0,0,0,1,1
"241",1,1,2,2,1,1,0,0,1,0,1
"242",1,0,0,0,0,0,1,0,0,0,1
"243",1,0,2,0,0,0,0,2,1,1,1
"244",1,1,2,2,1,1,0,0,0,0,1
"245",1,1,2,1,0,0,0,0,0,0,0
"246",0,0,2,0,0,0,0,0,1,0,0
"247",0,1,0,0,0,0,0,0,0,0,1
"248",1,0,2,2,1,0,2,1,1,1,1
"249",1,1,2,2,1,0,2,0,1,1,0
"250",1,0,1,0,0,0,0,0,0,1,1
"251",1,1,2,2,0,0,0,0,0,1,0
"252",1,0,0,0,0,0,0,0,1,1,1
"253",1,0,0,0,0,0,0,0,1,1,0
"254",0,1,2,0,0,0,0,2,0,1,0
"255",0,0,2,0,0,0,0,0,0,0,0
"256",1,1,2,2,1,1,2,0,1,1,1
"257",1,0,2,2,0,1,2,2,1,0,1
"258",0,1,2,0,0,0,0,0,0,1,1
"259",0,0,0,0,0,0,0,0,1,0,0
"260",0,0,2,0,0,0,0,0,0,0,1
"261",1,0,0,0,0,0,0,0,0,0,1
"262",1,0,2,0,0,0,0,2,1,1,1
"263",0,1,0,0,0,0,0,0,0,0,0
"264",1,1,2,0,1,0,0,1,0,1,1
"265",1,0,2,0,0,0,0,0,0,1,0
"266",1,0,0,0,0,0,0,0,0,1,0
"267",0,1,2,2,0,0,0,2,1,0,0
"268",0,1,2,0,0,0,0,0,0,0,0
"269",0,0,0,0,0,0,0,0,1,0,1
"270",1,1,2,2,1,1,0,2,1,1,1
"271",1,0,1,0,0,0,0,0,0,0,0
"272",1,0,2,0,0,0,0,0,0,0,1
"273",0,0,0,0,0,0,0,0,0,0,0
"274",0,1,2,0,0,0,0,0,1,0,1
"275",1,0,2,2,1,1,2,2,1,1,1
"276",0,0,2,0,0,0,1,0,0,0,0
"277",0,0,1,0,0,0,0,0,0,1,0
"278",0,0,2,1,1,1,0,0,0,0,1
"279",1,0,2,0,0,0,1,0,1,0,0
"280",0,1,2,0,0,0,1,0,1,0,1
"281",1,1,2,2,1,0,0,0,0,1,1
"282",1,0,2,0,0,0,0,0,1,1,1
"283",0,1,0,0,0,0,0,0,0,0,0
"284",1,0,2,0,0,0,0,0,0,1,0
"285",0,0,1,0,0,0,0,0,0,0,0
"286",1,1,2,2,0,1,1,0,1,1,1
"287",0,0,0,0,0,0,0,0,0,0,0
"288",1,0,2,0,0,0,0,0,0,1,1
"289",1,0,2,2,1,0,0,0,0,1,0
"290",1,1,0,0,0,0,0,0,0,1,1
"291",0,1,2,2,1,1,2,0,0,1,1
"292",1,0,0,0,0,0,0,0,0,1,0
"293",1,0,0,2,1,0,0,0,0,1,1
"294",1,1,0,0,0,0,0,2,0,1,1
"295",1,1,0,0,0,0,1,0,0,0,0
"296",1,1,2,2,0,0,0,0,1,1,1
"297",1,0,0,0,0,0,0,0,0,0,1
"298",1,1,2,2,1,1,0,2,1,1,1
"299",1,0,2,2,0,1,1,0,1,1,1
"300",0,0,0,0,0,0,0,0,0,0,1
"301",1,1,2,1,0,0,0,0,1,0,1
"302",1,0,1,0,0,0,0,0,1,1,1
"303",0,1,1,0,0,0,0,0,1,1,1
"304",0,0,2,0,0,0,0,0,0,1,0
"305",0,0,0,0,0,0,0,0,0,0,0
"306",0,1,2,0,0,0,0,0,0,1,0
"307",0,1,0,0,0,0,0,0,0,0,0
"308",1,1,2,2,0,0,0,0,0,0,1
"309",0,0,0,0,0,0,0,0,0,0,0
"310",1,0,2,2,1,0,1,0,1,1,1
"311",1,1,0,0,0,0,0,0,0,1,0
"312",0,0,2,0,0,0,0,0,1,1,0
"313",1,1,2,2,0,0,1,0,1,1,1
"314",0,0,0,0,0,0,0,0,0,0,0
"315",0,0,2,0,0,0,0,0,0,0,1
"316",0,0,0,0,0,0,0,0,0,1,0
"317",1,0,2,2,1,0,0,1,1,1,1
"318",0,0,0,0,0,0,0,0,1,0,0
"319",1,0,2,0,0,0,0,0,0,0,0
"320",0,0,2,0,0,0,0,0,0,0,1
"321",0,1,2,0,0,0,0,0,0,1,0
"322",1,0,0,0,0,0,0,0,0,1,0
"323",1,0,0,0,0,0,0,2,1,1,1
"324",1,1,2,2,0,1,2,0,1,1,1
"325",1,1,2,2,0,0,2,1,1,1,1
"326",1,0,0,0,0,0,0,0,0,1,0
"327",1,1,0,0,0,0,0,0,0,1,1
"328",1,1,2,2,1,0,0,0,1,1,1
"329",1,1,2,2,1,1,1,1,1,1,1
"330",0,1,2,0,0,0,0,2,0,1,0
"331",1,1,2,2,1,1,1,0,1,1,1
"332",1,1,0,0,0,0,0,0,1,0,0
"333",1,0,2,2,1,0,0,0,1,0,0
"334",1,1,2,2,0,1,0,0,1,1,1
"335",0,0,0,0,0,0,0,0,0,1,0
"336",1,1,0,0,0,0,0,0,0,0,0
"337",0,1,2,2,1,1,2,0,0,1,0
"338",1,0,2,0,0,0,0,0,0,1,1
"339",1,0,0,0,0,0,0,0,0,0,1
"340",1,1,0,0,0,0,0,0,0,0,0
"341",1,0,2,1,0,0,0,0,1,1,0
"342",1,0,2,0,0,0,1,0,0,1,1
"343",0,0,2,0,0,0,0,0,0,0,0
"344",0,0,0,0,0,0,0,0,0,0,0
"345",0,0,0,0,0,0,0,0,1,1,0
"346",1,0,0,0,0,0,0,0,0,0,0
"347",0,1,2,2,1,1,0,1,0,0,1
"348",0,0,1,0,0,0,0,1,1,0,1
"349",0,0,0,0,0,0,0,0,0,0,0
"350",1,0,2,0,0,0,0,0,0,1,1
"351",1,0,2,0,0,0,0,0,0,0,1
"352",0,0,2,0,0,0,0,0,0,1,0
"353",1,0,2,0,0,0,0,0,1,1,1
"354",0,1,0,1,0,0,0,0,0,0,1
"355",0,1,0,0,0,0,0,0,1,0,1
"356",1,1,2,2,1,1,1,2,1,1,1
"357",1,0,2,2,1,1,2,0,1,0,0
"358",1,0,2,2,0,0,1,2,0,1,1
"359",1,0,2,0,0,0,0,0,0,1,1
"360",1,0,2,0,0,0,0,0,0,0,1
"361",0,0,2,0,0,0,0,0,1,0,0
"362",1,0,1,2,0,0,0,0,1,0,1
"363",1,1,1,0,0,0,0,0,0,1,1
"364",1,1,2,0,0,0,0,0,0,1,0
"365",1,0,2,2,1,0,2,1,1,1,1
"366",1,0,2,0,0,0,0,0,0,1,0
"367",0,0,2,2,0,0,0,0,0,1,0
"368",0,1,2,0,0,0,0,0,0,0,1
"369",0,0,0,0,0,0,0,0,0,0,0
"370",1,0,0,0,0,0,0,0,1,1,0
"371",0,0,2,0,0,0,0,0,0,0,0
"372",1,0,2,2,1,1,0,0,0,1,1
"373",1,0,0,2,0,0,0,0,0,0,1
"374",0,0,0,0,0,0,0,0,1,0,0
"375",1,1,2,2,0,0,0,0,1,1,1
"376",1,1,2,2,0,0,1,0,0,0,1
"377",1,0,1,0,0,0,0,0,0,0,1
"378",1,1,2,2,0,0,2,0,1,1,1
"379",1,0,0,0,0,0,0,0,1,0,0
"380",1,0,0,0,0,0,0,0,0,0,0
"381",1,1,1,2,0,0,0,0,0,1,1
"382",0,1,0,0,0,0,0,0,0,1,0
"383",1,0,2,0,0,0,0,0,1,0,0
"384",1,0,0,0,0,0,0,0,0,0,0
"385",0,0,0,0,0,0,0,0,0,0,0
"386",0,0,0,NA,NA,NA,NA,NA,NA,NA,NA
"387",0,1,2,0,0,0,0,0,0,1,1
"388",1,0,2,2,1,0,0,0,1,0,0
"389",0,1,2,0,0,0,0,0,0,0,0
"390",1,0,2,0,0,0,0,2,0,0,1
"391",1,1,2,2,0,0,0,0,1,1,1
"392",1,0,0,0,0,0,0,2,0,0,1
"393",0,0,2,0,0,0,0,0,0,1,1
"394",0,1,2,0,0,0,0,0,0,1,1
"395",1,0,2,1,0,0,0,0,1,1,1
"396",1,0,2,0,0,0,1,0,0,0,0
"397",1,1,2,2,1,0,1,0,1,1,1
"398",0,1,0,0,0,0,0,0,0,1,0
"399",1,0,2,2,1,1,0,0,0,1,1
"400",0,1,0,0,0,0,0,2,0,1,1
"401",1,0,0,0,0,0,0,0,1,1,0
"402",1,0,0,2,0,0,0,0,0,0,0
"403",1,1,2,0,0,0,2,0,0,1,0
"404",1,1,2,0,0,0,0,0,1,0,1
"405",1,1,2,0,0,0,1,2,0,1,1
"406",1,0,0,0,0,0,0,0,1,1,1
"407",1,0,0,0,0,0,0,0,0,0,0
"408",1,0,2,0,0,0,0,0,1,0,1
"409",0,0,2,2,1,0,1,0,0,1,1
"410",1,1,2,2,1,1,0,1,1,1,1
"411",1,1,2,2,1,0,1,0,0,1,1
"412",1,0,2,2,0,1,2,2,1,1,1
"413",1,1,2,2,1,0,2,0,1,1,1
"414",1,0,2,2,0,0,0,0,1,1,0
"415",1,0,2,2,1,1,1,1,1,1,0
"416",1,1,2,2,0,1,2,2,1,1,1
"417",1,1,2,1,0,1,2,2,1,1,1
"418",1,0,2,2,0,1,0,0,0,1,1
"419",1,1,2,0,0,0,1,0,1,1,1
"420",1,0,2,2,0,0,0,2,0,0,1
"421",1,1,2,2,0,0,0,0,1,1,1
"422",0,0,2,2,1,0,0,2,1,1,1
"423",1,1,2,0,0,0,0,0,0,0,0
"424",1,1,2,2,1,1,1,2,1,1,1
"425",1,0,2,0,0,0,0,0,1,0,1
"426",0,1,0,0,0,0,0,0,1,0,0
"427",0,1,2,2,1,1,0,0,1,1,1
"428",1,0,2,0,0,0,0,0,0,1,1
"429",1,1,0,0,0,0,0,0,0,0,1
"430",0,0,0,0,0,0,0,0,0,0,1
"431",0,0,2,0,0,0,0,0,1,0,0
"432",0,0,2,2,0,0,0,0,1,1,1
"433",0,1,0,2,0,1,1,0,1,1,1
"434",1,0,0,0,0,0,0,0,0,0,0
"435",1,0,0,0,0,0,0,0,0,0,1
"436",0,0,2,0,0,0,0,0,0,0,0
"437",1,0,2,2,1,1,2,0,1,1,1
"438",1,1,2,2,1,1,0,1,0,1,1
"439",1,0,2,0,0,0,0,1,0,1,0
"440",1,0,2,0,0,0,0,1,1,1,0
"441",1,1,2,0,0,0,1,2,1,1,1
"442",1,0,1,0,0,0,0,0,0,0,0
"443",0,0,2,0,0,0,0,0,1,1,0
"444",0,1,2,2,1,0,0,0,0,0,0
"445",1,0,0,0,0,0,1,0,0,1,0
"446",1,1,1,0,0,0,0,0,0,1,1
"447",1,1,2,0,0,0,0,2,1,1,1
"448",1,0,2,2,0,0,0,2,1,1,1
"449",1,0,2,2,0,0,2,0,1,1,1
"450",1,0,2,0,0,0,0,0,0,0,0
"451",1,1,2,0,0,0,0,0,0,0,1
"452",1,0,2,0,0,0,0,0,0,1,0
"453",0,1,0,0,0,0,0,0,1,0,0
"454",1,1,2,2,0,0,1,0,1,1,1
"455",1,1,2,2,1,1,2,2,1,1,1
"456",0,1,0,0,0,0,0,0,0,0,1
"457",1,0,0,0,0,0,0,0,0,0,1
"458",0,0,2,0,0,0,0,0,1,0,1
"459",0,1,0,0,0,0,0,0,1,0,1
"460",1,1,2,2,1,1,2,0,1,1,0
"461",0,1,0,0,0,0,0,0,1,0,0
"462",0,1,0,0,0,0,0,0,1,0,1
"463",1,0,2,2,1,1,1,0,1,1,1
"464",1,1,2,0,0,0,0,0,0,0,1
"465",1,1,2,0,0,0,0,0,1,1,0
"466",1,0,2,0,0,0,0,2,0,1,0
"467",1,0,2,0,0,0,0,1,1,1,1
"468",0,1,2,2,1,1,0,0,0,0,1
"469",1,1,0,0,0,0,0,0,0,1,0
"470",1,0,0,0,0,0,0,0,0,1,1
"471",1,1,2,0,0,0,0,0,0,0,1
"472",1,1,0,0,0,0,1,0,1,1,1
"473",1,0,2,0,0,0,0,0,1,1,0
"474",1,0,2,0,0,0,0,0,1,0,1
"475",1,0,2,2,1,0,0,0,1,0,1
"476",1,0,2,0,0,0,0,0,0,0,1
"477",1,1,2,2,0,0,2,2,1,1,1
"478",1,1,2,2,1,0,1,2,1,1,1
"479",0,0,1,0,0,0,0,0,1,0,0
"480",1,0,0,0,0,0,0,0,1,1,1
"481",1,0,2,2,0,0,0,0,0,1,0
"482",1,0,0,0,0,0,0,0,1,1,0
"483",0,1,0,0,0,0,0,0,1,1,0
"484",1,1,2,2,1,1,1,2,0,1,1
"485",1,0,2,0,0,0,1,0,0,1,1
"486",0,0,0,0,0,0,0,2,1,1,0
"487",1,0,2,0,0,0,0,0,1,1,1
"488",1,0,2,2,1,0,0,0,1,1,0
"489",1,0,2,0,0,0,0,0,0,1,1
"490",1,1,2,2,1,1,2,2,1,1,1
"491",0,0,0,0,0,0,0,0,0,0,0
"492",0,1,2,0,0,0,0,0,0,0,0
"493",1,0,0,0,0,0,0,0,0,0,0
"494",0,0,1,0,0,0,0,0,0,0,0
"495",1,0,0,0,0,0,0,0,1,0,0
"496",0,1,1,0,0,0,0,0,0,1,0
"497",1,1,2,0,0,0,0,0,1,1,0
"498",0,1,0,0,0,0,0,0,0,0,0
"499",1,0,0,0,0,0,0,0,0,0,0
"500",1,0,0,0,0,0,0,0,0,1,0
"501",1,0,2,2,1,1,1,0,1,1,1
"502",1,1,2,0,0,0,1,0,0,1,1
"503",1,0,2,2,1,1,0,0,0,1,0
"504",1,0,2,0,0,0,0,0,0,0,0
"505",1,1,2,2,0,0,0,0,0,1,1
"506",1,1,2,0,0,0,0,2,1,1,1
"507",0,1,0,0,0,0,0,0,0,1,0
"508",0,1,0,0,1,0,0,0,0,0,1
"509",0,0,2,0,0,0,0,0,1,1,0
"510",0,0,0,0,0,0,0,0,0,1,0
"511",1,1,0,0,0,0,0,0,0,1,1
"512",0,0,2,0,0,0,0,0,0,0,0
"513",1,0,1,0,0,0,0,0,0,1,0
"514",1,1,2,2,0,1,2,2,1,1,1
"515",1,1,2,2,1,1,2,2,1,1,1
"516",1,0,2,2,1,1,2,0,1,1,1
"517",0,0,2,0,0,0,0,0,0,0,1
"518",1,1,2,0,1,0,0,0,0,0,1
"519",0,0,2,0,0,0,0,0,0,0,0
"520",1,1,2,2,1,0,2,0,1,1,0
"521",1,1,0,0,0,0,0,0,1,1,1
"522",1,0,0,0,0,0,0,0,1,0,1
"523",0,0,0,0,0,0,0,0,0,0,0
"524",0,0,1,0,0,0,0,0,0,0,0
"525",1,1,2,2,0,1,0,0,1,1,0
"526",1,0,2,2,1,0,2,2,1,1,1
"527",1,0,0,1,0,0,0,0,0,0,0
"528",1,0,2,0,0,0,0,2,0,0,1
"529",1,1,2,0,0,0,0,0,0,0,0
"530",0,0,2,0,0,0,0,0,0,1,0
"531",1,0,2,0,0,0,0,0,0,0,0
"532",1,0,2,2,1,1,1,0,1,1,1
"533",1,1,2,2,0,1,2,0,1,1,1
"534",1,0,1,0,0,0,0,0,0,0,1
"535",1,0,2,2,1,1,2,2,1,1,1
"536",0,0,2,2,0,0,1,2,1,1,0
"537",1,1,2,0,0,0,0,2,1,1,1
"538",1,1,2,2,1,1,2,2,1,1,1
"539",1,0,0,0,0,0,0,0,1,1,1
"540",1,1,2,2,1,1,0,2,0,1,1
"541",0,1,0,0,0,0,0,0,0,1,1
"542",1,1,0,0,0,0,0,0,0,0,0
"543",0,1,2,0,0,0,0,0,0,1,0
"544",1,1,0,0,0,0,0,0,1,0,1
"545",1,1,2,2,1,1,0,0,1,1,1
"546",0,1,2,0,0,0,1,0,1,1,1
"547",0,0,0,0,0,0,0,0,1,0,0
"548",1,1,2,2,1,0,2,2,1,0,1
"549",1,0,2,2,1,1,1,0,0,1,1
"550",1,0,1,0,0,0,0,0,0,1,1
"551",1,1,2,0,0,0,0,0,0,1,1
"552",1,1,2,1,0,0,0,0,0,1,1
"553",1,0,1,0,0,0,0,0,0,1,1
"554",1,1,1,0,0,0,0,0,1,0,0
"555",0,0,0,0,0,0,0,0,1,1,0
"556",1,0,0,0,0,0,0,0,0,NA,NA
"557",1,1,2,2,0,0,1,2,1,1,1
"558",1,0,2,2,0,0,0,0,1,1,1
"559",1,0,2,2,1,1,2,2,1,1,1
"560",0,1,2,2,1,1,2,2,1,1,1
"561",0,0,0,1,1,1,0,0,0,0,1
"562",1,0,2,0,0,0,0,0,1,1,1
"563",1,1,2,2,0,0,1,2,1,1,0
"564",1,0,2,0,0,0,0,0,0,1,0
"565",0,0,2,0,0,0,0,0,1,0,0
"566",0,1,0,0,0,0,0,0,0,1,0
"567",1,1,0,0,0,0,0,0,0,0,1
"568",1,0,2,0,0,0,0,0,0,1,0
"569",0,0,2,0,0,0,0,0,0,1,0
"570",1,0,0,0,1,1,0,0,0,1,1
"571",1,1,2,2,1,1,0,0,0,1,1
"572",1,1,0,0,0,0,0,0,0,0,0
"573",1,0,0,0,0,0,0,0,1,1,1
"574",0,0,1,0,0,0,0,0,0,1,0
"575",0,0,0,0,0,0,0,0,0,0,1
"576",0,0,0,0,0,0,0,0,0,0,1
"577",1,0,0,0,0,0,0,0,0,1,0
"578",1,0,2,0,0,0,0,0,0,0,0
"579",1,1,0,0,0,0,0,0,0,0,0
"580",1,0,2,0,0,0,0,0,0,1,0
"581",0,1,0,0,0,0,0,0,0,0,1
"582",1,1,1,2,0,0,0,0,0,1,1
"583",0,1,2,0,1,0,0,2,0,1,1
"584",0,NA,NA,NA,NA,NA,NA,NA,NA,NA,NA
"585",0,1,2,2,1,0,1,0,0,0,1
"586",0,1,2,2,1,0,1,0,1,1,1
"587",1,0,2,2,0,0,0,0,1,1,1
"588",0,1,1,0,0,0,0,0,1,0,1
"589",0,1,0,0,0,0,0,0,0,1,1
"590",1,1,0,0,0,0,0,2,0,1,1
"591",0,0,0,0,0,0,1,0,0,0,1
"592",0,0,0,0,0,0,0,0,0,1,1
"593",0,0,0,0,0,0,1,0,0,1,0
"595",1,0,2,0,0,0,0,0,1,0,0
"596",0,1,0,0,0,0,0,0,0,0,0
"597",1,0,0,2,0,0,0,0,0,1,0
"598",1,1,2,0,0,0,0,0,0,0,1
"599",1,1,1,2,0,0,0,0,0,1,1
"600",1,1,2,2,0,0,2,2,1,1,1
"601",1,0,2,2,1,1,2,2,1,1,1
"602",1,0,2,2,1,1,2,0,1,1,1
"603",1,1,2,2,1,1,2,2,1,1,1
"604",1,1,2,2,1,0,1,2,0,1,1
"605",1,1,2,2,1,1,1,0,1,1,1
"606",1,1,0,0,0,0,0,0,0,1,0
"607",1,1,2,2,1,0,1,0,0,1,1
"608",0,1,2,2,1,1,0,0,0,0,1
"609",1,1,0,0,0,0,0,0,0,0,1
"610",1,1,2,1,0,0,0,0,1,0,0
"611",1,0,2,2,0,0,0,0,0,0,1
"612",1,1,0,0,0,0,0,0,1,0,0
"613",1,1,2,0,0,0,0,0,0,1,1
"614",0,1,2,0,0,0,0,0,0,0,0
"615",1,1,2,0,0,0,0,0,1,1,0
"616",1,1,0,0,0,0,0,0,1,1,1
"617",1,0,2,2,1,1,2,2,1,1,1
"618",1,1,2,2,1,0,1,1,1,1,1
"619",1,1,2,0,0,0,2,0,1,1,1
"620",1,1,2,2,0,1,0,0,1,1,1
"621",0,1,0,0,0,0,0,0,0,0,1
"622",1,0,2,0,0,0,0,0,1,1,0
"623",0,0,2,0,0,0,0,0,0,0,0
"624",1,0,2,0,0,0,0,0,0,1,1
"625",1,0,0,0,0,0,0,0,1,1,1
"626",1,0,0,0,0,0,0,0,0,0,0
"627",1,0,0,0,0,0,0,0,1,0,0
"628",1,1,2,2,1,1,2,1,1,1,1
"629",1,0,2,2,1,1,1,0,1,1,1
"630",1,1,2,2,1,1,1,0,1,1,1
"631",1,1,2,2,1,0,1,2,1,1,1
"632",1,1,2,2,0,0,0,0,0,1,0
"633",0,1,2,2,1,0,0,0,0,1,0
"634",1,0,2,2,1,1,2,2,1,1,1
"635",1,0,2,2,1,0,2,0,1,1,1
"636",0,1,2,2,1,0,0,0,0,0,0
"637",1,1,2,2,1,1,2,0,1,1,1
"638",1,1,2,2,0,0,0,0,1,0,1
"639",1,0,0,1,0,0,0,0,0,1,1
"640",1,1,2,2,1,0,2,2,1,1,1
"641",1,1,2,2,1,1,1,2,1,1,1
"642",1,1,2,2,1,1,1,2,1,1,1
"643",1,0,2,2,1,1,0,2,1,1,1
"644",1,1,2,2,1,1,2,2,1,1,1
"645",0,0,0,0,0,0,0,0,1,0,1
"646",0,0,0,0,0,0,0,0,0,1,1
"647",0,0,0,0,0,0,0,0,0,0,0
"648",0,0,1,0,0,0,0,0,1,0,1
"649",0,1,0,0,0,0,0,0,0,0,0
"650",1,1,2,2,1,0,2,0,1,1,0
"651",1,0,2,2,0,0,0,0,1,1,1
"652",1,0,2,2,0,0,0,2,1,1,1
"653",0,0,2,0,0,0,0,0,0,0,0
"654",1,1,2,1,0,0,2,1,0,1,1
"655",1,1,2,2,1,1,0,0,1,1,1
"656",0,0,0,0,0,0,0,0,0,0,1
"657",1,1,0,0,0,0,0,0,0,0,0
"658",0,0,0,0,0,0,0,0,0,0,0
"659",1,1,2,0,0,0,0,0,1,0,1
"660",1,0,0,2,0,0,2,0,1,1,1
"661",0,0,2,0,0,0,0,0,0,1,0
"662",0,0,0,NA,NA,NA,NA,NA,NA,NA,NA
"663",0,0,0,2,0,0,1,0,0,0,1
"664",0,0,0,0,0,0,0,0,0,1,1
"665",1,0,1,0,0,0,0,0,0,0,0
"666",0,0,0,0,0,0,0,0,0,0,0
"667",0,0,2,0,0,0,0,0,0,0,1
"668",0,0,0,0,0,0,0,1,0,0,0
"669",1,0,0,0,0,0,0,0,0,0,0
"670",0,1,0,0,0,0,0,0,0,0,0
"671",0,0,0,0,0,0,0,0,0,0,1
"672",1,1,0,0,0,0,0,0,0,0,1
"673",0,0,2,0,0,0,0,0,0,0,1
"674",1,1,2,2,0,0,0,0,0,1,1
"675",0,1,1,0,0,0,0,0,0,1,1
"676",0,1,0,0,0,0,0,0,0,0,0
"677",0,0,2,2,0,0,0,0,0,NA,NA
"678",0,0,0,0,0,0,0,0,0,0,0
"679",0,1,2,0,1,0,1,2,1,1,0
"680",1,1,2,2,1,1,2,2,1,1,1
"681",0,0,0,0,0,0,0,0,0,0,1
"682",1,1,2,2,1,0,1,0,0,0,0
"683",1,1,2,2,0,0,0,0,1,1,1
"684",1,1,0,0,0,0,0,0,0,0,1
"685",0,0,0,0,0,0,0,0,0,0,0
"686",1,1,2,2,1,1,0,0,1,0,1
"687",0,1,0,0,0,0,0,0,0,0,0
"688",1,0,0,0,0,0,0,0,0,0,1
"689",0,1,2,0,0,0,0,0,0,0,0
"690",0,0,0,0,0,0,0,0,0,1,1
"691",1,1,0,0,0,0,1,2,0,0,1
"692",1,1,2,0,0,0,0,0,1,1,1
"693",0,0,0,0,0,0,0,0,1,0,0
"694",1,1,2,2,1,0,0,0,1,1,1
"695",0,1,2,0,0,0,0,0,0,1,0
"696",0,1,0,0,0,0,0,0,1,1,0
"697",1,0,2,2,1,0,0,0,0,1,1
"698",0,0,0,0,0,0,0,0,0,0,0
"699",1,1,2,2,0,0,1,0,1,1,1
"700",1,0,2,0,0,0,0,0,0,0,0
"701",0,1,0,0,0,0,0,0,0,1,1
"702",0,0,0,0,0,0,0,0,0,1,1
"703",0,0,0,0,0,0,0,0,0,0,0
"704",1,1,0,0,0,0,0,0,0,0,0
"705",1,0,2,1,0,0,0,0,0,1,0
"706",0,0,0,0,0,0,0,0,1,0,1
"707",1,1,2,0,0,0,0,0,1,0,1
"708",0,0,0,0,0,0,0,0,0,0,0
"709",1,0,0,0,0,0,0,0,0,1,0
"710",1,1,2,2,1,1,2,2,1,1,1
"711",1,0,2,0,0,0,0,0,0,0,0
"712",0,0,0,0,0,0,0,0,0,1,0
"713",1,0,2,2,1,0,0,0,0,1,1
"714",1,0,2,2,0,0,0,0,0,0,0
"715",1,1,2,2,1,1,0,0,0,1,0
"716",1,0,0,0,0,0,1,0,0,1,0
"717",1,1,2,2,1,1,0,0,1,1,0
"718",1,0,2,0,0,0,0,0,1,0,1
"719",1,1,0,1,0,0,0,0,1,0,1
"720",1,1,2,2,1,0,0,0,1,1,1
"721",0,0,0,1,0,0,0,0,0,0,0
"722",1,1,0,0,0,0,0,0,0,1,0
"723",1,1,2,2,1,0,0,1,0,0,1
"724",1,0,0,0,0,0,0,0,0,1,1
"725",0,0,2,0,0,0,0,0,0,1,1
"726",1,1,2,0,0,0,0,0,1,0,0
"727",0,0,0,0,0,0,0,0,0,0,0
"728",0,0,0,0,0,0,0,0,0,1,0
"729",0,1,2,0,0,0,0,0,0,1,1
"730",1,0,0,0,0,0,0,0,1,1,1
"731",1,1,2,2,1,1,1,0,0,1,1
"732",1,1,0,2,0,0,0,0,0,1,0
"733",0,1,0,0,0,0,0,0,0,1,1
"734",1,0,0,0,0,0,0,0,0,1,1
"735",0,0,2,2,1,1,0,0,1,1,1
"736",1,0,2,0,0,0,1,0,0,1,1
"737",1,1,2,2,1,1,0,0,1,1,1
"738",1,0,2,2,0,0,1,0,0,1,1
"739",1,1,2,2,0,0,1,2,1,1,0
"740",1,0,2,2,1,0,0,0,1,1,1
"741",1,0,2,2,1,1,0,2,1,1,1
"742",1,0,2,0,0,0,2,2,1,1,1
"743",1,0,2,1,0,0,0,0,1,1,0
"744",0,1,0,0,0,0,0,0,0,1,0
"745",1,0,0,0,0,0,0,0,0,0,0
"746",1,1,0,0,0,0,0,0,1,0,0
"747",1,1,2,2,1,0,0,0,0,0,1
"748",1,1,2,0,0,0,0,0,1,1,0
"749",0,0,2,0,0,0,0,0,0,0,1
"750",0,1,2,2,1,0,0,0,1,1,1
"751",0,0,0,0,0,0,0,0,0,0,0
"752",1,0,2,0,0,0,0,0,1,0,0
"753",1,1,2,2,1,1,2,1,1,1,1
"754",1,0,2,0,0,0,0,0,1,0,0
"755",1,0,2,0,0,0,0,0,0,0,0
"756",1,1,2,0,0,0,0,0,0,1,1
"757",0,0,0,0,0,0,0,0,0,0,0
"758",0,0,0,0,0,0,0,0,1,0,1
"759",1,1,0,0,0,0,0,0,0,1,1
"760",1,1,0,0,0,0,0,0,0,0,0
"761",1,0,0,0,1,0,0,0,0,0,0
"762",1,0,0,0,0,0,0,0,0,0,0
"763",1,1,0,0,0,0,0,0,0,0,0
"764",0,1,2,0,0,0,0,0,0,0,0
"765",0,0,0,0,0,0,0,0,0,0,1
"766",0,1,0,0,0,0,0,0,1,0,0
"767",1,0,0,0,0,0,0,0,0,1,0
"768",1,1,1,0,0,0,0,0,0,0,0
"769",1,0,2,2,1,1,2,2,1,1,1
"770",1,0,2,2,1,1,1,0,0,1,1
"771",1,0,2,2,1,1,2,0,1,1,1
"772",1,1,2,2,1,0,0,0,1,1,0
"773",1,0,2,0,0,0,0,0,0,0,0
"774",1,0,0,0,0,0,0,0,0,1,0
"775",0,1,2,1,0,0,0,0,0,0,0
"776",1,0,0,0,0,0,0,0,1,1,0
"777",1,1,2,2,0,0,0,0,1,1,0
"778",1,1,2,2,1,1,2,2,1,1,1
"779",1,0,2,0,1,0,1,2,1,1,1
"780",0,1,0,0,0,0,0,0,1,1,0
"781",1,0,2,2,1,1,1,2,0,1,1
"782",1,0,2,2,0,0,0,0,0,1,1
"783",1,0,2,2,0,1,0,0,NA,NA,NA
"784",0,1,0,0,0,0,0,0,0,0,0
"785",0,1,2,0,0,0,0,0,1,0,1
"786",0,1,2,2,0,0,NA,NA,NA,NA,NA
"787",0,1,2,0,0,0,0,0,0,NA,NA
"788",1,1,2,2,1,0,1,0,0,1,1
"789",0,0,0,0,0,0,0,0,0,1,0
"790",0,1,0,0,0,0,0,0,0,1,0
"791",1,0,0,0,0,0,0,0,NA,NA,NA
"792",0,1,0,0,0,0,0,0,0,0,0
"793",0,0,0,0,0,0,0,0,0,0,0
"794",1,1,0,0,0,0,0,0,1,1,1
"795",0,0,0,0,0,0,0,0,0,1,1
"796",0,1,0,1,0,0,0,0,1,1,1
"797",1,1,0,2,0,0,0,0,0,0,1
"798",1,1,0,0,0,0,0,0,1,0,0
"799",1,1,2,2,1,0,0,0,0,1,1
"800",0,0,2,0,0,0,1,0,1,0,0
"801",1,1,2,0,0,0,0,0,0,1,1
"802",1,0,2,2,1,0,0,0,0,1,1
"803",1,0,2,2,0,0,0,0,0,0,0
"804",0,0,0,0,0,0,0,0,0,0,0
"805",1,1,0,1,0,0,0,0,0,1,0
"806",0,0,0,0,0,0,0,0,0,0,0
"807",1,1,2,0,0,0,0,0,0,1,1
"808",0,1,0,0,0,0,0,0,0,1,0
"809",1,1,2,0,0,0,0,1,0,1,0
"810",0,0,2,2,1,0,0,0,0,1,0
"811",1,1,2,0,0,0,0,0,0,0,0
"812",0,0,0,0,0,0,0,0,0,0,1
"813",1,0,0,0,0,0,0,0,0,0,1
"814",1,0,2,2,1,0,1,0,1,1,0
"815",1,1,0,2,0,1,2,2,1,1,1
"816",1,0,2,0,0,0,0,0,0,1,1
"817",1,0,2,2,0,1,0,2,0,1,1
"818",1,1,2,0,0,0,1,0,0,0,1
"819",1,0,1,0,0,0,0,0,0,1,0
"820",0,1,0,0,0,0,0,0,0,1,0
"821",1,1,0,0,0,0,0,0,1,1,1
"822",0,0,1,0,0,0,0,0,0,1,1
"823",0,1,2,1,0,0,0,0,0,1,1
"824",1,1,0,0,0,0,0,0,0,1,1
"825",1,1,2,0,0,0,0,0,0,0,0
"826",1,1,1,0,0,0,0,0,1,0,0
"827",1,1,2,0,0,0,0,0,1,1,1
"828",1,1,2,0,0,0,0,0,0,1,1
"829",1,1,0,0,0,0,0,0,0,0,0
"830",1,0,0,0,0,0,0,0,0,0,1
"831",1,1,2,0,0,0,0,0,1,0,0
"832",1,0,2,0,0,0,1,2,0,1,1
"833",1,1,0,0,0,0,0,0,0,0,0
"834",1,0,2,0,0,0,0,0,0,1,1
"835",0,1,0,0,0,0,0,0,0,0,0
"836",1,0,1,0,0,0,0,0,0,1,0
"837",1,0,0,0,0,0,0,0,0,0,0
"838",1,0,2,0,0,0,0,0,0,1,1
"839",1,1,0,0,0,0,0,0,0,1,1
"840",0,1,1,0,0,0,0,0,0,1,0
"841",1,0,2,0,0,0,0,0,0,0,1
"842",1,1,2,2,1,0,2,2,1,1,1
"843",0,1,2,0,1,0,0,0,1,1,0
"844",1,0,2,2,0,0,1,0,1,1,1
"845",1,1,2,2,1,0,1,2,0,1,1
"846",1,1,2,2,0,0,0,0,0,1,0
"847",0,0,2,0,0,0,0,0,1,0,1
"848",1,1,2,2,1,1,2,0,1,1,1
"849",1,0,0,0,0,0,0,0,0,0,0
"850",1,1,0,0,0,0,0,0,1,1,1
"851",0,1,2,2,1,0,1,0,1,1,1
"852",1,0,0,2,0,0,1,0,0,1,1
"853",1,0,2,0,0,0,0,0,1,1,1
"854",0,0,0,0,0,0,0,0,0,0,1
"855",0,1,0,0,0,0,0,0,0,0,0
"856",0,0,0,0,0,0,0,0,1,1,0
"857",0,0,0,0,0,0,0,0,0,0,0
"858",0,1,0,0,0,0,0,0,1,0,1
"859",0,0,0,0,0,0,0,0,0,0,1
"860",1,1,2,0,0,0,0,0,1,0,1
"861",1,0,0,0,0,0,0,0,0,1,1
"862",1,0,0,0,0,0,0,0,0,1,1
"863",1,0,0,0,0,0,0,0,0,1,0
"864",1,1,0,0,0,0,0,0,0,0,0
"865",1,1,1,0,0,0,0,0,0,0,0
"866",1,0,2,2,1,0,0,0,1,1,0
"867",0,0,2,0,NA,NA,NA,NA,NA,NA,NA
"868",1,0,2,0,0,0,0,0,0,1,1
"869",0,0,2,0,0,0,0,0,0,0,0
"870",1,0,2,2,0,0,1,0,1,1,0
"871",1,0,0,0,0,0,0,0,0,0,0
"872",1,0,2,2,0,0,0,0,0,1,1
"873",1,0,0,0,0,0,0,0,0,0,1
"874",0,1,0,0,0,0,0,0,0,1,0
"875",1,0,0,0,0,0,0,0,0,0,0
"876",0,0,0,0,0,0,0,0,0,1,1
"877",1,1,0,0,0,0,0,0,0,0,0
"878",1,1,2,0,0,0,0,0,0,0,0
"879",1,1,2,2,1,1,1,0,0,1,1
"880",1,0,2,2,1,1,2,2,1,1,1
"881",1,0,2,0,0,0,0,0,1,1,0
"882",1,1,2,0,0,0,0,0,0,1,1
"883",0,0,0,0,0,0,0,0,0,0,0
"884",0,0,0,0,0,0,0,0,1,0,1
"885",0,0,2,0,0,0,0,0,0,1,0
"886",0,0,0,0,0,0,0,0,0,0,0
"887",0,1,0,0,0,0,0,0,0,0,1
"888",0,0,0,0,0,0,0,0,0,0,0
"889",1,0,2,2,1,1,2,2,1,1,1
"890",1,0,2,0,0,0,0,0,1,1,1
"891",0,1,2,2,0,0,0,0,1,1,0
"892",0,1,0,0,0,0,0,0,0,0,1
"893",0,0,0,0,0,0,0,0,0,0,1
"894",0,0,0,0,0,0,0,0,0,0,0
"895",0,0,0,0,0,0,0,0,0,0,0
"896",0,0,0,0,NA,NA,NA,NA,NA,NA,NA
"897",0,1,0,0,0,0,0,0,0,1,1
"898",1,0,0,0,0,0,0,0,0,0,0
"899",0,1,0,0,0,0,0,0,0,0,1
"900",0,0,2,0,0,0,0,0,0,0,1
"901",0,0,0,0,0,0,0,0,1,1,1
"902",0,0,0,0,0,0,0,0,0,0,1
"903",0,0,0,0,0,0,0,0,0,1,0
"904",1,0,0,0,0,0,0,0,0,0,0
"905",0,1,2,0,0,0,0,0,0,0,1
"906",0,1,1,0,1,0,0,2,1,0,0
"907",0,1,0,0,0,0,0,0,1,0,1
"908",0,0,2,0,0,0,0,0,0,0,0
"909",0,1,0,0,0,0,0,0,1,0,1
"910",0,0,0,0,0,0,0,0,0,1,0
"911",0,0,2,0,0,0,0,0,0,1,1
"912",1,1,0,1,0,0,0,0,0,1,0
"913",1,0,0,0,0,0,0,0,1,1,0
"914",1,0,0,0,0,0,0,0,0,0,0
"915",1,1,0,0,0,0,0,0,0,0,1
"916",1,0,0,0,0,0,0,0,0,1,1
"917",1,1,2,2,0,1,2,0,1,1,1
"918",1,1,2,2,0,0,1,2,1,1,1
"919",0,0,0,0,0,0,0,0,0,0,0
"920",1,0,0,0,0,0,0,0,1,1,1
"921",1,0,2,2,1,1,2,2,1,1,0
"922",1,0,2,2,0,1,2,2,1,1,1
"923",0,0,2,2,1,0,0,0,1,1,1
"924",0,0,0,0,0,0,0,0,1,0,0
"925",1,0,2,0,0,0,0,0,0,0,0
"926",1,1,2,2,1,1,2,2,1,1,1
"927",0,1,2,2,0,0,1,0,1,1,1
"928",1,1,2,2,1,1,0,0,0,1,1
"929",1,1,2,2,0,0,0,2,0,1,0
"930",1,0,2,0,0,0,0,0,1,0,1
"931",1,1,2,2,1,1,2,0,1,1,1
"932",1,1,2,2,1,1,2,1,1,1,1
"933",1,0,2,0,0,0,0,0,0,1,0
"934",1,0,2,2,1,0,0,0,1,0,0
"935",0,0,2,2,1,1,2,2,1,1,1
"936",1,0,2,2,1,0,2,2,1,1,1
"937",0,0,0,0,0,0,0,0,0,1,1
"938",0,1,2,0,1,0,0,0,1,0,0
"939",1,1,1,2,0,0,0,0,1,0,1
"940",1,1,0,0,0,0,0,0,1,1,0
"941",1,0,2,2,0,0,1,0,1,1,0
"942",1,1,2,0,0,0,0,2,0,1,1
"943",1,0,1,0,0,0,0,0,1,1,0
"944",0,0,0,0,0,0,0,0,0,1,1
"945",0,1,0,0,0,0,0,0,0,0,1
"946",0,1,2,0,0,0,0,0,0,0,0
"947",1,1,1,2,1,0,0,0,1,1,0
"948",1,1,2,0,0,0,0,0,0,1,1
"949",0,1,2,2,0,0,0,1,1,1,1
"950",1,1,2,2,1,1,2,2,1,1,1
"951",1,0,0,0,0,0,0,0,0,0,0
"952",0,1,2,2,1,0,0,0,0,0,0
"953",1,1,2,0,NA,NA,NA,NA,NA,NA,NA
"954",1,0,2,2,1,0,0,0,1,1,0
"955",0,0,2,0,0,0,0,0,0,0,1
"956",0,0,0,0,0,0,0,0,1,0,0
"957",1,1,0,0,0,0,0,0,1,0,1
"958",0,0,2,2,0,0,0,0,0,0,0
"959",0,0,1,0,0,0,0,0,0,0,0
"960",0,0,0,0,0,0,0,0,0,1,1
"961",0,0,0,0,0,0,0,0,0,0,0
"962",1,0,2,0,0,0,0,0,1,1,1
"963",0,0,0,0,0,0,0,0,1,1,1
"964",0,1,0,0,0,0,0,0,1,0,0
"965",0,1,0,0,0,0,0,0,1,0,1
"966",0,0,2,2,0,0,1,2,0,1,0
"967",1,1,2,2,0,1,2,2,1,1,1
"968",1,1,0,0,0,0,0,1,0,1,1
"969",1,1,2,2,1,1,1,1,1,1,1
"970",1,0,2,2,1,0,0,0,1,1,1
"971",0,0,0,0,0,0,0,0,0,0,0
"972",0,1,0,0,0,0,0,0,0,0,1
"973",1,0,2,2,0,1,1,0,1,1,1
"974",0,1,0,0,0,0,0,0,0,0,0
"975",1,0,0,0,0,0,0,0,1,0,1
"977",1,0,1,0,0,0,0,0,0,1,0
"978",0,1,2,0,0,0,0,0,1,0,0
"979",1,1,2,2,0,1,2,0,0,1,1
"980",0,1,1,0,0,0,0,0,0,1,1
"981",1,0,2,0,0,0,0,0,0,0,1
"982",0,0,0,0,0,0,0,1,0,1,0
"983",1,1,2,2,1,0,1,0,1,1,1
"984",1,0,2,2,0,0,0,0,0,1,1
"985",1,0,0,0,0,0,0,0,0,0,1
"986",0,0,0,0,0,0,0,0,0,1,0
"987",1,1,2,0,0,0,1,0,0,1,1
"988",1,0,2,0,0,0,0,0,1,1,0
"989",1,0,0,2,0,0,0,2,1,0,1
"990",1,1,2,2,1,1,1,0,1,1,1
"991",1,1,2,2,0,0,0,0,0,1,1
"992",1,1,0,2,0,0,1,0,0,1,1
"993",1,0,2,2,1,0,0,0,0,0,1
"994",0,1,0,0,0,0,0,0,1,1,1
"995",1,0,2,2,0,0,0,0,1,0,0
"996",1,0,0,0,0,0,0,0,0,0,0
"997",1,0,2,0,0,0,0,0,0,1,1
"998",1,1,2,2,1,1,1,0,0,1,1
"999",1,1,2,0,0,0,0,0,0,1,0
"1000",1,0,2,2,1,0,0,0,1,1,1
"1001",1,0,0,0,0,0,0,0,0,0,0
"1002",0,1,2,0,0,0,0,0,0,0,1
"1003",0,0,0,1,0,0,0,0,0,0,0
"1004",1,0,0,0,0,0,0,0,0,0,0
"1005",1,1,0,NA,NA,NA,NA,NA,NA,NA,NA
"1006",0,0,2,0,0,0,1,1,1,1,1
"1007",1,0,0,0,0,0,0,0,1,0,1
"1008",1,1,2,2,1,0,0,1,0,1,0
"1009",1,0,2,0,0,0,0,0,1,0,0
"1010",1,1,2,0,0,0,0,0,1,1,1
"1011",1,0,0,0,0,0,0,0,0,0,0
"1012",1,0,2,2,0,0,2,2,1,1,1
"1013",0,0,2,1,0,0,0,0,1,0,0
"1014",1,0,2,2,1,1,2,0,1,1,1
"1015",0,0,0,0,0,0,0,0,1,0,0
"1016",0,0,2,0,0,0,0,0,0,0,1
"1017",0,1,0,0,0,0,0,0,0,1,1
"1018",1,1,2,2,1,1,0,0,1,1,0
"1019",1,0,2,2,1,1,1,0,1,1,1
"1020",0,0,0,0,0,0,0,0,1,0,0
"1021",1,0,0,0,0,0,0,0,0,0,0
"1022",1,1,1,0,0,0,0,0,0,0,1
"1023",0,1,0,0,0,0,0,0,0,0,0
"1024",1,0,0,0,0,0,0,0,0,0,0
"1025",1,0,0,0,0,0,0,0,0,0,1
"1026",0,0,0,0,0,0,0,0,1,1,1
"1027",1,0,0,0,0,0,0,0,1,0,0
"1028",1,1,2,0,0,0,0,0,0,0,0
"1029",0,1,2,2,1,1,0,NA,NA,NA,NA
"1030",0,0,2,0,0,0,0,0,0,0,0
"1031",0,1,0,0,0,0,0,0,0,0,1
"1032",1,0,2,2,0,0,1,0,1,1,0
"1033",1,0,2,2,1,1,1,1,1,1,0
"1034",1,1,2,2,1,1,2,2,1,1,1
"1035",1,1,0,0,0,0,1,0,1,1,1
"1036",0,0,0,0,0,0,0,0,0,0,0
"1037",1,0,2,0,0,0,0,0,0,0,1
"1038",1,1,2,1,0,0,1,0,0,1,1
"1039",0,1,1,0,0,0,0,0,0,0,1
"1040",1,1,2,0,0,0,0,0,0,1,0
"1041",1,0,0,0,0,0,0,0,1,0,0
"1042",0,0,1,0,0,0,0,0,0,0,1
"1043",1,0,2,0,0,0,0,2,1,0,1
"1044",1,1,2,2,1,1,2,0,1,1,1
"1045",1,0,2,0,0,0,0,0,0,0,0
"1046",1,1,2,0,0,1,0,2,1,1,1
"1047",1,1,2,2,1,1,2,0,1,1,1
"1048",1,0,2,2,1,0,0,0,1,0,0
"1049",1,0,2,0,0,0,0,0,0,0,0
"1050",1,1,2,1,0,0,0,0,0,0,1
"1051",1,1,2,2,1,1,1,0,1,1,0
"1052",0,1,2,0,0,0,0,0,0,1,1
"1053",0,0,0,0,0,0,0,0,0,0,0
"1054",0,0,0,2,0,1,2,2,1,1,1
"1055",1,1,0,1,0,1,0,2,1,1,1
"1056",1,0,0,0,0,0,0,0,0,0,1
"1057",1,0,0,2,1,1,2,2,1,1,1
"1058",0,0,2,2,0,0,0,0,1,0,1
"1059",1,0,2,2,1,1,2,2,1,1,1
"1060",0,0,0,0,0,0,0,0,0,1,0
"1061",1,1,2,2,1,0,0,2,1,0,1
"1062",0,0,2,2,1,1,2,2,0,1,0
"1063",0,1,2,2,1,1,2,2,1,1,1
"1064",1,1,2,2,1,0,2,2,1,1,1
"1065",1,1,2,2,1,0,0,1,1,1,1
"1066",1,1,2,2,1,1,2,2,1,1,1
"1067",1,1,2,2,1,1,2,2,1,1,1
"1068",1,1,2,2,1,0,2,0,1,1,1
"1069",1,1,2,2,1,1,2,2,1,1,1
"1070",1,0,2,2,1,1,0,2,1,1,1
"1071",1,1,2,2,1,1,2,2,1,1,1
"1072",0,1,2,2,0,1,0,0,1,1,1
"1073",1,0,2,2,1,1,2,2,1,1,1
"1074",1,1,2,2,0,1,2,2,1,1,1
"1075",1,1,2,2,1,1,2,2,1,1,1
"1076",1,1,2,2,1,1,2,2,1,1,1
"1077",1,1,2,0,0,0,0,0,1,0,1
"1078",1,0,2,2,0,0,2,2,1,1,0
"1079",1,0,2,2,1,1,2,2,1,1,1
"1080",0,1,2,2,1,1,0,2,1,1,1
"1081",1,1,2,2,0,1,1,2,1,1,1
"1082",1,0,2,2,0,1,1,2,1,1,1
"1083",1,1,2,2,0,1,2,2,1,1,1
"1084",1,0,2,2,1,1,2,2,1,1,1
"1085",1,0,2,2,1,1,2,2,1,1,1
"1086",1,0,2,2,1,0,0,2,1,1,0
"1087",1,0,2,2,1,1,2,2,1,1,1
"1088",1,1,2,2,1,0,2,2,1,1,1
"1089",1,1,2,2,1,1,2,2,1,1,1
"1090",1,1,2,2,1,1,2,2,1,1,1
"1091",1,1,2,2,1,1,2,2,1,1,1
"1092",1,1,2,2,1,1,2,2,1,1,1
"1093",1,1,2,2,1,1,2,2,1,1,1
"1094",0,0,2,2,1,1,1,2,1,0,1
"1095",1,1,2,2,1,1,2,2,1,1,1
"1096",1,1,2,2,0,0,2,2,1,1,1
"1097",0,0,2,2,1,1,2,2,1,1,1
"1098",0,1,2,2,1,1,1,0,1,1,1
"1099",0,0,2,2,1,1,1,2,1,1,1
"1100",0,0,0,0,0,0,0,0,1,0,1
"1101",1,1,2,2,1,1,2,2,1,1,1
"1102",1,0,2,2,1,1,2,2,1,1,1
"1103",1,0,0,1,0,0,0,2,1,0,1
"1104",1,0,0,0,0,0,0,0,1,1,1
"1105",1,1,2,2,1,1,2,0,1,1,1
"1106",1,1,2,2,1,1,1,2,1,1,1
"1107",0,1,1,0,0,1,0,0,1,1,0
"1108",0,1,2,0,0,0,0,2,1,1,1
"1109",1,1,2,2,1,1,2,2,1,1,1
"1110",0,0,0,0,0,0,0,0,1,0,0
"1111",1,0,2,2,1,1,2,2,1,1,1
"1112",1,0,0,0,0,0,0,0,1,0,1
"1113",0,1,0,0,0,0,0,2,0,0,0
"1114",0,0,2,0,0,0,0,0,1,0,0
"1115",1,1,2,2,0,0,2,0,1,1,1
"1116",1,1,2,2,1,1,2,2,1,1,1
"1117",0,1,0,0,0,0,0,0,0,1,1
"1118",1,0,2,2,1,1,2,2,1,1,1
"1119",1,1,2,2,1,1,2,2,1,1,1
"1120",1,1,2,2,1,0,2,0,1,1,1
"1121",1,1,1,2,1,0,1,0,1,1,0
"1122",1,0,2,2,1,0,2,2,1,1,1
"1123",1,1,2,2,0,1,2,2,1,1,1
"1124",0,1,0,2,0,1,1,2,1,1,1
"1125",1,1,2,2,1,1,2,2,1,1,1
"1126",1,0,2,2,0,1,2,2,1,1,1
"1127",1,0,2,2,1,0,1,2,1,1,1
"1128",1,1,2,2,1,1,1,2,1,1,1
"1129",1,1,2,2,1,1,2,2,1,1,1
"1130",1,1,2,2,1,1,1,2,1,1,1
"1131",1,1,2,2,0,1,1,2,1,1,1
"1132",1,1,2,2,1,1,2,2,1,1,1
"1133",1,1,2,2,1,1,2,2,1,1,1
"1134",1,0,2,2,1,1,2,2,1,1,1
"1135",1,1,2,2,1,1,2,2,1,1,1
"1136",1,1,2,2,1,1,2,2,1,1,1
"1137",0,0,0,0,0,0,0,0,0,0,0
"1138",1,1,2,2,1,1,2,2,1,1,1
"1139",1,1,2,2,1,0,0,2,0,1,0
"1140",1,0,2,2,1,0,2,2,1,0,1
"1141",1,1,2,2,1,1,1,2,1,1,1
"1142",0,0,2,0,0,0,1,2,1,1,0
"1143",1,1,2,2,0,1,2,2,1,1,1
"1144",1,1,2,2,1,1,2,2,1,1,1
"1145",1,1,2,2,1,1,2,2,1,1,1
"1146",1,1,2,2,1,1,2,2,0,1,1
"1147",1,1,2,2,1,1,2,2,1,1,1
"1148",0,1,2,2,0,0,2,0,1,1,1
"1149",1,0,2,2,1,1,2,0,0,1,1
"1150",1,0,2,2,1,1,2,2,1,1,1
"1151",1,0,2,0,0,0,2,2,0,1,1
"1152",1,1,2,2,1,1,0,2,1,1,1
"1153",1,0,2,0,1,0,0,0,0,0,0
"1154",1,1,2,0,1,0,2,0,1,1,1
"1155",1,1,2,2,0,0,1,2,1,1,1
"1156",0,0,2,2,1,1,1,2,1,1,1
"1157",1,0,2,2,0,0,1,2,1,1,1
"1158",0,0,2,2,1,0,1,0,1,1,1
"1159",1,1,2,0,0,0,2,2,1,1,1
"1160",1,1,2,2,1,1,2,2,1,1,1
"1161",1,1,2,2,1,0,1,2,0,1,1
"1162",1,1,2,2,0,1,1,2,1,1,1
"1163",0,1,2,0,0,0,0,0,1,0,0
"1164",0,0,2,2,0,0,2,2,1,1,1
"1165",1,1,2,2,1,1,2,2,1,1,1
"1166",1,0,2,2,1,1,1,2,1,1,1
"1167",0,0,2,1,0,0,0,0,1,0,1
"1168",1,0,2,0,1,0,1,2,1,1,1
"1169",1,1,2,2,1,1,2,2,1,1,1
"1170",1,1,2,2,1,1,2,2,1,1,1
"1171",0,0,0,0,0,0,0,0,1,0,1
"1172",1,1,2,2,1,1,2,2,1,1,1
"1173",0,1,0,0,0,0,0,0,0,1,0
"1174",1,1,2,2,1,1,2,2,1,1,1
"1175",1,1,2,2,0,0,2,0,1,1,1
"1176",1,1,2,2,1,1,2,2,1,1,1
"1177",1,0,2,2,0,0,1,0,0,1,1
"1178",0,1,2,2,1,1,1,0,1,0,1
"1179",0,1,2,2,1,1,2,2,1,1,1
"1180",1,0,2,2,0,1,2,2,1,1,1
"1181",1,1,2,2,1,1,2,2,1,1,1
"1182",1,0,2,2,1,0,0,0,1,1,1
"1183",1,0,0,0,0,0,0,0,1,0,0
"1184",1,1,2,2,1,1,2,2,1,1,1
"1185",1,1,2,2,1,1,2,2,1,1,1
"1186",0,0,0,1,0,0,0,0,0,0,0
"1187",1,1,2,2,1,1,2,2,1,1,1
"1188",1,0,2,0,0,0,2,2,1,1,1
"1189",1,1,2,2,1,1,2,2,1,1,0
"1190",0,1,2,2,1,1,1,0,1,1,1
"1191",1,1,2,2,1,1,2,2,1,1,0
"1192",1,0,2,2,1,0,2,2,1,1,1
"1193",1,1,0,0,0,0,0,0,1,1,0
"1194",1,0,0,2,0,1,2,2,1,1,0
"1195",1,1,2,2,1,0,2,2,1,1,1
"1196",1,1,2,2,0,1,2,2,1,1,1
"1197",0,1,2,2,1,1,2,2,1,1,1
"1198",1,0,2,2,1,0,2,2,0,1,1
"1199",1,1,2,1,1,0,1,2,1,1,1
"1200",1,0,2,2,1,1,1,2,1,1,1
"1201",1,0,2,2,1,1,2,2,1,1,1
"1202",1,1,2,2,1,1,2,2,1,1,1
"1203",0,0,2,2,0,0,0,1,1,0,1
"1204",1,1,2,2,1,1,2,2,1,1,1
"1205",0,1,2,1,1,0,1,0,1,1,1
"1206",1,1,2,2,1,1,1,2,1,1,1
"1207",0,1,2,2,1,1,0,0,0,1,0
"1208",0,0,2,2,1,1,2,2,1,1,1
"1209",1,1,2,2,1,1,2,2,1,1,1
"1210",0,0,2,1,0,0,1,0,1,0,1
"1211",1,0,2,0,0,0,1,0,1,0,1
"1212",0,1,2,0,0,0,0,0,0,0,0
"1213",0,0,0,0,0,0,0,0,1,0,0
"1214",1,0,2,2,0,1,2,2,1,1,1
"1215",0,0,0,0,0,0,0,0,0,0,1
"1216",1,1,2,0,0,0,1,0,1,0,0
"1217",0,0,2,2,0,0,1,2,0,0,0
"1218",1,1,2,2,0,1,1,2,0,1,1
"1219",0,0,2,2,1,1,2,0,1,1,1
"1220",0,1,2,2,0,0,2,2,1,1,1
"1221",1,1,2,2,1,1,2,2,1,1,0
"1222",1,1,2,2,0,0,2,2,1,0,1
"1223",1,1,2,2,1,1,2,2,1,1,1
"1224",1,1,2,2,1,1,2,2,1,1,1
"1225",1,1,2,2,1,1,2,2,1,1,1
"1226",1,1,2,2,0,1,2,2,1,1,1
"1227",1,1,2,2,1,1,2,2,1,1,1
"1228",1,0,2,2,1,1,2,2,1,1,1
"1229",1,0,2,2,1,1,2,2,1,1,1
"1230",1,1,2,2,1,1,2,2,1,1,1
"1231",1,1,2,2,1,1,2,2,1,1,1
"1232",1,1,2,2,1,1,2,2,1,1,1
"1233",1,1,2,0,0,1,2,2,1,1,1
"1234",1,1,2,2,1,1,2,2,1,1,1
"1235",1,1,2,2,1,1,2,2,1,1,1
"1236",1,1,2,2,1,0,2,2,1,1,1
"1237",1,1,2,2,1,1,2,2,1,1,1
"1238",1,1,2,2,1,1,2,2,1,1,1
"1239",0,1,2,0,0,0,0,0,0,1,1
"1240",1,1,0,2,0,1,2,2,1,1,1
"1241",1,0,2,0,0,0,0,2,1,1,1
"1242",1,0,2,2,1,1,2,2,1,1,1
"1243",1,1,2,2,1,1,2,2,1,1,1
"1244",1,1,2,0,0,0,0,0,1,1,1
"1245",1,1,2,2,0,1,2,2,1,0,1
"1246",0,1,2,2,1,0,1,2,1,1,1
"1247",1,1,2,2,1,1,1,2,1,1,1
"1248",1,1,2,2,1,1,2,2,1,1,1
"1249",1,1,2,2,1,0,0,1,1,1,1
"1250",1,1,2,2,1,1,2,2,1,1,1
"1251",1,0,2,2,1,0,1,2,1,1,1
"1252",1,0,1,0,0,0,0,0,1,1,0
"1253",0,1,2,2,1,0,0,2,1,1,0
"1254",0,0,2,0,0,0,1,2,1,1,1
"1255",1,0,0,2,1,1,2,2,1,1,1
"1256",1,0,1,2,1,0,2,2,1,1,1
"1257",1,0,2,2,1,1,2,2,0,1,1
"1258",0,0,2,2,1,1,2,2,1,1,1
"1259",1,1,2,2,0,0,1,2,1,0,0
"1260",1,1,2,2,1,1,2,2,1,1,1
"1261",1,1,2,2,1,1,2,2,1,1,1
"1262",0,0,2,0,0,0,0,0,0,1,1
"1263",1,0,0,2,0,0,1,2,1,1,1
"1265",1,1,2,2,1,1,2,2,1,1,1
"1266",1,0,2,2,0,0,0,0,0,1,1
"1267",0,1,2,2,1,1,2,2,1,1,1
"1268",0,0,2,2,1,1,0,0,1,1,0
"1269",1,0,2,2,1,1,1,2,1,1,1
"1270",0,1,2,0,0,0,0,0,0,0,0
"1271",1,1,2,2,0,0,1,2,1,1,1
"1272",1,1,2,2,1,1,2,2,1,1,1
"1273",1,1,2,2,1,1,2,2,1,1,1
"1274",1,0,2,2,0,1,2,2,1,1,1
"1275",1,0,2,2,1,1,2,2,1,1,1
"1276",1,0,2,2,1,0,1,2,1,0,1
"1277",0,0,0,0,0,0,2,2,1,0,1
"1278",1,1,2,2,1,1,2,0,1,1,1
"1279",1,1,2,2,0,0,0,2,1,1,1
"1280",1,1,2,2,1,1,2,2,1,1,1
"1281",1,1,2,2,0,0,2,2,1,1,1
"1282",1,0,2,2,1,1,1,2,1,1,0
"1283",0,1,0,0,0,0,0,0,0,0,0
"1284",0,0,0,0,0,0,0,0,0,1,1
"1285",1,0,2,2,1,1,2,2,1,1,1
"1286",1,1,2,2,0,1,1,2,1,1,1
"1287",1,0,0,0,0,0,0,0,1,0,0
"1288",0,1,0,0,0,1,0,0,1,0,0
"1289",1,1,2,2,0,0,0,0,0,1,0
"1290",0,1,2,2,1,0,1,1,1,0,1
"1291",1,0,2,1,0,0,2,2,1,1,0
"1292",0,1,2,0,0,0,0,0,1,0,0
"1293",1,1,2,2,1,1,1,2,1,1,1
"1294",1,0,2,2,1,0,2,1,1,1,1
"1295",1,0,2,0,0,0,0,1,1,0,0
"1296",1,0,2,2,0,1,2,2,1,1,1
"1297",1,1,2,2,1,1,0,2,1,1,1
"1298",0,0,2,2,1,1,2,2,1,1,1
"1299",1,1,2,1,0,0,2,2,1,1,1
"1300",1,1,2,2,1,1,2,2,1,1,1
"1301",1,1,2,2,1,1,2,2,1,1,1
"1302",1,1,2,2,1,1,0,2,1,1,1
"1303",1,1,2,2,1,1,0,2,1,1,1
"1304",1,0,2,2,0,0,1,2,1,0,1
"1305",1,1,2,1,0,0,0,0,1,1,0
"1306",1,1,2,2,1,1,2,2,1,1,1
"1307",1,1,2,2,1,1,2,2,1,1,1
"1308",1,0,2,2,0,1,2,2,1,1,1
"1309",0,0,2,2,0,0,0,0,1,1,0
"1310",0,1,2,2,0,0,1,0,1,1,0
"1311",0,0,0,0,0,0,0,0,0,0,0
"1312",1,1,2,2,1,0,2,2,1,1,1
"1313",1,0,2,2,1,0,2,0,1,1,0
"1314",1,1,2,2,1,1,2,2,1,1,1
"1315",1,1,2,2,0,1,2,2,1,1,1
"1316",1,1,0,2,1,1,2,2,1,1,1
"1317",0,0,2,2,1,1,0,0,0,0,1
"1318",1,1,2,0,0,0,1,0,0,0,0
"1319",0,0,2,0,0,0,0,0,1,1,1
"1320",1,1,2,2,1,1,2,2,1,1,1
"1321",1,0,1,2,1,1,0,2,1,1,1
"1322",0,0,2,2,1,1,2,2,1,1,1
"1323",1,1,2,2,1,1,2,2,1,1,1
"1324",0,0,2,2,1,1,2,2,1,1,1
"1325",1,1,2,2,1,1,2,2,1,1,1
"1326",1,0,2,2,0,1,2,2,1,1,1
"1327",1,1,2,2,1,1,2,2,1,1,1
"1328",1,0,2,2,1,1,2,2,1,1,1
"1329",1,1,2,2,1,1,2,2,1,1,1
"1330",1,0,2,2,1,1,2,2,1,1,1
"1331",1,1,2,2,1,1,2,2,1,1,1
"1332",1,1,2,2,1,1,2,0,1,1,1
"1333",1,1,2,2,1,1,2,2,1,1,1
"1334",1,0,2,2,1,0,2,0,1,1,1
"1335",1,0,2,2,1,1,2,2,1,1,1
"1336",0,1,2,2,1,0,2,0,1,1,1
"1337",1,0,2,1,0,0,1,0,1,0,1
"1338",0,0,2,2,1,0,1,2,1,1,1
"1339",1,0,2,2,0,0,0,1,1,1,1
"1340",1,0,2,2,0,0,2,2,1,1,1
"1341",0,0,0,0,0,0,0,0,0,0,1
"1342",0,1,2,0,0,0,0,0,0,0,0
"1343",1,0,0,1,0,0,0,0,1,1,1
"1344",1,0,2,0,0,0,0,0,1,0,0
"1345",1,1,2,2,1,1,2,2,1,1,1
"1346",1,0,2,2,1,1,2,2,1,1,1
"1347",1,1,2,2,1,1,2,2,1,1,1
"1348",1,1,2,2,1,1,2,2,1,1,1
"1349",1,1,2,2,1,0,2,2,1,1,1
"1350",0,0,2,0,0,0,1,0,0,1,1
"1351",1,1,2,2,1,1,2,2,1,1,1
"1352",1,0,2,0,0,0,0,0,1,1,0
"1353",0,0,2,2,1,0,2,2,1,1,1
"1354",1,1,2,2,1,1,2,2,1,1,1
"1355",1,1,2,2,1,1,2,0,1,1,1
"1356",1,0,2,2,1,1,2,2,1,1,1
"1357",1,1,2,2,1,0,2,2,1,1,1
"1358",1,0,2,2,0,1,2,2,1,1,1
"1359",1,1,2,2,1,1,2,2,1,1,1
"1360",1,1,0,2,1,1,2,2,1,1,1
"1361",1,1,2,0,1,1,2,2,1,1,1
"1362",0,1,0,0,0,0,0,0,1,1,1
"1363",1,1,2,2,0,1,2,2,1,1,1
"1364",1,0,2,2,1,0,2,2,1,1,1
"1365",1,1,2,2,0,1,1,0,1,1,1
"1366",1,1,2,2,0,0,1,2,1,1,1
"1367",1,0,2,2,1,1,2,2,1,1,1
"1368",1,0,2,2,0,1,1,0,1,1,1
"1369",1,1,2,2,1,1,2,2,1,1,1
"1370",0,1,2,2,0,1,0,2,1,1,1
"1371",0,0,2,2,1,1,2,2,1,1,1
"1372",1,1,2,2,1,1,2,2,1,1,1
"1373",1,1,2,2,1,1,2,2,1,1,1
"1374",1,1,1,2,0,1,2,2,1,1,1
"1375",1,1,2,2,1,1,2,2,1,1,1
"1376",0,1,1,2,1,1,1,0,1,1,1
"1377",0,0,0,0,0,0,0,0,0,0,0
"1378",1,1,2,2,1,1,2,2,1,1,1
"1379",1,1,2,2,0,1,2,2,1,1,1
"1380",1,1,2,2,1,0,2,2,1,1,1
"1381",1,1,2,2,1,1,2,2,1,1,1
"1382",1,1,2,2,1,1,2,2,1,1,1
"1383",1,1,2,2,1,1,2,2,1,0,1
"1384",1,0,0,0,0,0,0,0,0,1,1
"1385",1,1,0,0,0,0,0,0,1,1,1
"1386",0,1,2,2,1,1,2,2,1,1,1
"1387",0,1,2,0,0,0,0,0,0,0,0
"1388",1,1,2,2,1,1,2,2,1,1,1
"1389",1,1,2,2,1,1,2,2,1,1,1
"1390",1,1,2,2,1,1,2,2,1,1,1
"1391",1,1,2,2,1,1,2,2,1,1,1
"1392",1,0,2,2,1,0,2,2,1,1,1
"1393",1,1,2,2,1,1,1,2,1,1,1
"1394",1,1,2,2,1,1,2,2,1,1,1
"1395",1,1,2,2,1,1,2,2,1,1,1
"1396",1,1,2,2,1,0,2,2,1,1,1
"1397",0,1,2,2,1,1,2,2,1,1,1
"1398",1,0,2,2,1,1,1,2,1,1,0
"1399",1,1,2,2,1,1,2,2,1,1,1
"1400",1,1,0,0,0,0,1,0,1,1,0
"1401",1,0,2,0,0,0,0,0,1,1,1
"1402",0,0,0,0,0,0,0,0,0,0,1
"1403",1,0,2,0,0,0,1,0,1,1,1
"1404",0,0,2,0,0,0,0,0,0,0,0
"1405",0,0,2,2,1,0,0,0,0,0,1
"1406",0,0,2,0,0,0,2,0,1,1,1
"1407",1,1,2,2,0,1,1,0,1,0,1
"1408",1,1,2,2,1,1,0,0,1,1,1
"1409",1,1,2,2,1,1,2,2,1,1,1
"1410",1,0,2,2,1,1,2,2,1,1,1
"1411",0,0,2,2,1,1,2,2,1,1,1
"1412",0,1,0,0,0,0,0,0,1,0,0
"1413",0,0,2,2,1,0,2,2,1,1,1
"1414",0,0,2,0,0,0,0,0,0,1,0
"1415",0,0,2,2,1,1,1,2,1,1,1
"1416",0,0,2,2,1,1,2,2,1,1,1
"1417",0,1,0,0,0,0,0,2,1,1,1
"1418",1,1,2,2,1,0,0,2,1,1,1
"1419",1,0,2,2,0,0,1,0,0,1,1
"1420",0,1,2,2,0,0,1,2,1,1,1
"1421",1,0,0,0,0,0,0,0,1,1,0
"1422",0,0,1,0,0,0,0,0,0,0,1
"1423",0,1,2,2,0,0,0,0,0,0,1
"1424",1,0,0,0,0,0,0,0,0,0,0
"1425",1,0,2,2,0,0,2,2,1,1,1
"1426",1,1,2,2,1,0,2,2,1,1,0
"1427",1,1,2,2,0,1,2,2,1,1,1
"1428",1,1,2,2,1,1,2,2,1,1,1
"1429",0,1,2,2,1,1,1,2,1,1,1
"1430",1,1,2,2,1,1,2,2,1,1,1
"1431",1,0,2,2,1,1,2,2,1,1,1
"1432",1,1,2,2,1,1,2,2,1,1,1
"1433",1,1,2,2,1,0,0,2,1,1,1
"1434",1,0,2,0,0,0,0,0,1,1,0
"1435",0,1,2,2,1,1,2,2,1,1,1
"1436",1,0,2,2,1,1,2,2,1,1,1
"1437",0,0,2,2,1,1,2,2,1,1,1
"1438",0,0,2,0,0,0,2,2,1,1,1
"1439",0,0,2,2,1,0,0,2,1,1,0
"1440",1,1,2,2,1,1,2,2,1,1,1
"1441",1,1,0,2,1,1,0,2,1,1,1
"1442",1,0,2,2,1,1,2,2,1,1,1
"1443",1,0,2,2,1,1,2,2,1,1,1
"1444",0,1,2,2,1,1,2,2,1,1,1
"1445",1,1,2,2,1,1,2,2,0,1,1
"1446",1,1,2,2,1,1,1,2,1,1,1
"1447",1,0,2,0,1,1,2,2,1,1,1
"1448",1,1,2,2,1,0,2,2,1,1,1
"1449",1,0,2,2,0,1,2,0,1,1,1
"1450",1,1,2,2,1,1,2,2,1,1,1
"1451",1,1,2,2,1,1,2,2,1,1,1
"1452",1,1,2,2,1,0,0,2,0,0,0
"1453",0,0,2,1,0,0,1,1,1,1,1
"1454",1,0,2,2,1,1,2,2,1,1,1
"1455",1,1,2,2,1,1,2,2,1,1,1
"1456",1,1,2,2,1,1,2,2,1,1,1
"1457",0,0,0,0,0,0,0,0,0,1,1
"1458",1,1,2,2,0,0,1,2,1,1,1
"1459",1,1,2,2,0,1,2,2,1,1,1
"1460",0,1,0,1,0,0,0,2,1,1,0
"1461",1,0,2,2,1,1,2,2,1,1,1
"1462",1,0,2,2,1,1,2,2,1,1,1
"1463",1,1,2,2,1,1,2,2,1,1,1
"1464",1,0,2,2,1,0,2,2,1,1,1
"1465",0,1,0,2,0,0,0,2,1,1,1
"1466",1,0,2,2,1,1,1,2,1,0,1
"1467",1,0,2,2,0,0,0,0,1,1,0
"1468",1,0,2,2,1,1,2,2,1,1,0
"1469",1,1,2,2,1,0,2,2,1,1,1
"1470",1,1,2,2,1,1,2,2,1,1,1
"1471",0,0,2,0,0,0,0,1,1,1,1
"1472",1,0,2,2,0,0,0,2,1,1,1
"1473",0,1,2,0,0,0,0,2,1,1,0
"1474",1,1,2,2,0,1,1,0,1,1,0
"1475",0,1,2,2,1,1,1,2,1,1,1
"1476",1,1,2,2,0,1,2,2,1,1,1
"1477",1,1,2,2,1,1,2,2,1,1,1
"1478",1,0,2,0,0,0,0,2,1,1,0
"1479",1,0,2,2,1,1,0,0,1,1,1
"1480",1,1,2,2,1,1,2,2,1,1,1
"1481",1,0,2,2,1,1,2,2,1,1,1
"1482",1,1,2,2,1,1,2,2,1,1,1
"1483",1,1,2,2,1,1,2,2,1,0,1
"1484",1,1,2,2,1,1,2,2,1,1,1
"1485",1,1,2,2,1,1,2,2,1,1,1
"1486",1,1,2,2,1,1,2,2,1,1,1
"1487",1,0,2,2,1,1,2,2,1,1,1
"1488",1,1,2,2,1,1,2,2,1,1,1
"1489",0,0,2,0,0,0,2,0,0,0,1
"1490",1,1,0,2,1,1,2,2,1,1,1
"1491",1,0,2,2,0,1,0,2,1,1,1
"1492",1,1,2,2,0,1,2,2,1,1,1
"1493",1,0,0,0,0,0,0,2,1,1,1
"1494",1,0,2,1,0,1,1,2,1,1,1
"1495",1,0,0,0,0,0,0,0,1,1,0
"1496",1,1,2,2,1,1,2,2,1,0,1
"1497",1,1,2,2,1,1,2,2,1,1,1
"1498",1,1,1,2,1,1,2,2,1,1,1
"1499",0,1,2,0,0,0,0,0,1,0,1
"1500",1,0,2,2,1,1,2,2,1,1,1
"1501",0,0,2,2,0,1,2,2,1,1,1
"1502",0,1,2,2,1,1,2,2,1,1,1
"1503",1,0,2,2,0,0,0,2,1,0,1
"1504",0,0,2,0,0,0,0,0,1,1,0
"1505",1,1,2,2,1,1,2,2,1,1,1
"1506",1,1,2,2,1,1,2,2,1,1,1
"1507",1,0,2,2,0,0,2,2,1,1,1
"1508",1,1,2,0,0,1,1,2,1,1,1
"1509",1,1,2,2,1,0,0,0,1,1,1
"1510",1,0,2,2,1,1,2,2,1,1,1
"1511",1,1,2,1,1,1,2,2,1,1,1
"1512",1,1,2,2,1,0,2,2,1,1,1
"1513",1,1,2,2,0,1,1,0,0,1,0
"1514",1,1,2,2,0,0,0,0,1,0,0
"1515",0,1,2,0,0,0,0,0,1,1,0
"1516",1,0,0,2,1,0,0,0,1,1,1
"1517",0,0,0,0,0,0,0,2,1,1,1
"1518",1,1,2,2,1,1,2,2,1,1,1
"1519",1,1,0,0,0,0,0,2,1,1,1
"1520",1,0,2,2,0,1,2,2,1,1,1
"1521",1,1,2,2,1,0,2,2,1,1,1
"1522",1,0,1,2,1,1,1,2,1,1,1
"1523",1,0,2,2,0,0,0,2,0,1,1
"1524",1,1,2,2,0,1,2,2,1,1,0
"1525",1,0,2,2,0,0,1,2,1,1,1
"1526",1,1,2,2,1,1,2,2,1,1,1
"1527",0,1,2,2,1,1,2,2,1,1,1
"1528",0,0,2,2,0,0,1,2,0,0,1
"1529",0,1,2,1,0,0,0,0,1,1,0
"1530",1,1,2,2,1,1,2,2,1,1,1
"1531",1,0,2,0,0,0,1,0,1,0,1
"1532",1,0,2,2,1,1,1,0,1,1,0
"1533",0,0,0,0,0,0,0,0,0,1,0
"1534",0,1,2,0,0,0,0,0,1,0,0
"1535",1,1,2,2,1,1,2,2,1,1,1
"1536",1,1,2,2,1,1,0,2,1,1,1
"1537",1,1,2,2,1,1,1,2,1,1,1
"1538",1,0,2,2,0,0,2,2,1,1,1
"1539",0,0,0,0,0,0,0,0,1,0,0
"1540",1,0,2,2,1,0,2,2,1,1,1
"1541",0,0,2,0,0,0,0,0,1,1,0
"1542",0,0,2,0,1,0,0,0,0,0,0
"1543",0,0,0,0,0,0,0,0,0,0,0
"1544",1,1,2,2,1,1,2,2,1,1,1
"1545",1,0,2,0,0,0,1,2,1,1,0
"1546",1,0,2,2,1,1,2,2,1,1,0
"1547",0,1,2,2,1,1,1,2,1,1,0
"1548",1,1,2,2,1,1,2,2,1,1,1
"1549",1,0,2,2,1,1,2,2,1,1,1
"1550",0,0,2,2,1,0,0,0,1,1,1
"1551",1,1,2,2,0,1,1,0,1,1,1
"1552",0,1,2,2,1,0,1,2,1,1,1
"1553",0,1,2,0,1,1,0,0,1,1,1
"1554",1,1,2,2,0,1,2,2,1,1,1
"1555",1,0,2,2,1,1,2,2,1,0,1
"1556",1,1,2,2,1,1,2,2,1,1,0
"1557",0,0,0,2,0,0,2,2,1,1,0
"1558",0,0,2,2,0,1,1,2,1,1,1
"1559",1,1,2,2,1,0,2,0,1,1,1
"1560",1,0,2,2,1,1,1,2,1,1,1
"1561",1,1,2,2,1,1,1,2,1,1,1
"1562",1,1,0,0,0,0,0,2,1,1,1
"1563",1,1,2,2,0,0,1,0,1,1,1
"1564",1,0,2,2,0,0,2,0,1,1,1
"1565",0,1,2,2,0,0,2,2,1,1,1
"1566",1,1,2,2,1,1,2,2,1,1,1
"1567",1,1,2,2,0,0,2,2,1,1,1
"1568",0,1,2,2,1,0,1,2,1,1,1
"1569",0,0,2,2,1,1,1,0,1,1,1
"1570",0,0,2,2,1,1,2,2,1,1,1
"1571",1,0,2,2,1,1,2,2,1,1,1
"1572",0,0,2,2,0,0,0,2,1,1,0
"1573",1,1,2,2,1,1,1,2,1,1,1
"1574",1,0,2,2,0,0,1,2,1,1,1
"1575",1,1,2,2,1,0,2,2,1,1,1
"1576",1,1,2,0,0,0,0,0,0,0,0
"1577",0,0,2,0,0,0,0,0,0,0,1
"1578",0,1,0,0,0,0,0,2,1,1,0
"1579",1,1,0,0,0,0,2,2,1,1,1
"1580",1,0,2,2,1,1,1,0,1,0,1
"1581",1,1,2,2,1,0,2,0,1,1,1
"1582",0,0,0,0,0,0,0,0,0,1,1
"1583",1,1,2,2,1,1,2,2,1,1,1
"1584",1,1,2,2,1,1,2,2,1,1,1
"1585",1,1,2,2,1,1,2,2,1,1,1
"1586",1,1,2,2,1,1,2,2,1,1,1
"1587",1,0,2,2,1,0,2,2,1,1,1
"1588",0,1,2,2,1,1,0,2,1,1,1
"1589",1,0,2,2,0,1,2,2,1,1,1
"1590",1,1,2,2,0,1,2,2,1,1,1
"1591",1,1,2,2,1,1,2,2,1,1,1
"1592",1,1,0,0,0,0,0,0,1,1,1
"1593",1,0,2,1,0,0,0,0,1,0,1
"1594",0,1,2,2,1,1,1,2,1,1,1
"1595",1,0,2,2,1,0,2,2,1,1,1
"1596",1,0,2,2,1,1,1,2,1,1,1
"1597",1,0,2,2,1,1,1,2,1,0,1
"1598",1,0,2,2,1,0,1,2,1,1,1
"1599",1,1,0,0,0,0,0,2,1,1,1
"1600",0,0,2,2,1,1,2,2,1,1,1
"1601",1,1,2,2,1,1,2,2,1,1,1
"1602",0,0,2,2,1,0,1,2,1,1,1
"1603",1,1,2,2,1,1,2,2,1,1,1
"1604",1,1,2,2,1,1,2,2,1,1,1
"1605",1,0,2,2,1,0,1,2,1,1,1
"1606",1,1,2,2,1,1,1,2,1,1,1
"1607",0,0,2,0,0,0,0,0,1,0,0
"1608",1,0,2,2,1,0,1,2,1,1,1
"1609",1,0,2,0,0,0,0,0,1,1,1
"1610",1,0,2,2,0,0,2,2,1,1,1
"1611",1,0,0,0,0,0,0,0,0,0,0
"1612",1,1,2,2,1,0,2,2,1,1,1
"1613",0,0,2,2,1,0,2,2,1,1,1
"1614",0,1,2,2,1,1,0,2,1,1,1
"1615",0,0,2,2,1,0,0,0,1,0,1
"1616",1,1,2,2,0,1,2,2,1,1,1
"1617",1,1,2,2,1,1,2,2,1,1,0
"1618",0,1,0,0,0,0,0,0,1,0,0
"1619",0,0,2,2,1,1,2,2,1,1,1
"1620",0,0,0,1,0,0,0,0,1,1,0
"1621",1,1,2,2,1,1,2,2,1,1,1
"1622",1,0,2,2,1,1,2,2,1,1,1
"1623",0,0,0,0,0,0,0,0,1,1,0
"1624",1,1,2,0,1,1,1,0,0,1,1
"1625",1,1,2,2,1,1,2,2,1,1,1
"1626",1,1,2,0,0,0,0,0,1,1,1
"1627",1,0,0,2,0,0,1,0,1,0,0
"1628",0,1,2,0,0,0,1,2,1,1,0
"1629",1,1,2,2,1,1,2,2,1,1,1
"1630",1,1,2,2,1,1,2,2,1,1,1
"1631",1,1,2,2,1,1,2,2,1,1,1
"1632",0,0,2,2,1,1,1,2,1,0,1
"1633",1,1,2,1,1,0,0,0,0,0,1
"1634",0,0,0,0,0,0,0,0,0,1,0
"1635",1,1,2,2,1,0,2,0,1,1,1
"1636",1,0,0,0,0,0,0,0,0,0,0
"1637",1,0,2,2,1,0,1,0,1,1,0
"1638",0,0,2,2,0,0,1,2,1,0,0
"1639",1,1,2,2,1,1,2,2,1,1,1
"1640",1,1,2,2,0,0,1,2,1,1,1
"1641",1,0,2,2,1,0,2,2,1,1,1
"1642",1,1,2,2,1,1,2,2,1,1,1
"1643",0,1,1,0,0,0,0,0,0,0,1
"1644",0,0,2,2,0,0,0,0,1,1,0
"1645",1,1,2,2,1,1,2,2,1,1,1
"1646",0,0,2,2,0,0,1,2,1,1,1
"1647",1,1,2,2,1,1,2,2,1,1,1
"1648",1,0,0,0,0,0,0,2,1,1,1
"1649",1,0,2,1,0,0,1,2,1,0,1
"1650",1,0,2,2,1,0,2,0,1,1,1
"1651",0,1,2,0,0,0,0,0,1,1,0
"1652",0,0,2,0,0,0,0,2,0,0,0
"1653",1,1,2,2,1,0,2,2,1,1,1
"1654",1,0,2,2,0,0,2,2,1,1,0
"1655",0,0,2,2,1,0,1,0,1,0,1
"1656",0,1,2,1,1,0,0,2,1,0,0
"1657",1,1,2,2,0,1,2,2,1,1,1
"1658",1,1,2,2,1,1,2,2,1,1,1
"1659",0,1,2,2,0,0,0,0,1,0,1
"1660",1,0,0,0,0,0,0,2,1,1,1
"1661",1,0,2,2,1,1,1,2,0,1,1
"1662",1,1,2,2,1,1,2,2,1,1,1
"1663",1,1,2,2,1,1,2,2,1,1,1
"1664",1,1,1,2,1,1,2,2,1,1,1
"1665",1,1,2,2,1,0,2,2,1,1,1
"1666",1,0,2,0,0,0,0,0,1,1,1
"1667",0,0,2,0,0,0,0,0,1,0,1
"1668",1,0,2,2,0,1,2,2,1,0,1
"1669",1,0,2,2,1,0,1,0,1,1,1
"1670",1,1,2,2,1,1,1,2,1,1,1
"1671",1,1,2,2,1,1,2,2,1,1,1
"1672",1,1,0,1,0,1,0,2,1,1,1
"1673",1,1,2,2,1,1,1,2,1,1,1
"1674",1,1,2,2,1,1,2,2,1,1,1
"1675",1,1,2,2,1,1,2,2,1,1,1
"1676",0,0,0,0,0,0,0,0,0,0,1
"1677",1,0,2,2,1,1,2,0,1,1,0
"1678",1,0,0,0,0,0,0,0,0,1,0
"1679",1,1,2,2,0,1,1,2,1,1,1
"1680",1,1,0,2,1,0,1,2,1,1,0
"1681",1,1,2,2,1,1,2,2,1,1,1
"1682",1,1,2,2,0,0,1,2,1,1,1
"1683",1,1,2,2,1,1,2,2,1,1,1
"1684",1,1,2,2,0,0,1,2,1,1,1
"1685",1,0,2,2,1,0,1,2,1,1,1
"1686",1,0,2,2,0,1,2,2,1,1,1
"1687",1,1,2,2,1,1,2,2,1,1,1
"1688",1,1,2,2,1,1,2,2,1,1,1
"1689",1,1,2,2,1,1,2,2,1,1,1
"1690",0,1,0,0,0,0,0,2,1,1,1
"1691",1,1,2,2,1,0,1,2,1,1,1
"1692",0,0,0,0,0,0,0,1,1,1,0
"1693",1,0,2,2,1,0,2,2,1,1,1
"1694",1,1,2,2,1,1,1,2,1,1,1
"1695",0,0,2,1,0,0,0,2,0,0,0
"1696",1,1,2,0,0,0,1,0,1,1,1
"1697",0,0,2,2,1,0,2,0,1,1,1
"1698",0,1,0,0,0,0,0,0,0,1,1
"1699",1,0,2,2,1,1,2,2,1,1,1
"1700",0,0,2,0,0,0,0,0,1,0,0
"1701",1,0,0,0,0,0,0,0,0,1,0
"1702",1,1,2,2,1,1,1,2,1,1,1
"1703",1,0,2,2,0,0,0,2,1,1,1
"1704",1,1,0,2,1,1,2,2,1,1,1
"1705",1,1,2,2,1,1,2,2,1,1,1
"1706",1,1,2,2,0,1,1,0,1,1,1
"1707",1,1,2,2,0,0,2,2,1,1,1
"1708",0,0,2,2,0,0,0,0,0,0,1
"1709",1,1,2,2,1,1,2,2,1,1,1
"1710",1,0,2,2,1,1,2,1,1,1,1
"1711",1,0,2,2,1,1,2,2,1,1,1
"1712",1,1,2,2,1,1,2,2,1,1,1
"1713",0,1,2,0,0,0,0,0,1,0,0
"1714",0,0,2,0,0,0,0,0,1,0,1
"1715",0,0,2,0,0,0,0,0,1,0,1
"1716",1,1,2,2,1,0,2,2,1,1,1
"1717",1,0,2,2,1,1,2,2,1,1,1
"1718",1,0,2,2,1,0,2,0,1,1,1
"1719",1,1,2,2,1,0,2,2,1,1,1
"1720",1,0,2,2,1,1,2,2,1,1,1
"1721",1,1,2,2,1,1,2,2,1,1,1
"1722",1,1,2,2,1,1,2,2,1,1,1
"1723",1,1,2,2,1,1,2,2,0,1,1
"1724",1,1,0,0,1,1,2,2,1,1,1
"1725",1,0,2,2,1,1,2,0,1,1,1
"1726",1,1,2,2,1,1,2,2,1,1,1
"1727",1,1,2,2,1,1,2,2,1,1,1
"1728",1,1,2,0,0,0,0,0,1,1,0
"1729",1,1,2,0,0,0,0,0,1,1,1
"1730",1,1,2,2,1,1,2,2,1,1,1
"1731",1,0,2,0,0,0,1,2,1,1,0
"1732",1,1,2,2,1,1,1,2,1,1,1
"1733",1,0,2,2,1,0,2,2,1,1,1
"1734",1,1,2,2,1,1,2,2,1,1,1
"1735",1,1,2,2,1,1,2,2,1,1,1
"1736",1,1,2,2,1,1,2,2,1,1,1
"1737",1,0,2,2,1,1,2,2,1,1,1
"1738",0,0,0,0,0,0,0,0,1,0,0
"1739",1,1,2,1,0,0,1,0,1,0,1
"1740",1,0,0,0,0,0,0,0,0,1,0
"1741",1,1,2,2,1,1,1,2,1,1,1
"1742",1,1,2,2,1,1,2,2,1,1,1
"1743",1,1,2,2,1,1,1,2,1,1,1
"1744",0,1,0,0,0,0,0,0,0,1,1
"1745",1,1,2,2,1,1,0,2,1,1,1
"1746",1,0,2,1,0,1,0,2,1,1,1
"1747",1,0,2,2,1,1,2,2,1,1,1
"1748",1,1,2,2,1,0,2,2,1,1,1
"1749",0,1,2,2,0,0,0,0,0,0,0
"1750",1,1,2,2,1,1,2,2,1,1,1
"1751",1,1,2,2,1,1,2,2,1,1,1
"1752",1,0,2,2,1,1,2,2,1,1,1
"1753",1,0,2,0,0,0,0,0,0,0,1
"1754",1,1,2,2,1,1,1,2,1,1,1
"1755",0,1,2,2,1,1,1,0,1,1,0
"1756",0,1,2,2,0,1,1,0,1,1,0
"1757",1,1,2,2,1,1,2,2,1,1,1
"1758",0,1,2,2,1,1,0,0,1,1,0
"1759",1,1,2,2,1,0,2,2,1,1,1
"1760",1,0,2,2,0,1,1,2,1,1,1
"1761",0,0,0,0,0,0,0,0,0,0,0
"1762",0,1,0,0,0,0,0,0,0,1,0
"1763",0,0,0,0,0,0,0,0,0,0,1
"1764",0,1,1,0,0,0,0,0,0,0,0
"1765",0,1,2,2,1,0,1,1,1,1,1
"1766",1,0,2,2,1,1,0,0,1,1,1
"1767",0,0,0,0,0,0,0,0,0,1,0
"1768",0,0,2,0,0,0,0,0,1,1,0
"1769",0,1,0,2,0,0,0,2,1,0,0
"1770",0,1,0,0,0,0,0,0,0,0,0
"1771",1,1,2,2,1,1,2,2,1,1,1
"1772",1,0,2,2,1,1,2,2,1,1,1
"1773",1,0,2,2,1,1,2,2,1,1,1
