PersonId,Response_1,Response_2,Response_3,Response_4,Response_5,Response_6,Response_7,Response_8,Response_9,Response_10
1,2,1,1,1,0,2,2,2,1,1
2,2,1,3,1,2,2,2,3,1,1
3,1,1,2,1,2,2,2,3,1,2
4,2,1,0,2,1,2,2,3,1,1
5,0,1,0,0,0,0,2,1,0,0
6,1,1,2,1,0,3,2,0,1,2
7,0,0,2,1,0,1,2,2,0,2
8,2,1,2,1,2,2,2,3,1,2
9,2,1,2,1,0,1,2,1,1,1
10,1,1,3,0,0,0,2,0,1,2
11,2,1,0,1,0,2,2,0,1,2
12,2,1,3,1,0,2,1,2,1,1
13,2,1,1,1,0,2,1,1,0,1
14,2,2,2,3,2,3,3,3,3,2
15,1,1,0,0,0,0,2,1,0,0
16,1,2,0,1,0,0,2,2,1,2
17,2,1,1,1,1,0,2,1,1,1
18,1,1,0,1,0,0,2,2,0,2
19,2,1,2,2,2,2,3,3,3,2
20,2,1,3,2,0,2,2,3,1,2
21,0,0,0,1,0,0,0,0,0,0
22,2,1,2,1,1,1,2,2,1,1
23,2,1,2,2,2,3,3,3,3,2
24,1,1,2,2,3,2,2,2,1,2
25,2,1,1,1,2,3,3,3,0,2
26,2,2,3,1,2,3,3,3,3,3
27,2,1,2,1,1,2,3,3,3,2
28,2,1,1,2,2,2,2,2,0,1
29,1,0,1,1,0,1,1,2,0,1
30,1,1,2,2,2,2,2,3,1,1
31,0,1,0,0,0,1,1,0,0,1
32,1,1,1,1,1,2,2,1,0,0
33,0,0,1,0,0,0,0,0,0,0
34,2,1,0,2,0,2,1,0,0,1
35,1,1,0,1,2,1,0,2,1,1
36,1,1,1,1,1,2,1,2,1,1
37,2,2,2,2,2,1,2,2,1,1
38,0,0,0,1,0,1,1,1,0,0
39,0,1,0,0,0,0,0,1,0,0
40,2,1,1,1,0,0,2,3,0,1
41,2,1,2,1,0,3,2,2,0,0
42,2,3,3,3,2,2,3,3,3,2
43,2,1,1,2,0,2,3,2,0,2
44,1,1,2,1,0,1,3,3,0,1
45,2,1,0,2,2,1,1,2,1,1
46,1,1,3,1,1,1,2,3,1,1
47,1,1,1,0,0,3,2,2,0,1
48,2,0,2,2,1,1,2,1,0,1
49,2,0,0,1,0,0,2,1,1,1
50,2,1,1,1,0,0,2,1,0,2
51,0,0,1,1,0,1,3,2,1,0
52,2,1,3,2,2,3,2,3,2,2
53,2,2,1,1,0,1,1,1,0,1
54,2,1,1,0,0,2,2,1,0,1
55,0,0,0,0,0,1,1,0,0,0
56,1,1,0,2,0,2,2,2,0,1
57,2,1,2,1,2,2,2,2,1,2
58,2,1,1,1,0,3,1,0,0,0
59,2,3,3,2,2,3,3,3,1,2
60,0,0,0,0,0,0,1,0,0,0
61,2,1,0,1,1,1,2,1,0,1
62,2,1,2,1,0,0,2,3,1,2
63,1,1,1,1,1,1,3,0,0,0
64,1,1,0,1,0,0,1,0,0,1
65,2,3,2,3,2,3,3,3,3,2
66,2,2,3,3,2,3,3,2,3,2
67,2,1,2,0,2,1,2,2,0,2
68,0,0,1,0,0,0,0,0,0,1
69,3,3,3,1,2,2,3,3,3,2
70,2,1,3,2,2,2,2,1,1,1
71,0,0,0,1,0,2,2,1,1,1
72,2,1,2,1,0,1,2,2,0,0
73,1,1,2,1,0,2,2,2,0,1
74,2,1,2,3,2,3,3,3,1,2
75,1,1,0,0,1,2,2,1,1,1
76,2,2,3,1,2,3,3,2,3,2
77,1,1,2,0,0,0,2,2,0,1
78,2,1,0,1,0,2,2,2,0,0
79,2,2,3,3,2,2,2,2,3,2
80,2,2,3,1,2,3,2,3,3,2
81,1,1,0,1,0,1,0,1,0,1
82,1,1,1,1,0,1,2,2,0,0
83,1,1,2,2,2,3,2,3,1,2
84,2,2,3,2,0,3,2,3,1,2
85,2,1,1,1,1,1,2,2,1,0
86,2,1,0,1,0,2,1,0,1,0
87,0,1,1,0,0,0,0,1,0,0
88,2,3,3,2,2,3,2,3,3,2
89,2,1,2,1,2,2,3,2,1,1
90,3,2,2,3,2,3,3,3,3,3
91,2,3,2,3,2,2,2,2,3,3
92,1,1,1,1,0,2,1,2,1,1
93,2,1,2,1,2,3,3,3,1,2
94,2,2,2,1,2,3,2,2,3,2
95,2,1,2,2,1,2,2,2,1,2
96,2,1,2,1,0,2,2,2,1,2
97,1,1,2,1,1,1,1,2,0,1
98,2,1,1,1,1,1,3,2,1,2
99,2,3,2,2,1,2,3,3,3,3
100,0,0,0,1,0,1,0,1,0,1
101,1,1,0,1,0,1,1,2,0,0
102,2,1,2,1,2,3,2,2,1,1
103,2,1,1,1,0,2,1,3,0,2
104,2,2,3,3,2,2,2,3,1,2
105,2,2,1,1,2,1,2,1,1,1
106,2,1,2,1,0,1,2,0,0,1
107,2,1,2,1,2,1,2,1,1,1
108,2,1,2,1,1,3,2,3,0,1
109,1,2,1,1,0,1,2,2,1,0
110,1,1,2,1,0,1,2,2,1,2
111,1,0,1,1,0,0,1,3,0,0
112,2,1,3,1,1,1,2,1,0,1
113,2,1,1,1,2,1,3,3,1,2
114,3,3,3,3,2,3,3,3,3,3
115,2,1,1,0,0,3,2,2,0,1
116,2,1,2,1,0,1,2,2,2,2
117,2,1,3,2,2,3,2,2,3,2
118,2,1,1,1,0,1,2,2,0,2
119,2,1,3,2,1,2,3,3,3,2
120,0,1,0,1,0,1,2,1,0,1
121,2,0,2,1,1,1,2,2,1,1
122,2,1,2,1,2,2,2,2,0,2
123,2,2,2,2,2,3,3,3,3,3
124,2,1,1,1,2,1,2,2,1,1
125,1,1,2,1,0,0,2,1,1,2
126,2,1,1,1,1,1,1,2,0,1
127,2,1,1,1,0,1,2,2,0,1
128,2,2,1,2,2,3,2,2,3,2
129,2,1,2,1,0,2,3,2,1,2
130,2,2,1,1,2,2,2,2,1,2
131,2,1,2,1,0,0,2,1,0,0
132,2,1,2,1,1,2,2,3,2,2
133,2,1,2,1,0,0,2,3,0,1
134,1,1,2,1,0,1,3,1,1,2
135,2,1,3,3,0,3,2,0,1,2
136,0,1,1,0,0,1,1,2,0,0
137,0,1,0,0,0,0,1,0,0,0
138,2,1,2,2,1,1,2,2,1,1
139,2,1,2,1,2,1,1,1,1,2
140,1,1,0,2,0,1,2,2,1,1
141,2,1,0,0,0,0,1,1,0,1
142,2,1,0,1,0,0,1,0,1,1
143,2,2,3,1,0,2,2,2,2,2
144,0,1,0,1,0,2,2,2,1,1
145,1,1,0,1,1,1,2,0,1,2
146,2,1,2,3,0,3,2,2,3,2
147,2,1,2,1,2,2,2,1,1,3
148,1,0,0,1,0,0,0,2,1,0
149,2,1,1,1,1,2,2,1,1,1
150,2,2,2,2,1,3,1,2,2,2
151,2,1,1,1,1,1,2,3,1,2
152,1,1,2,0,0,0,2,2,0,2
153,2,2,2,2,0,1,3,1,1,1
154,2,1,2,2,0,2,2,3,1,2
155,2,1,3,2,2,2,2,3,1,1
156,1,1,1,1,0,2,2,1,0,1
157,2,3,2,2,3,2,3,3,3,2
158,2,1,2,1,1,1,2,1,0,0
159,2,1,0,2,0,2,2,3,1,2
160,2,1,3,2,1,2,2,2,1,2
161,2,2,3,2,2,2,2,3,1,2
162,2,1,0,1,0,0,1,1,0,1
163,2,1,2,2,2,2,2,2,1,1
164,1,1,2,1,0,2,2,1,0,2
165,1,1,3,2,0,1,2,2,1,1
166,1,0,0,1,0,0,3,1,1,1
167,2,1,1,1,0,2,2,1,0,0
168,2,1,0,2,0,2,2,0,0,1
169,2,1,2,2,2,3,2,3,3,2
170,2,1,3,3,0,2,2,3,3,2
171,1,1,2,1,0,1,2,2,0,2
172,1,1,2,2,2,2,2,2,2,2
173,2,1,2,1,0,3,2,2,1,1
174,2,1,2,1,0,1,2,2,0,1
175,2,1,1,2,0,1,2,1,0,2
176,2,1,3,2,2,2,2,2,1,2
177,2,1,0,1,1,2,2,2,1,2
178,2,1,0,1,2,1,2,0,1,2
179,2,1,2,2,2,3,2,2,3,2
180,0,1,1,2,1,2,3,2,1,2
181,2,1,2,2,2,1,3,1,3,1
182,1,1,0,0,0,1,0,1,0,0
183,2,2,0,1,2,2,2,3,1,2
184,2,2,2,2,2,1,3,3,3,2
185,2,3,3,3,2,2,3,2,3,2
186,2,1,2,1,1,1,3,2,1,2
187,1,1,1,1,2,1,2,2,1,0
188,2,1,3,1,2,1,3,0,1,2
189,2,1,2,1,1,2,2,1,1,3
190,2,1,1,1,0,2,2,2,0,1
191,2,1,1,2,0,2,2,2,0,1
192,2,1,2,1,0,0,2,2,1,3
193,2,2,3,2,0,2,2,2,1,2
194,2,1,2,1,2,2,2,2,0,2
195,2,1,2,1,0,2,2,0,1,2
196,2,1,2,2,2,2,3,2,1,2
197,2,1,2,1,1,1,1,3,1,1
198,2,1,3,0,0,2,2,1,1,1
199,2,1,2,1,0,2,2,3,1,2
200,2,1,2,2,2,3,2,2,3,2
201,2,3,3,3,2,3,3,3,3,2
202,2,1,1,1,2,2,2,3,2,2
203,1,0,1,1,2,2,2,1,0,1
204,2,3,3,3,2,2,3,3,3,2
205,0,1,1,1,0,2,2,2,0,1
206,1,1,3,1,1,0,1,1,0,1
207,2,2,1,1,0,0,2,2,1,0
208,0,1,1,1,0,0,0,0,0,0
209,2,1,1,1,0,2,2,3,1,1
210,2,3,2,3,2,3,3,2,3,3
211,1,1,2,1,0,2,2,3,1,1
212,2,1,1,0,0,2,2,2,1,2
213,2,1,0,1,0,1,2,3,1,2
214,2,1,1,1,0,0,2,2,0,1
215,1,1,2,1,2,1,3,2,1,1
216,2,1,2,1,1,1,2,3,1,0
217,1,1,1,1,0,1,2,3,0,2
218,2,2,1,2,2,2,2,1,1,2
219,2,3,3,3,2,3,3,2,3,3
220,2,2,1,2,2,2,2,2,1,2
221,1,1,0,1,0,1,0,2,0,0
222,2,1,2,2,0,1,2,2,0,1
223,0,1,0,1,2,0,2,0,0,1
224,1,1,2,2,0,1,2,1,0,1
225,0,1,0,1,0,1,1,0,0,1
226,2,1,3,2,1,1,2,3,1,2
227,2,1,1,2,1,3,2,2,1,2
228,2,1,0,1,0,1,2,2,1,1
229,2,1,2,1,2,1,2,1,0,1
230,0,0,0,0,0,1,2,0,0,1
231,2,2,2,2,2,3,2,3,2,2
232,2,1,1,0,0,1,2,2,0,1
233,1,1,3,1,0,0,2,1,1,1
234,1,1,0,1,1,0,2,2,1,1
235,2,1,2,0,0,1,2,2,0,1
236,1,1,1,0,0,0,1,1,0,2
237,0,1,0,0,0,1,2,2,1,2
238,2,3,2,2,2,3,3,3,3,2
239,1,1,0,1,0,1,2,0,0,0
240,2,1,0,1,0,1,2,2,1,1
241,2,1,1,2,0,2,2,3,0,0
242,2,1,3,2,1,3,2,3,3,2
243,2,1,1,2,0,1,1,0,0,0
244,2,1,1,1,0,1,1,2,1,2
245,2,1,2,3,2,1,2,2,1,1
246,0,1,1,1,0,0,2,2,0,1
247,2,1,2,2,0,2,2,3,1,1
248,1,1,2,0,0,1,2,2,0,0
249,2,1,0,1,1,2,2,2,0,1
250,2,2,3,0,1,1,2,2,1,1
251,2,2,2,0,1,0,1,2,1,2
252,2,2,0,1,0,2,2,1,0,1
253,3,3,3,3,2,3,3,3,3,2
254,1,1,2,1,0,1,1,2,1,1
255,2,1,2,1,2,1,2,2,1,2
256,2,3,3,2,2,3,3,3,3,3
257,2,0,2,1,2,1,3,2,2,2
258,2,2,1,3,2,2,3,2,1,2
259,2,2,2,2,2,3,2,2,3,2
260,2,2,2,2,2,3,1,2,3,3
261,2,1,2,1,1,1,2,1,0,1
262,0,0,1,1,0,2,2,0,0,1
263,2,1,1,2,2,1,2,1,0,2
264,1,1,1,1,0,0,1,1,1,1
265,2,3,2,3,2,3,3,3,3,3
266,2,1,2,1,2,2,1,1,2,1
267,2,3,3,2,2,2,2,2,1,2
268,2,1,2,1,1,2,2,2,1,2
269,2,2,1,2,2,2,2,1,0,2
270,2,0,1,2,1,2,2,0,1,1
271,2,1,1,1,0,0,1,1,0,1
272,1,1,1,2,0,1,1,0,0,0
273,2,1,2,1,2,3,2,2,1,2
274,2,1,1,1,1,1,2,3,1,2
275,2,1,1,0,0,2,2,2,1,0
276,2,1,3,2,1,2,2,2,1,2
277,0,0,0,0,0,0,0,2,0,0
278,1,1,1,1,1,2,1,2,0,1
279,0,1,0,0,0,0,0,0,0,0
280,0,1,0,1,0,1,2,0,0,1
281,2,1,2,1,1,2,2,2,0,1
282,2,1,3,1,0,1,2,1,1,1
283,2,3,2,2,2,2,2,3,3,2
284,2,1,2,1,0,1,1,1,0,1
285,0,1,0,1,0,1,2,1,0,1
286,2,1,3,1,2,2,2,1,1,2
287,1,1,1,1,1,1,0,2,0,0
288,2,1,2,0,2,3,2,3,1,2
289,2,2,2,1,2,3,3,2,1,2
290,2,0,0,1,0,1,1,0,1,1
291,2,2,2,2,2,2,2,1,2,2
292,2,1,2,1,0,3,2,2,1,2
293,2,2,3,2,2,3,2,3,1,2
294,2,1,3,1,2,2,2,3,3,2
295,1,1,1,0,0,0,1,1,0,2
296,2,2,2,2,0,3,2,2,1,2
297,2,1,1,1,1,1,2,3,0,1
298,2,1,2,1,2,3,3,2,1,1
299,2,1,2,2,0,1,2,0,1,1
300,0,0,0,1,0,2,1,3,0,1
301,2,1,3,2,2,2,3,2,1,1
302,2,1,3,1,1,2,2,2,3,2
303,2,1,0,0,0,1,1,1,1,0
304,2,1,1,0,0,2,2,1,1,1
305,2,1,2,2,0,1,3,1,1,2
306,2,1,3,1,2,0,2,3,1,2
307,2,1,1,1,0,2,2,1,1,1
308,2,1,3,3,2,2,3,2,0,2
309,2,1,0,1,0,2,1,3,0,1
310,2,1,2,1,0,2,2,2,1,2
311,0,1,0,1,0,1,0,1,0,1
312,0,1,0,0,0,0,1,1,0,0
313,2,1,1,1,2,1,2,2,1,2
314,2,1,2,2,2,3,2,2,2,2
315,2,2,2,2,2,3,2,3,3,2
316,2,1,1,1,0,2,2,2,1,2
317,1,3,3,2,2,3,2,0,1,1
318,2,1,3,1,0,2,2,2,1,1
319,0,1,1,2,1,3,2,0,0,1
320,2,1,0,1,2,3,2,2,1,2
321,2,1,2,1,1,2,2,2,3,2
322,2,1,1,1,1,2,2,3,1,2
323,2,2,2,1,2,2,1,1,3,2
324,2,1,2,2,0,1,2,1,0,1
325,2,1,2,2,1,3,2,2,3,1
326,2,1,2,2,1,1,3,3,0,1
327,2,1,3,1,2,2,2,3,1,2
328,2,2,2,1,0,2,2,1,1,1
329,0,0,0,0,0,0,1,0,0,0
330,2,3,3,3,2,3,2,2,3,2
331,1,1,0,1,0,0,1,2,1,0
332,2,3,1,2,2,3,3,3,3,2
333,2,1,0,2,0,2,3,2,1,2
334,1,1,0,1,0,2,2,2,0,1
335,1,1,0,1,0,1,2,0,0,1
336,2,1,2,1,1,1,2,0,0,1
337,1,1,2,2,0,3,2,2,1,0
338,2,2,2,2,2,2,2,2,2,1
339,0,1,1,1,0,1,2,2,0,1
340,2,1,2,0,0,1,1,2,0,2
341,0,0,0,0,0,0,1,0,0,0
342,2,1,1,2,2,3,3,1,1,2
343,1,1,1,1,1,2,3,3,1,2
344,0,2,2,1,1,1,2,2,1,1
345,2,1,1,1,1,2,2,2,1,2
346,2,2,3,2,2,2,1,3,2,2
347,1,1,1,1,1,2,2,1,0,1
348,1,1,1,1,0,1,2,1,0,2
349,1,1,3,1,1,2,1,2,1,2
350,2,1,3,1,1,1,2,1,1,2
351,2,1,0,1,0,1,1,1,1,1
352,1,1,0,1,0,2,2,2,0,2
353,1,1,1,1,2,3,2,2,0,1
354,0,1,0,0,0,0,1,0,0,0
355,2,1,0,1,0,2,2,3,0,2
356,2,3,3,1,2,3,2,3,3,2
357,1,1,0,1,0,2,1,1,0,1
358,1,1,2,2,0,2,2,2,0,1
359,1,1,0,1,0,1,1,0,0,1
360,2,1,3,1,0,1,2,2,1,0
361,2,1,1,1,2,2,3,2,2,2
362,1,0,2,0,0,0,0,0,0,0
363,2,1,2,2,1,3,2,1,1,1
364,1,1,0,1,0,0,3,2,0,2
365,1,1,1,1,0,2,2,2,0,0
366,2,1,2,1,0,1,2,2,1,1
367,2,2,3,2,3,3,3,3,3,2
368,2,1,2,1,2,0,2,2,1,1
369,2,1,2,1,2,2,2,2,2,2
370,2,1,2,1,0,1,2,2,0,2
371,2,2,1,2,2,3,3,3,3,2
372,0,1,0,0,0,2,2,1,0,1
373,2,1,1,3,1,2,2,3,1,2
374,2,0,0,1,0,2,1,0,0,0
375,2,1,3,1,1,2,3,1,1,2
376,2,1,2,2,1,1,1,2,1,1
377,2,1,1,1,2,2,3,1,3,2
378,2,1,1,1,2,0,2,2,1,1
379,2,1,2,1,1,1,3,3,3,2
380,2,1,1,2,1,2,2,2,1,2
381,1,1,1,1,0,0,2,3,0,0
382,2,1,1,2,0,2,2,2,1,1
383,2,2,3,2,2,3,2,2,3,3
384,2,1,2,1,0,1,2,1,0,2
385,2,1,0,1,0,2,2,1,1,2
386,2,1,2,1,2,2,2,2,1,1
387,2,1,2,1,0,0,2,2,1,1
388,2,1,1,1,0,1,2,2,1,1
389,2,1,0,0,0,1,1,0,1,1
390,2,1,1,1,0,2,2,2,1,1
391,1,0,0,0,0,0,0,0,0,0
392,2,1,2,1,0,1,3,3,1,1
393,1,1,2,1,0,2,1,0,0,0
394,2,1,2,1,0,1,2,2,3,1
395,2,1,3,0,1,1,2,2,0,1
396,1,1,0,1,0,2,1,2,1,0
397,2,1,2,1,2,2,2,2,1,2
398,1,1,0,1,0,0,2,1,0,0
399,2,1,3,2,2,3,2,3,3,2
400,0,0,1,0,0,1,1,2,0,0
401,2,1,1,1,0,1,2,2,0,0
402,1,1,0,1,0,1,2,2,1,1
403,1,1,2,1,0,2,2,0,1,1
404,2,1,2,2,1,2,2,3,1,1
405,1,0,1,0,0,0,1,0,1,1
406,2,1,2,1,1,2,1,3,3,2
407,2,1,0,1,0,1,1,3,1,0
408,2,1,2,2,2,2,3,2,1,2
409,2,3,3,2,2,3,2,3,3,2
410,2,1,3,2,2,3,2,3,1,2
411,1,1,1,1,0,1,2,1,0,0
412,2,1,0,1,0,2,1,0,0,0
413,2,1,0,1,0,2,2,2,0,1
414,2,2,3,3,2,3,3,3,3,2
415,2,1,2,1,0,1,1,0,0,1
416,1,1,0,1,0,2,1,1,0,1
417,2,1,1,2,1,1,2,2,1,2
418,2,1,3,1,2,3,2,3,1,2
419,2,1,0,0,1,1,2,0,1,1
420,1,1,2,1,0,2,2,1,0,1
421,2,2,3,2,2,1,2,3,3,2
422,2,3,2,2,2,2,2,3,3,2
423,1,1,0,0,0,1,2,2,1,1
424,2,1,3,1,2,2,3,2,1,2
425,2,1,1,2,0,2,2,2,0,1
426,2,1,2,1,1,1,1,2,1,2
427,1,1,0,1,1,2,2,1,1,2
428,0,0,0,1,0,1,1,3,0,1
429,2,1,1,1,0,2,2,1,1,0
430,2,1,3,1,2,1,3,3,2,2
431,2,1,1,2,0,1,2,2,1,1
432,2,2,3,2,2,1,2,1,3,2
433,2,1,2,1,2,1,3,2,3,2
434,2,1,2,2,0,1,2,2,1,2
435,1,1,2,1,0,2,2,2,1,1
436,2,1,2,1,0,2,3,2,0,1
437,2,2,2,3,2,3,2,2,1,2
438,2,1,1,1,2,3,2,2,1,2
439,3,3,3,2,2,3,3,3,3,2
440,1,1,1,1,0,0,1,2,1,2
441,2,1,0,1,0,1,2,2,1,1
442,2,1,3,2,2,2,2,2,1,1
443,1,1,2,1,0,0,3,1,0,0
444,2,2,3,2,2,3,2,2,1,2
445,2,2,2,0,1,1,1,3,1,2
446,2,2,2,3,2,3,3,3,3,2
447,2,1,1,1,0,1,2,2,0,1
448,1,1,0,2,1,1,3,2,1,2
449,2,1,1,1,1,0,3,3,1,2
450,2,3,3,3,2,3,3,2,3,3
451,1,1,2,1,1,1,1,1,0,2
452,2,1,2,2,1,2,3,3,1,1
453,2,1,2,1,1,2,3,2,1,1
454,2,3,0,1,0,0,2,1,0,1
455,2,3,3,3,2,3,2,3,3,2
456,2,2,2,1,0,2,2,3,1,2
457,2,1,1,1,2,3,2,2,1,2
458,2,1,0,1,0,1,2,0,0,1
459,1,2,3,2,0,1,3,2,1,0
460,1,1,1,1,2,1,2,2,0,1
461,2,1,2,2,2,3,1,1,0,1
462,1,0,0,0,0,1,0,0,0,1
463,2,2,3,1,2,2,2,2,3,2
464,2,1,2,1,0,3,2,3,0,2
465,2,1,1,0,2,2,2,1,1,1
466,2,1,0,0,0,0,1,1,0,1
467,2,1,3,3,1,1,3,2,3,2
468,2,1,2,1,0,2,3,2,1,1
469,2,2,2,2,2,2,3,2,3,2
470,2,1,2,1,0,2,1,3,1,0
471,2,1,3,1,0,1,1,1,1,3
472,0,0,0,0,0,1,2,1,0,0
473,2,1,2,1,2,1,2,2,1,3
474,2,1,2,1,2,1,2,3,0,1
475,2,1,3,1,2,1,2,1,3,2
476,2,1,2,3,2,2,3,3,3,2
477,0,1,0,0,0,2,2,0,1,0
478,2,1,3,1,0,2,2,2,1,2
479,2,1,2,2,0,2,2,2,0,2
480,0,0,1,0,0,0,0,0,0,0
481,2,2,1,2,2,2,2,3,2,2
482,2,1,0,1,0,1,2,3,1,2
483,2,1,1,1,0,1,1,3,0,0
484,0,1,0,1,0,1,1,2,0,1
485,2,1,1,2,0,2,1,2,1,2
486,2,2,2,1,2,3,2,1,0,3
487,2,0,0,2,0,1,1,1,1,2
488,2,1,2,1,0,2,2,2,0,1
489,2,1,2,3,1,3,2,2,3,2
490,1,1,1,1,0,0,2,0,1,2
491,2,1,0,1,1,1,2,3,1,2
492,0,0,0,1,0,0,1,0,0,0
493,2,1,1,1,2,2,2,2,3,2
494,2,1,0,1,1,2,1,2,1,1
495,2,1,0,1,0,1,2,2,3,1
496,2,0,0,0,0,0,2,0,0,1
497,2,2,1,2,0,2,3,2,3,1
498,2,3,3,3,2,3,2,3,3,2
499,2,1,3,1,2,2,2,2,1,2
500,0,0,0,1,0,0,0,1,0,1
501,1,2,2,1,0,0,1,1,0,2
502,1,1,0,1,0,2,1,2,0,1
503,2,1,2,3,2,2,2,3,1,2
504,2,2,2,1,0,1,1,1,1,1
505,2,1,2,3,2,1,2,3,1,2
506,2,3,3,1,2,1,2,2,1,2
507,2,1,2,2,0,2,2,2,0,2
508,1,2,2,2,2,2,3,2,1,2
509,2,1,2,1,0,2,2,2,0,1
510,2,1,3,1,1,1,2,2,1,1
511,2,1,2,1,2,2,2,2,1,2
512,2,1,3,2,0,2,3,2,1,2
513,1,1,1,2,0,0,2,2,0,2
514,2,1,2,1,1,1,1,1,1,2
515,2,1,2,1,0,1,2,1,1,1
516,1,1,2,1,0,2,2,2,0,1
517,2,2,2,2,2,2,3,3,3,2
518,2,2,3,3,2,2,2,2,3,3
519,0,0,2,0,0,1,2,2,0,0
520,2,0,1,1,1,1,1,3,0,1
521,0,0,0,0,0,0,1,1,0,0
522,2,1,1,3,2,1,3,2,2,1
523,2,1,0,1,0,1,2,1,1,1
524,2,1,0,1,0,1,0,1,1,2
525,2,1,1,2,0,2,2,2,1,2
526,2,3,3,2,2,2,2,3,3,3
527,2,2,3,3,1,1,3,3,3,3
528,0,2,1,1,1,0,1,1,0,2
529,0,0,1,0,0,1,1,1,0,0
530,1,1,2,1,0,2,1,2,0,2
531,2,1,1,1,0,1,2,1,0,1
532,2,1,1,2,1,2,2,3,0,2
533,2,1,0,1,0,2,2,2,1,2
534,0,0,0,1,0,1,2,1,0,0
535,2,2,3,1,0,1,2,2,0,1
536,2,1,2,2,2,1,3,2,1,1
537,2,1,2,1,0,2,2,3,1,2
538,2,1,1,0,0,1,2,0,1,2
539,1,1,0,1,0,2,3,1,0,1
540,2,1,1,1,0,1,2,2,0,1
541,2,1,2,3,2,2,2,3,3,2
542,2,1,2,1,2,1,3,2,1,2
543,2,2,1,2,2,2,2,3,1,2
544,2,1,2,1,1,2,1,3,1,2
545,2,1,0,2,1,1,1,2,0,2
546,2,1,2,2,2,3,2,2,0,2
547,2,2,1,0,0,3,3,2,1,2
548,2,1,3,1,0,3,2,2,0,1
549,2,1,1,2,0,1,2,2,0,2
550,2,1,0,1,0,1,3,2,1,2
551,0,1,0,0,0,1,2,2,0,0
552,2,1,0,1,1,2,2,1,2,2
553,2,1,1,1,0,1,1,2,1,0
554,2,1,0,2,2,2,2,0,0,1
555,2,1,2,3,2,2,1,3,1,2
556,0,1,1,1,0,2,1,0,0,1
557,1,2,3,1,2,2,2,2,3,1
558,2,3,2,3,2,3,3,2,3,2
559,2,1,2,1,2,2,2,2,1,2
560,2,1,2,2,0,2,3,1,1,1
561,1,1,1,0,0,1,1,1,0,0
562,2,1,3,2,1,2,2,3,2,2
563,2,1,0,1,0,0,2,0,0,0
564,3,3,2,2,2,2,3,3,3,2
565,2,1,2,1,0,2,2,2,1,1
566,1,1,2,2,0,1,3,3,1,1
567,1,1,0,0,0,1,2,2,0,2
568,2,1,1,1,0,0,1,2,0,0
569,2,1,3,2,1,3,1,1,1,2
570,2,2,2,1,2,2,2,2,1,2
571,2,1,1,0,0,1,2,2,1,2
572,2,1,0,1,0,1,2,2,1,1
573,1,1,0,1,0,1,1,0,0,1
574,2,1,3,1,2,3,3,2,1,2
575,0,0,0,0,0,0,2,1,0,0
576,2,1,0,1,0,1,0,0,2,1
577,2,1,0,1,1,3,2,3,1,1
578,2,1,2,2,1,3,2,2,3,2
579,2,1,1,0,1,1,1,0,0,0
580,2,2,1,1,0,1,2,3,0,1
581,1,0,0,0,0,1,0,0,0,0
582,2,2,3,2,2,2,2,2,3,2
583,2,1,3,1,1,1,1,0,0,0
584,2,1,1,1,0,0,2,0,0,1
585,1,1,2,2,1,1,2,2,3,1
586,2,1,1,2,3,2,3,3,3,2
587,2,2,1,1,2,3,2,2,3,2
588,2,2,3,1,1,2,2,2,1,2
589,2,1,2,2,2,2,1,3,1,2
590,2,2,3,2,2,3,3,2,3,2
591,2,1,2,1,0,2,2,2,1,1
592,2,1,0,1,0,1,1,2,0,2
593,2,3,3,3,2,3,2,3,3,2
594,0,1,2,2,0,1,2,2,0,1
595,2,1,2,1,2,1,2,2,1,2
596,0,1,1,0,0,0,2,0,0,1
597,2,1,2,1,2,2,2,3,1,1
598,2,1,2,1,2,2,2,2,3,2
599,2,1,0,1,0,1,2,2,1,1
600,1,1,3,0,2,1,1,3,0,0
601,2,1,0,1,0,3,2,3,1,1
602,2,1,2,1,0,2,2,2,1,1
603,2,3,2,1,1,2,2,2,3,2
604,2,1,1,1,0,2,1,1,1,2
605,2,1,2,2,2,0,2,2,1,2
606,2,3,1,2,2,2,2,3,1,3
607,2,1,1,1,0,2,2,0,0,1
608,2,3,3,2,2,2,3,3,2,2
609,2,1,1,2,1,2,3,1,1,1
610,2,1,2,2,1,2,2,3,2,2
611,2,2,3,3,2,2,3,3,3,2
612,0,1,1,0,1,1,2,1,0,1
613,1,1,0,1,0,1,2,0,1,1
614,2,2,2,1,2,2,2,2,1,2
615,1,0,1,1,0,0,0,0,0,1
616,2,1,2,2,1,2,2,2,1,1
617,1,1,0,0,0,0,1,1,0,1
618,2,2,2,2,1,3,2,2,1,2
619,2,1,2,1,0,1,2,1,1,2
620,2,2,3,1,2,3,2,2,1,2
621,1,1,1,1,0,0,2,2,0,0
622,1,2,2,0,1,2,1,1,0,1
623,2,2,0,1,0,1,2,1,0,2
624,2,0,1,1,0,1,1,2,0,1
625,2,1,2,1,0,2,3,2,2,2
626,2,1,2,1,2,3,2,3,1,2
627,0,1,1,0,0,1,2,1,0,1
628,1,1,1,0,2,3,1,2,0,1
629,1,1,2,1,0,1,3,0,0,0
630,1,1,0,1,0,1,1,2,0,1
631,2,1,0,1,1,3,3,2,1,1
632,1,1,2,2,1,2,3,1,1,2
633,1,2,1,2,0,0,1,2,0,1
634,2,1,1,1,1,3,2,2,1,2
635,2,1,1,1,0,1,2,0,0,0
636,2,3,2,3,2,3,3,2,3,3
637,2,1,2,1,2,3,3,2,1,1
638,0,1,0,0,0,0,1,2,0,0
639,2,1,1,1,1,1,2,2,1,2
640,2,1,1,0,0,0,1,1,1,0
641,0,0,0,1,0,1,1,1,0,0
642,2,1,1,1,0,1,2,2,0,2
643,2,1,2,1,0,1,2,3,0,1
644,2,3,3,2,2,2,3,2,3,3
645,2,1,1,2,1,2,3,3,2,2
646,1,1,0,1,0,1,2,2,0,1
647,0,1,2,0,0,2,2,2,0,2
648,1,1,0,0,0,0,0,1,0,0
649,2,1,0,1,2,2,3,2,1,2
650,2,1,3,2,0,3,2,3,3,2
651,1,1,0,0,0,1,3,2,0,1
652,2,1,1,1,0,2,1,2,0,1
653,1,1,0,0,0,1,1,0,0,0
654,2,1,2,1,2,2,2,3,0,1
655,2,2,2,1,0,2,2,1,0,1
656,2,1,2,2,2,0,2,2,0,0
657,2,2,3,3,2,2,3,3,1,1
658,2,1,2,1,1,2,2,2,0,1
659,1,1,1,1,0,0,1,3,0,1
660,2,1,1,1,0,2,1,1,0,1
661,2,2,2,2,2,2,3,3,3,2
662,2,1,3,1,0,2,2,3,1,1
663,2,1,0,1,0,2,3,1,0,2
664,2,1,1,1,0,1,1,2,0,0
665,2,1,1,0,1,2,2,2,1,2
666,2,2,3,3,3,2,3,2,3,2
667,2,2,2,1,0,2,2,2,1,1
668,1,1,1,2,0,2,2,0,1,1
669,2,2,3,2,2,3,2,2,1,2
670,2,1,2,1,0,2,1,2,1,2
671,2,1,2,1,0,2,2,2,2,2
672,2,1,3,1,2,2,2,2,2,2
673,2,1,2,2,0,2,1,1,0,0
674,2,2,1,1,1,1,3,2,1,1
675,2,2,3,2,2,2,3,2,1,1
676,0,1,1,0,0,2,1,2,0,0
677,2,2,3,1,2,3,2,2,1,2
678,2,2,2,2,2,3,2,2,1,3
679,2,2,3,2,2,3,2,3,1,2
680,1,1,1,0,0,1,1,2,1,2
681,2,1,1,2,2,1,3,1,1,2
682,2,1,1,2,0,2,3,1,0,2
683,2,1,3,1,2,3,2,2,3,2
684,1,2,3,1,2,2,3,3,1,0
685,1,2,0,2,0,2,1,1,0,1
686,2,2,2,2,2,3,2,2,1,1
687,2,1,2,2,2,1,3,2,1,2
688,2,1,2,2,0,1,2,1,1,1
689,2,2,2,2,1,3,3,2,3,1
690,1,1,2,1,0,2,3,2,1,2
691,1,1,0,0,2,1,2,1,0,1
692,2,1,1,1,2,2,2,2,1,1
693,2,1,2,2,0,2,2,2,1,1
694,1,1,0,1,0,1,0,2,0,1
695,2,1,0,1,0,3,2,0,1,1
696,1,1,2,1,0,1,1,1,0,1
697,2,1,2,0,2,1,2,1,0,1
698,2,1,2,2,0,2,2,2,1,1
699,2,1,0,0,0,1,2,2,0,1
700,2,1,2,1,2,1,3,2,3,1
701,2,3,3,3,2,2,3,3,3,2
702,3,2,2,2,2,2,2,3,3,2
703,0,0,0,0,0,0,1,0,0,2
704,2,1,0,1,2,2,2,3,1,2
705,2,1,1,1,2,3,2,2,1,2
706,2,1,1,1,2,3,2,3,1,2
707,1,1,1,2,0,2,2,1,1,2
708,1,1,0,1,0,0,0,2,1,0
709,2,1,1,1,0,3,2,1,1,2
710,2,2,1,1,2,2,3,2,1,1
711,2,1,2,2,2,2,2,1,1,2
712,2,1,2,2,0,2,3,2,1,2
713,2,1,2,0,2,2,2,2,1,2
714,2,1,2,1,2,1,2,1,0,2
715,2,1,0,1,0,2,1,1,1,1
716,1,0,0,0,0,0,1,0,0,0
717,2,1,2,1,0,2,2,3,1,2
718,2,1,2,1,2,0,2,2,0,2
719,2,1,3,1,0,1,2,2,1,1
720,2,2,2,1,2,3,2,2,3,2
721,2,1,0,1,0,2,2,2,0,1
722,2,1,1,1,2,3,2,3,1,1
723,2,0,2,1,0,1,2,1,0,0
724,2,1,1,2,2,3,1,2,3,2
725,1,1,3,1,0,2,2,2,0,0
726,2,1,3,1,0,1,3,1,1,2
727,2,2,3,1,2,3,3,0,1,1
728,2,1,0,2,0,3,3,2,1,2
729,1,1,2,1,1,0,2,1,0,1
730,0,1,0,0,0,0,2,1,0,1
731,2,1,2,1,1,3,2,1,0,2
732,2,1,1,0,0,2,3,1,0,1
733,2,1,2,1,0,1,3,3,0,2
734,2,1,2,1,2,3,2,3,1,2
735,1,1,1,0,0,1,2,2,0,1
736,1,1,3,1,0,2,2,2,1,1
737,1,1,0,0,0,1,1,0,0,2
738,1,1,3,1,0,1,2,0,0,1
739,2,1,3,1,0,0,0,2,1,1
740,2,1,2,0,0,0,2,1,1,1
741,2,1,1,1,2,2,2,3,1,1
742,2,2,0,2,2,3,3,3,1,2
743,1,2,1,1,1,1,2,3,2,1
744,2,1,3,1,0,2,1,0,0,1
745,2,2,3,1,2,2,2,3,3,1
746,1,1,0,1,0,0,2,2,0,1
747,2,2,1,1,2,3,3,3,1,2
748,2,1,2,2,1,2,2,2,1,1
749,1,1,0,0,0,1,1,3,0,1
750,2,1,1,1,0,1,2,1,0,0
751,2,3,3,3,2,2,2,3,2,2
752,2,1,2,1,1,3,2,1,0,1
753,2,1,1,2,1,2,2,2,3,2
754,1,1,2,1,0,2,2,2,0,1
755,1,1,1,1,0,1,3,2,0,0
756,2,1,2,1,1,1,2,2,2,2
757,2,1,1,2,2,2,3,2,3,2
758,2,1,1,1,0,2,2,2,0,0
759,2,1,0,2,0,1,2,1,2,0
760,2,1,2,1,0,1,2,1,1,0
761,1,1,2,1,1,2,2,2,0,1
762,1,1,0,1,0,1,1,0,0,1
763,2,1,2,1,0,2,2,2,2,1
764,2,2,2,2,0,2,2,2,1,2
765,2,3,3,2,2,2,2,3,3,2
766,0,1,0,0,0,1,1,0,0,0
767,1,0,2,0,0,2,2,1,0,0
768,1,1,0,1,0,2,3,3,1,1
769,1,1,2,1,0,2,2,3,0,1
770,0,1,0,0,0,0,1,0,0,0
771,1,0,0,1,0,1,1,0,0,0
772,2,1,1,1,2,3,2,2,3,2
773,0,1,0,1,0,2,2,1,0,1
774,2,2,0,1,0,1,2,2,0,1
775,2,1,2,1,2,2,2,3,0,3
776,2,0,3,1,0,3,2,2,0,2
777,2,2,2,2,2,2,3,3,2,1
778,1,1,3,1,2,3,2,1,1,2
779,2,1,3,2,1,3,2,2,1,2
780,2,1,0,1,0,3,2,2,1,3
781,2,1,2,2,0,2,1,2,1,2
782,2,2,2,1,2,2,2,3,1,1
783,2,1,0,1,0,3,3,3,3,0
784,2,1,1,1,2,1,2,2,1,2
785,1,1,0,1,0,0,2,0,0,1
786,0,1,2,2,0,1,2,0,1,1
787,1,2,2,1,2,2,2,2,3,3
788,2,2,3,2,2,2,2,2,2,2
789,1,1,0,1,0,2,1,2,0,1
790,2,1,3,2,2,1,2,1,3,2
791,2,1,2,1,0,2,2,2,1,0
792,1,0,0,0,0,1,2,0,0,1
793,2,3,3,3,2,3,3,3,3,3
794,2,1,2,2,2,2,2,2,0,2
795,2,1,1,2,2,2,3,2,1,2
796,2,1,0,2,2,1,2,3,1,2
797,2,1,1,1,1,3,2,3,0,2
798,2,1,0,1,0,1,2,2,0,0
799,2,1,3,1,0,3,2,2,1,2
800,2,1,1,0,0,1,2,0,1,1
801,2,1,0,0,0,1,2,2,0,1
802,2,3,2,3,2,3,3,3,3,3
803,1,1,0,1,0,1,2,2,0,0
804,0,1,0,0,0,2,2,0,0,1
805,0,1,1,2,0,2,2,1,0,1
806,2,1,0,1,0,2,2,1,0,0
807,2,1,1,2,0,2,2,2,1,1
808,2,2,2,1,1,2,3,2,1,1
809,2,1,3,2,2,1,2,3,1,1
810,2,1,1,1,3,0,2,2,1,2
811,2,2,1,1,2,2,1,2,1,2
812,0,1,1,0,0,2,3,1,0,0
813,2,3,3,2,3,1,3,2,3,3
814,2,2,2,2,1,3,2,3,2,1
815,2,1,3,1,0,2,2,0,0,1
816,2,2,2,1,2,1,2,2,1,2
817,2,1,2,2,2,2,3,3,3,3
818,2,1,0,1,0,1,2,2,0,1
819,2,1,1,0,0,1,2,0,1,2
820,2,2,2,2,0,2,2,2,3,1
821,2,2,2,1,2,2,3,3,3,2
822,1,1,1,1,1,1,1,1,1,1
823,2,2,1,1,0,3,2,2,1,1
824,2,2,1,2,2,3,2,2,3,2
825,2,3,2,3,2,2,2,3,2,3
826,2,1,3,2,0,1,2,3,1,1
827,2,1,3,1,0,1,1,1,1,2
828,0,0,0,1,1,1,2,0,0,0
829,2,1,2,1,0,2,2,3,1,2
830,0,1,0,1,0,0,1,1,0,1
831,2,1,1,1,2,1,1,2,0,2
832,2,1,0,1,0,0,2,2,0,2
833,2,1,1,1,2,1,3,1,0,1
834,2,1,2,1,2,2,1,3,1,2
835,2,1,0,1,0,2,2,0,0,1
836,1,1,1,1,0,1,1,1,1,0
837,2,3,2,2,3,3,3,2,3,3
838,2,1,2,1,1,2,2,2,0,1
839,0,1,0,0,0,0,1,1,0,1
840,2,2,2,1,0,3,2,2,1,1
841,1,1,3,1,0,2,2,2,0,2
842,0,1,0,1,0,1,2,0,0,0
843,1,0,0,1,0,0,1,2,0,0
844,2,1,2,1,1,3,3,0,0,2
845,2,2,1,2,2,2,2,2,3,2
846,0,1,1,1,0,0,1,2,0,0
847,2,1,3,1,1,1,2,2,0,2
848,2,1,3,1,1,1,2,1,1,2
849,1,1,1,1,0,2,1,2,1,0
850,2,1,1,1,1,2,2,2,1,2
851,2,1,1,1,2,3,2,3,1,2
852,2,1,2,2,1,3,2,2,1,2
853,2,1,2,3,0,1,3,2,1,2
854,2,1,3,1,0,1,2,2,1,1
855,2,1,3,1,0,2,2,1,0,1
856,2,1,2,1,1,2,2,2,1,1
857,2,1,2,0,0,2,2,0,1,0
858,0,0,0,0,0,2,0,1,0,0
859,2,1,3,1,0,2,2,2,1,2
860,2,1,1,1,0,2,2,2,0,2
861,1,1,0,0,1,1,2,2,0,1
862,2,1,2,1,2,1,2,2,3,2
863,2,1,3,1,0,1,2,2,1,2
864,2,1,2,1,0,1,3,3,1,1
865,2,1,1,2,1,2,2,1,0,2
866,1,1,0,1,0,1,1,1,1,1
867,2,1,1,1,1,2,1,3,0,2
868,2,2,0,2,2,3,2,1,1,2
869,2,1,0,1,2,3,2,2,1,2
870,1,1,1,0,0,1,1,0,0,1
871,1,1,2,0,0,0,0,0,0,0
872,2,1,1,1,0,1,0,2,1,1
873,2,1,2,1,2,2,2,1,0,2
874,2,1,2,1,0,0,2,2,1,2
875,2,1,2,2,0,2,2,2,1,2
876,2,1,0,2,0,1,2,1,0,1
877,1,0,1,0,0,0,3,0,0,1
878,1,1,0,1,0,0,1,2,0,0
879,0,1,0,1,0,1,1,1,1,1
880,1,2,1,1,0,2,3,2,1,2
881,1,0,2,1,0,1,2,2,1,1
882,0,1,0,1,0,1,2,1,0,0
883,2,1,3,1,2,2,3,1,0,1
884,2,1,2,2,0,1,2,1,1,1
885,0,0,0,0,0,0,1,0,0,0
886,2,2,2,2,2,2,2,2,2,1
887,2,1,1,1,0,2,2,3,0,2
888,0,1,1,1,0,0,1,1,0,1
889,2,1,1,1,1,1,1,1,1,1
890,2,1,3,1,0,1,2,1,1,1
891,2,1,1,2,2,3,3,2,1,2
892,0,1,0,1,0,0,1,1,0,0
893,1,1,2,1,2,1,2,2,0,1
894,2,1,0,1,0,1,2,2,0,0
895,1,1,0,1,1,2,2,2,0,2
896,2,2,2,3,2,3,2,3,3,1
897,1,1,1,1,0,3,3,2,0,1
898,2,1,2,1,0,1,2,2,0,0
899,2,1,2,2,2,2,2,2,1,2
900,2,1,1,1,2,2,2,2,0,1
901,2,2,3,1,3,2,3,3,3,2
902,2,1,2,1,1,1,2,3,1,1
903,1,2,1,2,0,1,2,2,1,1
904,2,1,3,2,2,2,2,2,2,2
905,2,1,2,2,2,3,3,2,3,2
906,1,0,1,0,0,0,1,1,0,0
907,2,2,2,1,2,3,2,2,1,1
908,2,1,2,2,2,3,2,1,1,2
909,2,2,2,1,0,3,3,1,1,2
910,2,1,3,1,0,2,2,1,2,1
911,2,1,1,1,0,1,2,2,1,1
912,2,1,2,2,2,2,2,2,1,2
913,2,2,2,2,1,3,2,2,3,2
914,2,2,1,1,2,2,2,2,3,2
915,2,1,2,2,2,3,3,1,1,3
916,1,1,0,1,0,1,1,1,0,0
917,2,1,1,2,0,2,2,2,1,1
918,2,2,3,2,2,2,2,3,2,2
919,2,1,2,1,0,1,1,1,1,1
920,0,1,0,1,0,2,1,1,0,0
921,2,1,1,2,2,2,2,2,1,2
922,0,0,0,0,0,0,0,0,0,0
923,2,3,3,3,2,3,2,3,3,2
924,2,2,3,1,2,1,2,3,1,3
925,1,1,0,1,0,1,2,1,0,1
926,2,1,0,1,0,1,2,3,1,1
927,1,1,0,1,0,3,1,3,1,0
928,2,1,2,0,0,2,2,2,0,1
929,2,1,2,2,2,2,2,2,1,2
930,2,2,2,3,1,3,2,2,3,2
931,0,0,0,0,0,0,1,0,0,0
932,2,2,2,1,1,2,2,2,3,3
933,2,1,1,1,0,2,2,0,1,1
934,2,2,3,3,2,2,2,2,2,1
935,2,1,2,1,2,2,2,3,1,2
936,2,1,2,1,2,3,3,2,1,2
937,2,1,3,1,0,2,2,2,1,2
938,2,1,0,0,0,2,2,2,1,2
939,2,1,2,1,0,1,1,2,0,1
940,1,0,0,2,0,0,0,0,0,1
941,2,0,1,0,0,1,3,0,1,0
942,1,1,1,1,0,1,2,3,1,1
943,2,1,2,1,0,3,2,2,0,1
944,2,2,1,2,2,2,2,3,1,1
945,1,1,2,1,1,0,3,3,1,1
946,2,2,2,2,2,2,3,2,1,2
947,1,1,2,1,0,2,2,1,1,0
948,2,1,2,1,0,2,2,1,1,2
949,2,2,2,1,2,2,2,2,3,2
950,2,1,2,0,1,1,1,2,0,1
951,2,1,3,1,0,0,2,2,1,2
952,2,1,3,3,2,3,3,2,3,2
953,2,1,2,1,2,2,2,2,1,1
954,1,1,3,2,2,1,1,3,0,2
955,2,1,3,1,2,3,3,2,3,2
956,1,1,3,1,1,1,2,2,0,1
957,1,1,0,1,0,2,2,0,0,1
958,2,1,2,1,0,2,2,1,1,2
959,2,2,2,2,1,2,2,2,2,3
960,1,1,0,1,0,2,2,2,0,0
961,1,1,2,1,2,2,2,3,1,2
962,2,2,3,2,2,2,2,1,3,2
963,2,3,3,3,3,2,3,3,3,2
964,1,0,2,1,0,0,2,1,0,1
965,2,1,2,1,0,2,2,1,1,1
966,2,1,1,1,2,2,2,2,1,2
967,2,1,0,0,0,1,2,2,0,1
968,2,2,2,1,2,2,2,3,1,2
969,0,1,0,1,0,0,2,2,0,1
970,2,1,2,2,2,0,3,2,3,2
971,2,1,0,2,2,1,3,3,3,2
972,0,1,1,0,0,3,2,1,0,2
973,2,1,0,1,0,1,2,2,0,1
974,2,2,2,3,2,3,3,3,3,2
975,0,0,0,0,0,0,0,0,0,0
976,2,2,2,1,2,3,3,1,0,2
977,2,1,0,1,0,1,1,1,0,0
978,0,1,0,1,0,1,2,1,1,1
979,2,3,2,2,2,2,2,3,3,2
980,0,0,0,0,0,0,0,1,0,0
981,2,2,3,2,2,3,3,2,3,2
982,2,1,2,1,2,2,2,2,1,1
983,2,1,0,1,0,1,2,2,1,1
984,2,2,2,1,0,3,2,1,1,2
985,1,1,0,1,0,3,1,2,1,1
986,1,1,1,1,0,2,1,0,0,0
987,2,1,1,0,0,2,0,2,1,2
988,2,2,2,2,2,2,2,3,2,3
989,2,2,2,1,0,3,1,2,1,1
990,1,1,2,2,0,1,2,1,1,1
991,2,1,2,1,0,1,3,2,0,2
992,2,1,0,1,0,1,2,3,0,1
993,0,0,0,0,0,1,1,2,0,1
994,2,1,0,1,1,2,1,2,0,0
995,2,1,0,1,0,2,1,1,1,1
996,2,1,2,2,2,3,2,1,3,2
997,2,2,3,3,2,3,2,3,3,3
998,2,1,2,1,2,1,2,3,1,2
999,0,1,0,1,0,1,1,1,0,0
1000,2,1,2,1,2,3,3,3,2,2
1001,2,1,3,2,2,2,3,1,1,1
1002,1,1,1,0,0,1,1,1,0,0
1003,2,2,1,1,2,2,2,3,1,2
1004,2,1,2,1,2,2,2,2,1,2
1005,2,1,2,1,0,2,2,0,0,1
1006,2,3,2,2,2,2,2,3,1,2
1007,2,1,2,1,0,3,2,1,1,0
1008,2,3,3,2,2,3,3,3,3,2
1009,1,1,2,0,1,1,2,1,1,1
1010,2,1,2,2,0,0,2,1,0,2
1011,2,1,0,2,0,2,2,2,1,1
1012,2,1,2,2,2,3,2,3,3,2
1013,2,1,1,1,0,1,2,2,0,2
1014,2,1,1,0,1,3,2,2,1,2
1015,2,1,2,2,2,2,2,2,1,2
1016,2,3,2,1,1,2,2,2,3,2
1017,2,2,2,2,0,2,2,2,3,1
1018,2,1,0,1,0,1,2,0,0,0
1019,2,1,1,1,0,2,2,2,1,1
1020,1,1,0,1,0,2,2,0,0,0
1021,2,2,2,2,2,3,3,1,1,2
1022,2,1,1,1,0,1,0,1,1,1
1023,2,1,2,1,2,2,2,3,1,1
1024,0,1,1,1,0,0,2,1,0,1
1025,0,1,2,0,0,2,1,2,0,1
1026,2,1,2,2,0,1,2,2,1,1
1027,2,1,1,1,0,3,2,2,1,1
1028,2,2,1,2,1,3,2,2,0,2
1029,2,2,3,3,2,2,3,2,3,2
1030,2,1,2,1,2,3,2,2,1,2
1031,1,1,0,1,0,2,1,2,0,0
1032,1,1,2,1,0,2,2,2,1,2
1033,2,1,2,1,0,1,2,0,0,1
1034,0,1,1,1,0,2,1,2,0,0
1035,2,1,0,1,0,3,2,2,0,1
1036,2,2,2,1,1,3,2,2,1,1
1037,2,1,1,1,1,1,2,2,0,1
1038,2,1,1,1,0,1,2,0,1,1
1039,2,2,1,1,0,1,2,3,1,2
1040,2,2,2,1,2,3,3,2,1,1
1041,2,1,2,0,2,2,2,2,1,2
1042,1,0,0,0,0,1,0,2,0,1
1043,2,1,2,2,0,2,2,3,1,1
1044,2,1,2,1,2,3,3,2,1,2
1045,2,1,0,1,0,1,2,1,1,0
1046,2,1,3,2,0,0,1,2,1,1
1047,2,1,0,1,0,0,2,2,0,1
1048,2,1,3,2,1,2,2,2,1,1
1049,2,3,3,2,2,2,3,2,3,3
1050,2,1,3,1,0,3,2,2,1,2
1051,2,2,1,0,0,1,2,0,0,1
1052,2,2,3,2,2,2,2,2,3,2
1053,2,1,1,1,0,1,1,2,1,1
1054,3,2,3,2,2,3,2,3,3,2
1055,2,1,3,1,2,3,2,1,1,1
1056,1,1,0,1,0,0,2,2,0,1
1057,2,1,1,2,0,1,3,3,3,1
1058,2,3,2,3,2,3,2,2,3,3
1059,0,1,0,1,0,2,1,2,0,1
1060,0,1,0,1,0,0,0,1,0,0
1061,2,2,2,1,2,3,3,2,3,2
1062,1,1,0,0,0,2,2,1,0,0
1063,2,2,0,0,0,2,2,3,2,2
1064,1,1,0,0,0,0,1,0,0,0
1065,2,1,0,3,2,2,2,1,1,2
1066,2,1,1,1,2,0,2,3,1,1
1067,2,1,1,0,0,1,2,1,0,2
1068,2,1,1,2,0,1,1,2,1,1
1069,2,1,3,1,0,3,3,2,3,1
1070,0,0,0,1,0,0,2,0,0,1
1071,2,1,0,1,0,0,2,3,0,1
1072,2,1,2,1,0,2,2,3,1,2
1073,2,1,3,2,1,1,2,3,1,2
1074,2,1,3,2,0,2,2,2,0,2
1075,2,1,2,2,0,1,2,1,1,1
1076,2,1,1,1,2,2,1,2,1,1
1077,1,1,2,1,0,3,2,1,0,2
1078,2,1,2,1,0,2,2,2,1,2
1079,0,1,1,1,0,0,1,3,0,0
1080,0,0,0,1,0,0,1,0,0,0
1081,2,1,2,2,2,3,3,1,1,3
1082,1,0,2,3,0,2,1,2,0,2
1083,2,1,1,1,0,0,2,2,1,0
1084,2,2,2,1,2,1,1,2,1,1
1085,2,1,1,2,1,1,1,3,1,1
1086,2,1,2,1,0,1,1,2,0,2
1087,2,1,3,1,1,2,3,1,1,2
1088,1,1,0,1,0,0,1,0,1,0
1089,0,1,0,1,0,1,2,1,0,1
1090,1,1,2,2,0,1,1,0,1,2
1091,2,1,2,1,0,1,2,2,1,2
1092,2,2,1,2,2,3,3,2,1,2
1093,1,1,0,1,0,1,2,0,0,0
1094,1,1,0,0,0,2,2,1,1,2
1095,2,1,2,1,0,1,2,1,0,0
1096,2,2,2,2,2,2,2,2,3,3
1097,2,1,2,1,0,1,1,2,1,2
1098,0,1,0,1,0,1,2,1,1,1
1099,1,1,1,0,0,2,2,3,0,2
1100,1,0,1,1,0,0,1,2,0,1
1101,2,1,1,2,1,2,2,3,1,1
1102,2,1,0,1,2,1,2,2,0,1
1103,2,1,1,1,2,0,2,3,1,1
1104,2,1,3,2,2,3,2,2,1,1
1105,2,1,2,1,0,3,2,1,1,2
1106,2,1,1,1,1,1,2,2,1,1
1107,2,1,1,0,0,2,1,1,1,2
1108,0,1,0,1,1,2,2,2,1,1
1109,2,1,3,1,2,2,3,3,1,1
1110,1,1,1,0,2,2,0,0,0,1
1111,1,1,2,1,0,2,2,2,0,0
1112,1,1,0,1,1,2,2,0,0,2
1113,2,1,0,1,0,2,2,1,1,2
1114,2,1,2,1,0,2,3,1,1,2
1115,2,2,2,3,2,3,3,2,3,2
1116,1,1,2,1,0,2,2,2,0,1
1117,0,0,2,1,0,1,0,1,0,0
1118,2,1,0,1,0,1,2,1,0,2
1119,2,3,2,2,2,3,3,3,3,3
1120,0,0,1,1,0,0,2,3,0,0
1121,0,1,1,1,0,0,0,1,0,1
1122,2,1,2,3,2,2,2,3,1,2
1123,2,1,3,1,1,1,2,3,1,1
1124,0,1,0,1,0,1,1,1,0,0
1125,2,2,1,2,2,3,2,1,1,2
1126,2,2,2,2,2,3,2,2,1,1
1127,1,1,0,0,0,1,1,1,0,1
1128,2,1,2,1,1,1,2,2,1,2
1129,2,1,2,2,1,2,2,1,1,2
1130,2,1,0,2,0,0,2,2,1,2
1131,2,1,1,3,2,2,2,3,3,1
1132,2,1,0,1,1,1,3,1,0,1
1133,1,1,2,1,0,2,2,0,1,2
1134,2,1,2,1,1,1,3,3,1,2
1135,2,1,3,1,2,3,2,1,3,2
1136,2,1,1,2,0,3,2,1,1,1
1137,2,2,3,1,2,2,3,1,0,2
1138,2,1,2,1,0,2,1,2,1,1
1139,2,1,2,1,0,2,2,1,1,1
1140,1,1,0,1,1,1,2,2,0,2
1141,2,1,1,1,1,1,2,2,3,1
1142,2,1,0,1,0,2,1,2,0,0
1143,2,1,3,2,2,2,1,3,1,2
1144,2,1,1,2,2,1,2,2,1,2
1145,2,1,3,1,1,1,2,3,1,0
1146,2,1,2,2,0,2,1,2,0,2
1147,2,1,3,1,1,2,1,2,1,1
1148,2,1,0,1,0,3,2,2,1,2
1149,1,0,0,1,0,0,0,2,0,1
1150,2,2,3,1,2,2,3,2,3,2
1151,2,1,1,1,2,1,2,1,1,1
1152,1,2,2,1,0,1,0,0,1,2
1153,2,1,0,0,0,0,1,0,0,1
1154,0,0,0,0,0,0,1,0,0,1
1155,2,1,2,1,0,1,1,2,1,1
1156,1,0,1,1,0,0,1,0,0,0
1157,2,2,3,3,2,3,3,2,3,1
1158,2,1,2,2,1,2,2,3,2,3
1159,2,1,1,0,1,1,1,1,1,2
1160,1,1,1,1,0,0,2,3,0,2
1161,2,1,2,1,2,2,2,2,1,1
1162,2,1,2,2,0,1,2,0,0,1
1163,1,1,2,0,0,2,1,2,0,1
1164,0,1,3,1,0,2,2,0,1,2
1165,2,1,1,2,2,1,2,2,2,1
1166,1,1,3,0,0,2,2,1,0,0
1167,2,1,2,1,1,3,2,3,1,2
1168,2,1,1,1,2,1,2,2,1,2
1169,0,1,1,1,0,2,2,0,0,1
1170,2,2,2,1,1,2,2,3,1,1
1171,2,1,0,1,0,1,3,1,1,1
1172,2,1,2,1,1,1,2,3,2,2
1173,2,1,1,1,0,1,2,3,0,1
1174,1,1,2,1,2,0,0,3,0,2
1175,2,1,3,1,1,2,2,2,3,2
1176,2,1,2,2,1,1,2,2,1,1
1177,2,1,3,2,1,2,2,2,3,1
1178,1,2,1,1,1,1,2,2,0,1
1179,2,1,2,1,1,3,2,1,1,1
1180,0,1,0,0,0,1,2,0,0,0
1181,2,2,2,2,0,1,2,2,0,1
1182,2,2,1,0,0,1,1,2,0,2
1183,2,1,3,2,0,3,2,2,0,2
1184,0,1,0,0,0,0,3,0,0,0
1185,2,1,2,0,2,1,3,1,1,1
1186,2,1,3,1,2,3,2,2,1,1
1187,2,1,0,1,0,3,1,2,0,1
1188,2,3,2,2,2,2,3,3,3,3
1189,2,0,0,1,0,0,2,2,0,1
1190,2,1,0,0,2,1,1,0,1,2
1191,1,1,1,1,0,1,0,2,0,0
1192,2,1,2,2,0,1,3,1,1,1
1193,2,1,3,1,0,1,2,1,1,1
1194,1,3,3,3,2,3,3,2,3,2
1195,2,3,3,3,2,3,2,3,3,2
1196,2,3,3,2,3,3,2,1,2,3
1197,1,0,1,0,0,1,0,0,1,0
1198,2,2,3,1,1,1,2,1,0,2
1199,2,2,2,1,1,2,3,3,1,2
1200,0,1,0,0,0,1,1,0,0,0
1201,2,3,1,1,2,3,2,3,3,2
1202,0,0,0,1,0,1,3,0,0,1
1203,2,1,2,2,1,1,2,3,1,2
1204,0,0,0,0,0,0,1,1,0,1
1205,0,1,2,1,0,0,1,1,0,1
1206,2,1,3,2,1,2,3,2,1,2
1207,2,2,2,3,2,2,2,2,3,2
1208,2,1,0,1,1,2,2,2,1,2
1209,0,0,0,0,0,1,1,1,0,0
1210,1,1,3,1,0,1,2,2,0,1
1211,2,2,3,2,2,2,3,3,2,2
1212,2,1,2,2,0,2,2,2,1,1
1213,0,1,1,0,0,1,2,1,0,0
1214,2,1,2,1,1,2,1,2,1,2
1215,2,1,3,1,2,3,2,3,1,2
1216,1,2,2,1,1,3,2,1,1,2
1217,2,1,2,1,0,2,1,2,0,1
1218,2,1,0,1,0,2,1,1,0,0
1219,2,1,2,2,0,2,2,2,0,1
1220,2,0,1,0,0,2,1,0,1,1
1221,2,2,0,2,0,3,2,1,0,2
1222,2,1,0,1,0,3,3,2,1,1
1223,1,1,0,2,1,2,2,1,0,2
1224,2,1,1,1,0,0,2,2,1,1
1225,2,1,2,1,0,1,2,1,1,0
1226,1,1,0,0,0,1,0,2,0,1
1227,2,2,3,2,1,2,1,3,3,2
1228,2,1,2,3,2,2,3,1,1,2
1229,2,1,2,1,2,2,2,2,0,1
1230,2,1,0,1,2,3,2,2,1,2
1231,1,1,2,1,0,2,2,3,1,1
1232,2,2,2,2,2,1,3,2,1,2
1233,2,1,1,2,1,2,2,2,1,1
1234,2,1,3,1,0,3,2,1,1,1
1235,1,1,0,1,0,0,1,2,0,1
1236,2,2,2,1,2,1,2,3,1,2
1237,1,1,1,0,0,0,2,2,0,1
1238,1,1,2,1,2,2,3,3,1,1
1239,1,1,0,1,0,0,1,1,1,1
1240,1,1,0,0,0,1,0,2,0,0
1241,2,3,3,3,3,3,2,3,3,3
1242,2,1,2,1,1,1,2,2,1,2
1243,2,2,3,2,2,2,3,2,1,1
1244,2,3,2,1,2,3,2,3,3,1
1245,2,3,3,1,2,3,3,3,3,2
1246,2,2,3,1,1,2,3,2,3,2
1247,2,2,1,1,2,2,2,2,3,2
1248,2,1,1,1,0,1,1,3,1,1
1249,2,1,2,2,2,3,2,3,1,2
1250,1,1,1,1,0,2,1,2,1,1
1251,1,1,1,1,1,3,2,1,1,1
1252,2,2,0,3,2,3,3,3,3,1
1253,0,1,1,1,0,2,1,1,0,0
1254,1,0,0,1,0,1,2,1,0,1
1255,2,1,1,1,0,3,2,3,1,1
1256,1,1,3,2,1,2,2,3,1,1
1257,2,2,2,2,2,2,3,3,3,2
1258,2,1,3,1,2,3,3,3,3,3
1259,2,1,2,1,0,1,0,2,0,0
1260,2,1,2,1,0,1,3,2,0,2
1261,1,1,2,1,1,1,2,2,0,2
1262,1,1,0,1,2,1,2,3,1,1
1263,2,1,0,1,0,2,1,3,1,1
1264,2,2,3,2,0,2,3,2,3,2
1265,1,1,0,1,1,0,2,2,0,1
1266,2,1,2,1,0,2,2,2,1,1
1267,2,1,2,2,2,1,3,2,3,3
1268,2,1,3,1,0,0,1,3,1,2
1269,2,1,3,3,1,2,2,2,1,2
1270,2,1,0,2,0,1,2,3,1,1
1271,2,1,1,2,1,1,2,1,1,2
1272,1,1,2,0,0,1,1,1,0,1
1273,2,1,0,1,0,3,2,2,1,0
1274,2,1,1,0,0,1,2,1,0,1
1275,2,2,1,2,2,3,3,0,1,2
1276,1,1,1,2,2,1,2,3,2,2
1277,1,1,2,1,0,2,2,1,1,2
1278,1,1,0,1,0,0,1,1,0,1
1279,2,1,1,1,0,2,2,2,1,1
1280,1,1,0,1,0,1,2,2,0,1
1281,0,1,0,2,2,1,2,1,1,1
1282,2,2,2,2,0,2,2,3,1,2
1283,2,1,2,1,1,2,2,2,1,2
1284,2,1,2,1,1,3,2,1,3,2
1285,2,1,2,1,0,1,2,2,1,1
1286,2,1,0,1,0,1,1,0,0,0
1287,2,1,2,1,1,3,2,2,0,2
1288,2,2,0,2,2,1,1,2,1,2
1289,2,1,1,1,0,0,3,2,1,1
1290,1,1,1,0,0,1,2,0,0,0
1291,2,0,0,1,0,0,2,2,0,1
1292,2,1,2,1,0,0,1,3,1,2
1293,2,1,1,2,0,1,2,3,1,1
1294,2,1,0,1,0,2,1,1,0,1
1295,2,1,1,2,0,3,3,3,1,1
1296,2,1,2,1,0,1,2,3,1,2
1297,0,1,2,1,0,1,2,2,0,1
1298,2,1,0,1,0,1,3,2,2,2
1299,2,2,3,1,1,1,2,0,1,2
1300,2,1,3,3,2,2,2,2,2,2
1301,2,1,0,2,0,1,1,2,1,1
1302,2,0,1,1,0,1,2,2,1,2
1303,2,1,2,1,0,3,2,2,1,2
1304,1,1,1,2,1,3,2,2,1,2
1305,1,1,2,1,1,0,3,2,1,2
1306,2,1,3,0,1,2,2,2,1,1
1307,2,1,3,2,0,2,2,2,1,2
1308,1,1,2,1,2,1,1,1,0,2
1309,2,1,0,2,1,0,2,3,1,2
1310,2,1,2,1,0,2,1,3,0,1
1311,1,1,0,1,0,2,2,2,0,1
1312,2,2,2,2,2,1,3,3,1,2
1313,2,1,2,1,0,2,2,0,1,2
1314,2,2,2,2,2,2,2,3,3,2
1315,2,1,0,0,0,2,2,0,0,0
1316,2,1,2,1,0,1,2,2,0,1
1317,2,1,0,1,0,3,2,2,1,2
1318,2,1,3,2,1,2,2,3,0,1
1319,2,1,1,2,0,2,2,0,0,1
1320,2,1,2,3,0,2,3,2,1,1
1321,2,1,0,1,0,1,2,2,1,1
1322,1,1,1,2,0,1,2,1,0,1
1323,2,1,3,3,1,3,3,3,3,2
1324,0,1,0,1,0,2,1,2,1,1
1325,2,1,1,1,0,2,2,3,1,2
1326,0,0,0,1,0,1,1,0,0,0
1327,2,1,0,1,2,2,2,3,1,2
1328,2,0,0,1,0,1,2,2,0,1
1329,1,1,0,1,0,2,0,1,1,2
1330,2,1,3,1,0,1,2,1,1,1
1331,2,2,3,2,2,2,3,1,2,2
1332,2,1,3,3,2,2,3,3,3,2
1333,2,1,1,1,0,2,1,2,0,1
1334,2,1,3,1,1,3,2,3,1,2
1335,1,1,1,0,0,0,2,1,0,0
1336,2,3,3,2,1,2,2,3,3,2
1337,2,1,3,1,0,3,2,1,1,1
1338,1,0,1,1,0,1,2,1,0,0
1339,2,2,3,1,2,2,2,2,2,1
1340,2,3,2,2,2,3,3,3,3,2
1341,2,2,3,1,0,2,3,1,1,2
1342,2,2,2,2,1,3,3,3,1,2
1343,2,2,2,2,1,2,2,2,0,1
1344,0,0,0,0,0,1,2,1,0,0
1345,2,3,2,3,2,3,3,3,3,1
1346,2,1,0,1,1,3,2,3,1,2
1347,0,0,0,0,0,0,0,0,0,1
1348,2,1,1,1,0,1,2,0,0,0
1349,2,1,0,1,0,2,2,1,0,1
1350,2,1,3,3,2,2,3,2,2,2
1351,0,1,0,1,2,2,2,0,0,1
1352,0,1,0,1,0,2,1,2,0,1
1353,2,1,2,1,0,3,2,3,1,1
1354,3,2,2,2,2,0,3,3,3,2
1355,1,1,3,1,0,2,2,1,0,1
1356,1,1,1,2,1,3,2,0,0,1
1357,2,1,2,2,1,1,2,2,1,1
1358,2,2,3,1,2,3,2,2,3,2
1359,2,1,0,1,0,1,2,0,0,2
1360,2,1,2,1,1,2,2,3,0,1
1361,2,1,0,2,2,3,3,2,1,2
1362,0,0,1,0,0,0,1,1,0,0
1363,1,1,0,1,0,2,2,0,0,1
1364,2,1,1,2,2,2,3,0,0,2
1365,2,1,1,1,0,1,2,1,1,1
1366,2,2,2,2,1,1,3,3,1,2
1367,2,1,2,2,2,2,2,3,1,2
1368,1,1,1,0,0,0,2,0,0,0
1369,2,1,2,2,2,3,2,1,2,2
1370,2,3,2,2,1,2,2,3,3,2
1371,1,0,2,1,0,2,2,1,0,1
1372,2,1,2,2,1,3,2,1,1,2
1373,2,1,2,1,0,2,2,1,1,0
1374,2,1,3,3,2,3,2,3,3,2
1375,2,1,1,1,0,1,2,2,0,1
1376,2,2,3,2,2,3,2,2,3,2
1377,2,1,2,1,0,2,2,2,1,1
1378,1,1,1,1,0,1,2,1,0,0
1379,2,1,0,0,0,2,2,1,1,1
1380,1,1,2,1,0,1,1,2,0,1
1381,1,1,1,0,0,2,2,1,0,1
1382,2,1,2,1,2,2,2,1,1,0
1383,2,2,2,3,2,2,3,3,3,2
1384,2,1,0,0,0,2,2,1,0,2
1385,0,1,2,0,0,1,1,2,0,0
1386,1,2,2,2,2,2,3,3,1,2
1387,0,1,0,1,1,0,0,1,1,2
1388,2,3,2,2,2,3,1,3,1,2
1389,2,2,3,2,2,2,2,3,1,2
1390,0,1,2,0,0,0,1,1,1,0
1391,1,1,0,1,0,1,1,1,0,1
1392,2,2,2,2,2,2,2,3,2,2
1393,2,1,1,2,0,1,2,2,1,1
1394,0,1,0,0,0,2,1,2,1,1
1395,2,1,0,1,1,2,2,3,0,1
1396,2,1,0,2,0,1,2,1,0,1
1397,0,0,1,0,0,1,1,1,0,0
1398,2,1,3,1,0,2,2,1,0,2
1399,2,1,2,1,0,1,1,2,1,1
1400,2,2,3,2,2,2,3,3,3,2
1401,1,1,3,1,0,1,1,2,1,1
1402,1,1,0,1,1,0,2,0,0,1
1403,2,2,3,3,2,1,1,2,3,2
1404,2,1,1,2,0,3,1,2,1,1
1405,2,1,1,0,2,2,3,2,1,2
1406,2,2,2,2,1,1,2,2,1,3
1407,1,1,3,0,0,3,2,3,1,1
1408,2,1,0,1,2,0,1,3,1,1
1409,0,1,1,2,0,2,2,0,0,2
1410,2,1,2,1,2,2,2,1,0,1
1411,2,3,2,3,2,3,3,3,1,2
1412,2,1,0,1,0,1,2,2,1,0
1413,2,1,1,1,2,3,2,1,1,2
1414,2,1,1,1,0,0,2,1,1,2
1415,1,1,0,1,0,0,1,0,0,0
1416,2,1,2,1,1,1,2,3,1,1
1417,0,1,0,1,0,0,0,1,0,0
1418,2,2,2,1,2,2,3,3,1,2
1419,1,2,2,1,0,2,1,2,0,1
1420,2,1,2,2,0,1,2,2,0,3
1421,2,2,3,1,2,2,3,2,1,2
1422,2,1,2,1,2,1,2,3,1,2
1423,2,1,1,1,0,1,2,2,0,1
1424,0,1,1,1,1,3,2,0,0,1
1425,2,1,2,2,0,1,2,2,1,1
1426,1,1,1,2,0,1,3,3,0,0
1427,2,1,2,1,0,1,2,0,0,1
1428,0,1,2,1,0,0,1,0,1,1
1429,2,2,2,2,2,2,2,3,3,2
1430,2,1,0,1,0,2,1,2,2,1
1431,2,2,3,3,2,3,3,3,3,2
1432,1,1,2,2,2,2,3,3,1,1
1433,2,3,3,2,2,3,3,2,1,2
1434,2,1,0,1,2,1,2,0,0,1
1435,2,2,0,1,0,3,2,3,1,2
1436,2,1,1,1,0,2,2,2,1,1
1437,2,2,2,1,1,1,2,3,1,2
1438,2,1,2,0,0,2,2,1,0,2
1439,2,1,3,2,2,3,1,3,1,2
1440,2,1,2,2,1,2,2,2,2,1
1441,2,1,2,0,0,3,2,2,1,2
1442,2,2,1,2,1,1,2,1,1,1
1443,2,1,0,1,0,1,2,2,1,1
1444,1,1,0,1,0,2,2,2,1,2
1445,0,1,1,1,0,1,1,0,0,0
1446,0,0,0,1,0,0,2,1,0,0
1447,2,1,2,1,2,2,1,3,1,2
1448,0,1,0,1,2,0,1,2,1,2
1449,2,3,3,2,2,2,2,2,1,2
1450,2,2,3,2,1,2,3,2,1,2
1451,0,1,0,0,0,1,1,0,0,0
1452,1,1,1,0,0,0,1,1,1,1
1453,1,1,1,0,0,2,1,0,0,1
1454,2,1,2,2,2,3,2,3,3,1
1455,0,0,0,0,0,0,0,0,0,0
1456,2,1,1,1,2,1,2,1,1,1
1457,2,1,1,2,2,3,2,3,1,2
1458,1,1,1,0,2,2,2,2,0,1
1459,2,1,1,1,0,0,2,2,0,1
1460,2,1,0,1,0,1,2,2,0,1
1461,2,1,2,1,1,1,2,1,1,2
1462,1,1,1,1,0,2,2,1,0,1
1463,2,1,1,1,0,2,2,2,1,2
1464,2,1,0,1,0,1,2,1,1,1
1465,2,2,0,2,2,3,3,3,3,2
1466,2,1,0,0,0,1,1,1,0,1
1467,1,1,0,1,1,2,2,0,1,0
1468,2,3,3,2,2,3,3,3,3,2
1469,2,2,1,3,1,3,3,2,3,2
1470,2,1,0,0,0,1,0,2,0,0
1471,2,1,0,1,0,1,1,0,1,2
1472,2,1,2,2,2,1,3,3,3,2
1473,1,1,1,0,0,2,2,1,0,1
1474,2,2,0,2,0,1,3,3,1,2
1475,2,1,2,2,0,1,3,2,1,2
1476,2,2,2,1,1,2,2,1,1,2
1477,2,1,2,1,0,3,1,2,0,2
1478,2,2,2,2,3,2,1,2,3,2
1479,2,2,2,1,0,1,2,2,1,2
1480,2,3,3,3,2,3,2,3,3,2
1481,2,1,2,2,1,0,2,1,1,1
1482,2,1,2,1,1,1,1,0,1,1
1483,2,3,2,3,2,2,3,2,1,2
1484,1,1,3,1,0,0,2,2,0,2
1485,2,1,3,1,1,1,2,0,0,1
1486,2,1,1,1,0,3,2,1,1,1
1487,2,1,0,1,2,3,2,1,1,2
1488,2,1,1,2,0,0,2,2,0,1
1489,1,1,1,1,2,1,2,2,1,1
1490,2,1,3,3,2,1,3,3,1,1
1491,1,1,1,1,0,0,2,0,1,1
1492,0,1,1,1,0,1,3,3,0,1
1493,2,2,2,2,2,2,2,3,3,2
1494,2,1,3,1,1,1,2,3,3,2
1495,1,1,1,1,0,2,2,1,0,1
1496,1,2,2,2,1,2,2,2,1,2
1497,1,1,0,1,0,2,1,2,1,1
1498,1,1,1,2,0,2,2,1,0,1
1499,2,1,3,1,1,1,2,3,1,1
1500,2,1,1,1,2,1,2,3,1,2
